{
	"credit": "Made with Blockbench",
	"parent": "block/block",
	"textures": {
		"0": "block/chain",
		"particle": "block/chain"
	},
	"elements": [
		{
			"from": [7.80321, 1.49123, 6.96032],
			"to": [8.30321, 3.89123, 7.46032],
			"rotation": {"angle": 0, "axis": "y", "origin": [4.53176, 2.34561, 10.67145]},
			"faces": {
				"north": {"uv": [3.32031, 3.76563, 3.82031, 6.16563], "texture": "#0"},
				"east": {"uv": [3.32031, 3.76563, 3.82031, 6.16563], "texture": "#0"},
				"south": {"uv": [3.32031, 3.76563, 3.82031, 6.16563], "texture": "#0"},
				"west": {"uv": [3.32031, 3.76563, 3.82031, 6.16563], "texture": "#0"},
				"up": {"uv": [3.32031, 3.76563, 3.82031, 4.26563], "rotation": 90, "texture": "#0"},
				"down": {"uv": [3.32031, 3.76563, 3.82031, 4.26563], "rotation": 270, "texture": "#0"}
			}
		},
		{
			"from": [7.80321, 1.49123, 8.51905],
			"to": [8.30321, 3.89123, 9.01905],
			"rotation": {"angle": 0, "axis": "y", "origin": [4.53176, 2.34561, 10.67145]},
			"faces": {
				"north": {"uv": [3.32031, 3.76563, 3.82031, 6.16563], "texture": "#0"},
				"east": {"uv": [3.32031, 3.76563, 3.82031, 6.16563], "texture": "#0"},
				"south": {"uv": [3.32031, 3.76563, 3.82031, 6.16563], "texture": "#0"},
				"west": {"uv": [3.32031, 3.76563, 3.82031, 6.16563], "texture": "#0"},
				"up": {"uv": [3.32031, 3.76563, 3.82031, 4.26563], "rotation": 90, "texture": "#0"},
				"down": {"uv": [3.32031, 3.76563, 3.82031, 4.26563], "rotation": 270, "texture": "#0"}
			}
		},
		{
			"from": [7.80321, 1.04752, 8.49703],
			"to": [8.30321, 1.54752, 8.89703],
			"rotation": {"angle": -22.5, "axis": "x", "origin": [8.05321, 0.29752, 8.69703]},
			"faces": {
				"north": {"uv": [3.32031, 3.76563, 3.82031, 4.26563], "rotation": 270, "texture": "#0"},
				"east": {"uv": [3.32031, 3.76563, 3.82031, 4.16563], "rotation": 90, "texture": "#0"},
				"south": {"uv": [3.32031, 3.76563, 3.82031, 4.26563], "rotation": 270, "texture": "#0"},
				"west": {"uv": [3.32031, 3.76563, 3.82031, 4.16563], "rotation": 270, "texture": "#0"},
				"up": {"uv": [3.32031, 3.76563, 3.82031, 4.16563], "texture": "#0"},
				"down": {"uv": [3.32031, 3.76563, 3.82031, 4.16563], "rotation": 180, "texture": "#0"}
			}
		},
		{
			"from": [7.80321, 3.96857, 7.75413],
			"to": [8.30321, 4.46857, 8.22413],
			"rotation": {"angle": 0, "axis": "y", "origin": [8.05321, 4.21857, 7.98913]},
			"faces": {
				"north": {"uv": [3.32031, 3.76563, 3.82031, 4.26563], "rotation": 90, "texture": "#0"},
				"east": {"uv": [3.32031, 3.76563, 3.82031, 4.23563], "rotation": 270, "texture": "#0"},
				"south": {"uv": [3.32031, 3.76563, 3.82031, 4.26563], "rotation": 90, "texture": "#0"},
				"west": {"uv": [3.32031, 3.76563, 3.82031, 4.23563], "rotation": 90, "texture": "#0"},
				"up": {"uv": [3.32031, 3.76563, 3.82031, 4.23563], "rotation": 180, "texture": "#0"},
				"down": {"uv": [3.32031, 3.76563, 3.82031, 4.23563], "texture": "#0"}
			}
		},
		{
			"from": [7.80321, 3.91106, 8.11434],
			"to": [8.30321, 4.41106, 8.51434],
			"rotation": {"angle": 22.5, "axis": "x", "origin": [8.05321, 4.16106, 8.31434]},
			"faces": {
				"north": {"uv": [3.32031, 3.76563, 3.82031, 4.26563], "rotation": 90, "texture": "#0"},
				"east": {"uv": [3.32031, 3.76563, 3.82031, 4.16563], "rotation": 90, "texture": "#0"},
				"south": {"uv": [3.32031, 3.76563, 3.82031, 4.26563], "rotation": 90, "texture": "#0"},
				"west": {"uv": [3.32031, 3.76563, 3.82031, 4.16563], "rotation": 270, "texture": "#0"},
				"up": {"uv": [3.32031, 3.76563, 3.82031, 4.16563], "texture": "#0"},
				"down": {"uv": [3.32031, 3.76563, 3.82031, 4.16563], "rotation": 180, "texture": "#0"}
			}
		},
		{
			"from": [7.80321, 3.62658, 8.38014],
			"to": [8.30321, 4.22658, 8.88014],
			"rotation": {"angle": -45, "axis": "x", "origin": [8.05321, 3.92658, 8.63014]},
			"faces": {
				"north": {"uv": [3.32031, 3.76563, 3.82031, 4.36562], "rotation": 180, "texture": "#0"},
				"east": {"uv": [3.32031, 3.76563, 3.82031, 4.36562], "rotation": 180, "texture": "#0"},
				"south": {"uv": [3.32031, 3.76563, 3.82031, 4.36562], "rotation": 180, "texture": "#0"},
				"west": {"uv": [3.32031, 3.76563, 3.82031, 4.36562], "rotation": 180, "texture": "#0"},
				"up": {"uv": [3.32031, 3.76563, 3.82031, 4.26563], "texture": "#0"},
				"down": {"uv": [3.32031, 3.76563, 3.82031, 4.26563], "texture": "#0"}
			}
		},
		{
			"from": [7.80321, 3.67658, 7.04922],
			"to": [8.30321, 4.17658, 7.64922],
			"rotation": {"angle": -45, "axis": "x", "origin": [8.05321, 3.92658, 7.34922]},
			"faces": {
				"north": {"uv": [3.32031, 3.76563, 3.82031, 4.26562], "rotation": 180, "texture": "#0"},
				"east": {"uv": [3.32031, 3.76563, 3.82031, 4.36563], "rotation": 270, "texture": "#0"},
				"south": {"uv": [3.32031, 3.76563, 3.82031, 4.26562], "texture": "#0"},
				"west": {"uv": [3.32031, 3.76563, 3.82031, 4.36563], "rotation": 90, "texture": "#0"},
				"up": {"uv": [3.32031, 3.76563, 3.82031, 4.36563], "rotation": 180, "texture": "#0"},
				"down": {"uv": [3.32031, 3.76563, 3.82031, 4.36563], "texture": "#0"}
			}
		},
		{
			"from": [7.80321, 1.15587, 8.38014],
			"to": [8.30321, 1.75587, 8.88014],
			"rotation": {"angle": 45, "axis": "x", "origin": [8.05321, 1.45587, 8.63014]},
			"faces": {
				"north": {"uv": [3.32031, 3.76563, 3.82031, 4.36562], "rotation": 180, "texture": "#0"},
				"east": {"uv": [3.32031, 3.76563, 3.82031, 4.36562], "rotation": 180, "texture": "#0"},
				"south": {"uv": [3.32031, 3.76563, 3.82031, 4.36562], "rotation": 180, "texture": "#0"},
				"west": {"uv": [3.32031, 3.76563, 3.82031, 4.36562], "rotation": 180, "texture": "#0"},
				"up": {"uv": [3.32031, 3.76563, 3.82031, 4.26563], "texture": "#0"},
				"down": {"uv": [3.32031, 3.76563, 3.82031, 4.26563], "texture": "#0"}
			}
		},
		{
			"from": [7.80321, 1.20587, 7.04922],
			"to": [8.30321, 1.70587, 7.64922],
			"rotation": {"angle": 45, "axis": "x", "origin": [8.05321, 1.45587, 7.34922]},
			"faces": {
				"north": {"uv": [3.32031, 3.76563, 3.82031, 4.26563], "rotation": 180, "texture": "#0"},
				"east": {"uv": [3.32031, 3.76563, 3.82031, 4.36563], "rotation": 270, "texture": "#0"},
				"south": {"uv": [3.32031, 3.76563, 3.82031, 4.26563], "texture": "#0"},
				"west": {"uv": [3.32031, 3.76563, 3.82031, 4.36563], "rotation": 90, "texture": "#0"},
				"up": {"uv": [3.32031, 3.76563, 3.82031, 4.36563], "rotation": 180, "texture": "#0"},
				"down": {"uv": [3.32031, 3.76563, 3.82031, 4.36563], "texture": "#0"}
			}
		},
		{
			"from": [7.80321, 3.91106, 7.46503],
			"to": [8.30321, 4.41106, 7.86503],
			"rotation": {"angle": -22.5, "axis": "x", "origin": [8.05321, 4.16106, 7.66503]},
			"faces": {
				"north": {"uv": [3.32031, 3.76563, 3.82031, 4.26563], "rotation": 270, "texture": "#0"},
				"east": {"uv": [3.32031, 3.76563, 3.82031, 4.16563], "rotation": 90, "texture": "#0"},
				"south": {"uv": [3.32031, 3.76563, 3.82031, 4.26563], "rotation": 270, "texture": "#0"},
				"west": {"uv": [3.32031, 3.76563, 3.82031, 4.16563], "rotation": 270, "texture": "#0"},
				"up": {"uv": [3.32031, 3.76563, 3.82031, 4.16563], "texture": "#0"},
				"down": {"uv": [3.32031, 3.76563, 3.82031, 4.16563], "rotation": 180, "texture": "#0"}
			}
		},
		{
			"from": [7.80321, 0.9714, 7.46503],
			"to": [8.30321, 1.4714, 7.86503],
			"rotation": {"angle": 22.5, "axis": "x", "origin": [8.05321, 1.2214, 7.66503]},
			"faces": {
				"north": {"uv": [3.32031, 3.76563, 3.82031, 4.26563], "rotation": 90, "texture": "#0"},
				"east": {"uv": [3.32031, 3.76563, 3.82031, 4.16562], "rotation": 90, "texture": "#0"},
				"south": {"uv": [3.32031, 3.76563, 3.82031, 4.26563], "rotation": 90, "texture": "#0"},
				"west": {"uv": [3.32031, 3.76563, 3.82031, 4.16562], "rotation": 270, "texture": "#0"},
				"up": {"uv": [3.32031, 3.76563, 3.82031, 4.16562], "texture": "#0"},
				"down": {"uv": [3.32031, 3.76563, 3.82031, 4.16562], "rotation": 180, "texture": "#0"}
			}
		},
		{
			"from": [7.80321, 0.91389, 7.75413],
			"to": [8.30321, 1.41389, 8.22413],
			"rotation": {"angle": 0, "axis": "y", "origin": [8.05321, 1.16389, 7.98913]},
			"faces": {
				"north": {"uv": [3.32031, 3.76563, 3.82031, 4.26563], "rotation": 90, "texture": "#0"},
				"east": {"uv": [3.32031, 3.76563, 3.82031, 4.23563], "rotation": 270, "texture": "#0"},
				"south": {"uv": [3.32031, 3.76563, 3.82031, 4.26563], "rotation": 90, "texture": "#0"},
				"west": {"uv": [3.32031, 3.76563, 3.82031, 4.23563], "rotation": 90, "texture": "#0"},
				"up": {"uv": [3.32031, 3.76563, 3.82031, 4.23563], "rotation": 180, "texture": "#0"},
				"down": {"uv": [3.32031, 3.76563, 3.82031, 4.23563], "texture": "#0"}
			}
		},
		{
			"from": [7.02063, 3.99123, 7.7],
			"to": [7.52063, 5.39123, 8.2],
			"rotation": {"angle": 0, "axis": "y", "origin": [7.02063, 4.19123, 7.7]},
			"faces": {
				"north": {"uv": [3.32031, 3.76563, 3.82031, 5.16562], "texture": "#0"},
				"east": {"uv": [3.32031, 3.76563, 3.82031, 5.16562], "texture": "#0"},
				"south": {"uv": [3.32031, 3.76563, 3.82031, 5.16562], "texture": "#0"},
				"west": {"uv": [3.32031, 3.76563, 3.82031, 5.16562], "texture": "#0"},
				"up": {"uv": [3.32031, 3.76563, 3.82031, 4.26563], "texture": "#0"},
				"down": {"uv": [3.32031, 3.76563, 3.82031, 4.26563], "texture": "#0"}
			}
		},
		{
			"from": [8.57937, 3.99123, 7.7],
			"to": [9.07937, 5.39123, 8.2],
			"rotation": {"angle": 0, "axis": "y", "origin": [6.77937, 4.19123, 7.7]},
			"faces": {
				"north": {"uv": [3.32031, 3.76563, 3.82031, 5.16562], "texture": "#0"},
				"east": {"uv": [3.32031, 3.76563, 3.82031, 5.16562], "texture": "#0"},
				"south": {"uv": [3.32031, 3.76563, 3.82031, 5.16562], "texture": "#0"},
				"west": {"uv": [3.32031, 3.76563, 3.82031, 5.16562], "texture": "#0"},
				"up": {"uv": [3.32031, 3.76563, 3.82031, 4.26563], "texture": "#0"},
				"down": {"uv": [3.32031, 3.76563, 3.82031, 4.26563], "texture": "#0"}
			}
		},
		{
			"from": [7.12418, 3.64123, 7.7],
			"to": [7.62418, 4.24123, 8.2],
			"rotation": {"angle": 45, "axis": "z", "origin": [7.37418, 3.99123, 7.95]},
			"faces": {
				"north": {"uv": [3.32031, 3.76563, 3.82031, 4.36562], "texture": "#0"},
				"east": {"uv": [3.32031, 3.76563, 3.82031, 4.36562], "texture": "#0"},
				"south": {"uv": [3.32031, 3.76563, 3.82031, 4.36562], "texture": "#0"},
				"west": {"uv": [3.32031, 3.76563, 3.82031, 4.36562], "texture": "#0"},
				"up": {"uv": [3.32031, 3.76563, 3.82031, 4.26563], "texture": "#0"},
				"down": {"uv": [3.32031, 3.76563, 3.82031, 4.26563], "texture": "#0"}
			}
		},
		{
			"from": [7.52915, 3.49053, 7.7],
			"to": [7.92915, 3.99053, 8.2],
			"rotation": {"angle": -22.5, "axis": "z", "origin": [7.67915, 3.74053, 7.95]},
			"faces": {
				"north": {"uv": [3.32031, 3.76563, 3.82031, 4.16563], "rotation": 90, "texture": "#0"},
				"east": {"uv": [3.32031, 3.76563, 3.82031, 4.26563], "rotation": 270, "texture": "#0"},
				"south": {"uv": [3.32031, 3.76563, 3.82031, 4.16563], "rotation": 270, "texture": "#0"},
				"west": {"uv": [3.32031, 3.76563, 3.82031, 4.26563], "rotation": 270, "texture": "#0"},
				"up": {"uv": [3.32031, 3.76563, 3.82031, 4.16563], "rotation": 270, "texture": "#0"},
				"down": {"uv": [3.32031, 3.76563, 3.82031, 4.16563], "rotation": 270, "texture": "#0"}
			}
		},
		{
			"from": [7.81445, 3.41389, 7.7],
			"to": [8.28445, 3.91389, 8.2],
			"rotation": {"angle": 0, "axis": "z", "origin": [8.01445, 3.66389, 7.95]},
			"faces": {
				"north": {"uv": [3.32031, 3.76563, 3.82031, 4.23563], "rotation": 270, "texture": "#0"},
				"east": {"uv": [3.32031, 3.76563, 3.82031, 4.26563], "rotation": 90, "texture": "#0"},
				"south": {"uv": [3.32031, 3.76563, 3.82031, 4.23563], "rotation": 90, "texture": "#0"},
				"west": {"uv": [3.32031, 3.76563, 3.82031, 4.26563], "rotation": 90, "texture": "#0"},
				"up": {"uv": [3.32031, 3.76563, 3.82031, 4.23563], "rotation": 90, "texture": "#0"},
				"down": {"uv": [3.32031, 3.76563, 3.82031, 4.23563], "rotation": 90, "texture": "#0"}
			}
		},
		{
			"from": [8.17085, 3.49053, 7.7],
			"to": [8.57085, 3.99053, 8.2],
			"rotation": {"angle": 22.5, "axis": "z", "origin": [8.42085, 3.74053, 7.95]},
			"faces": {
				"north": {"uv": [3.32031, 3.76563, 3.82031, 4.16563], "rotation": 270, "texture": "#0"},
				"east": {"uv": [3.32031, 3.76563, 3.82031, 4.26563], "rotation": 90, "texture": "#0"},
				"south": {"uv": [3.32031, 3.76563, 3.82031, 4.16563], "rotation": 90, "texture": "#0"},
				"west": {"uv": [3.32031, 3.76563, 3.82031, 4.26563], "rotation": 90, "texture": "#0"},
				"up": {"uv": [3.32031, 3.76563, 3.82031, 4.16563], "rotation": 90, "texture": "#0"},
				"down": {"uv": [3.32031, 3.76563, 3.82031, 4.16563], "rotation": 90, "texture": "#0"}
			}
		},
		{
			"from": [8.47582, 3.64123, 7.7],
			"to": [8.97582, 4.24123, 8.2],
			"rotation": {"angle": -45, "axis": "z", "origin": [8.72582, 3.99123, 7.95]},
			"faces": {
				"north": {"uv": [3.32031, 3.76563, 3.82031, 4.36562], "texture": "#0"},
				"east": {"uv": [3.32031, 3.76563, 3.82031, 4.36562], "texture": "#0"},
				"south": {"uv": [3.32031, 3.76563, 3.82031, 4.36562], "texture": "#0"},
				"west": {"uv": [3.32031, 3.76563, 3.82031, 4.36562], "texture": "#0"},
				"up": {"uv": [3.32031, 3.76563, 3.82031, 4.26563], "texture": "#0"},
				"down": {"uv": [3.32031, 3.76563, 3.82031, 4.26563], "texture": "#0"}
			}
		},
		{
			"from": [7.02063, -0.00877, 7.7],
			"to": [7.52063, 1.39123, 8.2],
			"rotation": {"angle": 0, "axis": "y", "origin": [7.02063, 0.19123, 7.7]},
			"faces": {
				"north": {"uv": [3.32031, 3.76563, 3.82031, 5.16563], "texture": "#0"},
				"east": {"uv": [3.32031, 3.76563, 3.82031, 5.16563], "texture": "#0"},
				"south": {"uv": [3.32031, 3.76563, 3.82031, 5.16563], "texture": "#0"},
				"west": {"uv": [3.32031, 3.76563, 3.82031, 5.16563], "texture": "#0"},
				"up": {"uv": [3.32031, 3.76563, 3.82031, 4.26563], "texture": "#0"},
				"down": {"uv": [3.32031, 3.76563, 3.82031, 4.26563], "texture": "#0"}
			}
		},
		{
			"from": [8.57937, -0.00877, 7.7],
			"to": [9.07937, 1.39123, 8.2],
			"rotation": {"angle": 0, "axis": "y", "origin": [6.77937, 0.19123, 7.7]},
			"faces": {
				"north": {"uv": [3.32031, 3.76563, 3.82031, 5.16563], "texture": "#0"},
				"east": {"uv": [3.32031, 3.76563, 3.82031, 5.16563], "texture": "#0"},
				"south": {"uv": [3.32031, 3.76563, 3.82031, 5.16563], "texture": "#0"},
				"west": {"uv": [3.32031, 3.76563, 3.82031, 5.16563], "texture": "#0"},
				"up": {"uv": [3.32031, 3.76563, 3.82031, 4.26563], "texture": "#0"},
				"down": {"uv": [3.32031, 3.76563, 3.82031, 4.26563], "texture": "#0"}
			}
		},
		{
			"from": [8.4051, 1.11194, 7.7],
			"to": [8.9051, 1.71194, 8.2],
			"rotation": {"angle": 45, "axis": "z", "origin": [8.6551, 1.46194, 7.95]},
			"faces": {
				"north": {"uv": [3.32031, 3.76563, 3.82031, 4.36562], "texture": "#0"},
				"east": {"uv": [3.32031, 3.76563, 3.82031, 4.36562], "texture": "#0"},
				"south": {"uv": [3.32031, 3.76563, 3.82031, 4.36562], "texture": "#0"},
				"west": {"uv": [3.32031, 3.76563, 3.82031, 4.36562], "texture": "#0"},
				"up": {"uv": [3.32031, 3.76563, 3.82031, 4.26563], "texture": "#0"},
				"down": {"uv": [3.32031, 3.76563, 3.82031, 4.26563], "texture": "#0"}
			}
		},
		{
			"from": [8.17846, 1.43019, 7.7],
			"to": [8.57846, 1.93019, 8.2],
			"rotation": {"angle": -22.5, "axis": "z", "origin": [8.32846, 1.68019, 7.95]},
			"faces": {
				"north": {"uv": [3.32031, 3.76563, 3.82031, 4.16563], "rotation": 90, "texture": "#0"},
				"east": {"uv": [3.32031, 3.76563, 3.82031, 4.26563], "rotation": 270, "texture": "#0"},
				"south": {"uv": [3.32031, 3.76563, 3.82031, 4.16563], "rotation": 270, "texture": "#0"},
				"west": {"uv": [3.32031, 3.76563, 3.82031, 4.26563], "rotation": 270, "texture": "#0"},
				"up": {"uv": [3.32031, 3.76563, 3.82031, 4.16563], "rotation": 270, "texture": "#0"},
				"down": {"uv": [3.32031, 3.76563, 3.82031, 4.16563], "rotation": 270, "texture": "#0"}
			}
		},
		{
			"from": [7.1949, 1.11194, 7.7],
			"to": [7.6949, 1.71194, 8.2],
			"rotation": {"angle": -45, "axis": "z", "origin": [7.4449, 1.46194, 7.95]},
			"faces": {
				"north": {"uv": [3.32031, 3.76563, 3.82031, 4.36562], "texture": "#0"},
				"east": {"uv": [3.32031, 3.76563, 3.82031, 4.36562], "texture": "#0"},
				"south": {"uv": [3.32031, 3.76563, 3.82031, 4.36562], "texture": "#0"},
				"west": {"uv": [3.32031, 3.76563, 3.82031, 4.36562], "texture": "#0"},
				"up": {"uv": [3.32031, 3.76563, 3.82031, 4.26563], "texture": "#0"},
				"down": {"uv": [3.32031, 3.76563, 3.82031, 4.26563], "texture": "#0"}
			}
		},
		{
			"from": [7.52154, 1.43019, 7.7],
			"to": [7.92154, 1.93019, 8.2],
			"rotation": {"angle": 22.5, "axis": "z", "origin": [7.77154, 1.68019, 7.95]},
			"faces": {
				"north": {"uv": [3.32031, 3.76563, 3.82031, 4.16562], "rotation": 270, "texture": "#0"},
				"east": {"uv": [3.32031, 3.76563, 3.82031, 4.26563], "rotation": 90, "texture": "#0"},
				"south": {"uv": [3.32031, 3.76563, 3.82031, 4.16562], "rotation": 90, "texture": "#0"},
				"west": {"uv": [3.32031, 3.76563, 3.82031, 4.26563], "rotation": 90, "texture": "#0"},
				"up": {"uv": [3.32031, 3.76563, 3.82031, 4.16562], "rotation": 90, "texture": "#0"},
				"down": {"uv": [3.32031, 3.76563, 3.82031, 4.16562], "rotation": 90, "texture": "#0"}
			}
		},
		{
			"from": [7.81445, 1.46857, 7.7],
			"to": [8.28445, 1.96857, 8.2],
			"rotation": {"angle": 0, "axis": "z", "origin": [8.01445, 1.71857, 7.95]},
			"faces": {
				"north": {"uv": [3.32031, 3.76563, 3.82031, 4.23563], "rotation": 270, "texture": "#0"},
				"east": {"uv": [3.32031, 3.76563, 3.82031, 4.26563], "rotation": 90, "texture": "#0"},
				"south": {"uv": [3.32031, 3.76563, 3.82031, 4.23563], "rotation": 90, "texture": "#0"},
				"west": {"uv": [3.32031, 3.76563, 3.82031, 4.26563], "rotation": 90, "texture": "#0"},
				"up": {"uv": [3.32031, 3.76563, 3.82031, 4.23563], "rotation": 90, "texture": "#0"},
				"down": {"uv": [3.32031, 3.76563, 3.82031, 4.23563], "rotation": 90, "texture": "#0"}
			}
		},
		{
			"from": [8.4051, 5.11194, 7.7],
			"to": [8.9051, 5.71194, 8.2],
			"rotation": {"angle": 45, "axis": "z", "origin": [8.6551, 5.46194, 7.95]},
			"faces": {
				"north": {"uv": [3.32031, 3.76563, 3.82031, 4.36562], "texture": "#0"},
				"east": {"uv": [3.32031, 3.76563, 3.82031, 4.36562], "texture": "#0"},
				"south": {"uv": [3.32031, 3.76563, 3.82031, 4.36562], "texture": "#0"},
				"west": {"uv": [3.32031, 3.76563, 3.82031, 4.36562], "texture": "#0"},
				"up": {"uv": [3.32031, 3.76563, 3.82031, 4.26563], "texture": "#0"},
				"down": {"uv": [3.32031, 3.76563, 3.82031, 4.26563], "texture": "#0"}
			}
		},
		{
			"from": [8.17846, 5.43019, 7.7],
			"to": [8.57846, 5.93019, 8.2],
			"rotation": {"angle": -22.5, "axis": "z", "origin": [8.32846, 5.68019, 7.95]},
			"faces": {
				"north": {"uv": [3.32031, 3.76563, 3.82031, 4.16563], "rotation": 90, "texture": "#0"},
				"east": {"uv": [3.32031, 3.76563, 3.82031, 4.26563], "rotation": 270, "texture": "#0"},
				"south": {"uv": [3.32031, 3.76563, 3.82031, 4.16563], "rotation": 270, "texture": "#0"},
				"west": {"uv": [3.32031, 3.76563, 3.82031, 4.26563], "rotation": 270, "texture": "#0"},
				"up": {"uv": [3.32031, 3.76563, 3.82031, 4.16563], "rotation": 270, "texture": "#0"},
				"down": {"uv": [3.32031, 3.76563, 3.82031, 4.16563], "rotation": 270, "texture": "#0"}
			}
		},
		{
			"from": [7.81445, 5.46857, 7.7],
			"to": [8.28445, 5.96857, 8.2],
			"rotation": {"angle": 0, "axis": "z", "origin": [8.01445, 5.71857, 7.95]},
			"faces": {
				"north": {"uv": [3.32031, 3.76563, 3.82031, 4.23563], "rotation": 270, "texture": "#0"},
				"east": {"uv": [3.32031, 3.76563, 3.82031, 4.26563], "rotation": 90, "texture": "#0"},
				"south": {"uv": [3.32031, 3.76563, 3.82031, 4.23563], "rotation": 90, "texture": "#0"},
				"west": {"uv": [3.32031, 3.76563, 3.82031, 4.26563], "rotation": 90, "texture": "#0"},
				"up": {"uv": [3.32031, 3.76563, 3.82031, 4.23563], "rotation": 90, "texture": "#0"},
				"down": {"uv": [3.32031, 3.76563, 3.82031, 4.23563], "rotation": 90, "texture": "#0"}
			}
		},
		{
			"from": [7.52154, 5.43019, 7.7],
			"to": [7.92154, 5.93019, 8.2],
			"rotation": {"angle": 22.5, "axis": "z", "origin": [7.77154, 5.68019, 7.95]},
			"faces": {
				"north": {"uv": [3.32031, 3.76563, 3.82031, 4.16562], "rotation": 270, "texture": "#0"},
				"east": {"uv": [3.32031, 3.76563, 3.82031, 4.26563], "rotation": 90, "texture": "#0"},
				"south": {"uv": [3.32031, 3.76563, 3.82031, 4.16562], "rotation": 90, "texture": "#0"},
				"west": {"uv": [3.32031, 3.76563, 3.82031, 4.26563], "rotation": 90, "texture": "#0"},
				"up": {"uv": [3.32031, 3.76563, 3.82031, 4.16562], "rotation": 90, "texture": "#0"},
				"down": {"uv": [3.32031, 3.76563, 3.82031, 4.16562], "rotation": 90, "texture": "#0"}
			}
		},
		{
			"from": [7.1949, 5.11194, 7.7],
			"to": [7.6949, 5.71194, 8.2],
			"rotation": {"angle": -45, "axis": "z", "origin": [7.4449, 5.46194, 7.95]},
			"faces": {
				"north": {"uv": [3.32031, 3.76563, 3.82031, 4.36562], "texture": "#0"},
				"east": {"uv": [3.32031, 3.76563, 3.82031, 4.36562], "texture": "#0"},
				"south": {"uv": [3.32031, 3.76563, 3.82031, 4.36562], "texture": "#0"},
				"west": {"uv": [3.32031, 3.76563, 3.82031, 4.36562], "texture": "#0"},
				"up": {"uv": [3.32031, 3.76563, 3.82031, 4.26563], "texture": "#0"},
				"down": {"uv": [3.32031, 3.76563, 3.82031, 4.26563], "texture": "#0"}
			}
		},
		{
			"from": [7.80321, 5.49123, 6.96032],
			"to": [8.30321, 6.89123, 7.46032],
			"rotation": {"angle": 0, "axis": "y", "origin": [4.53176, 6.34561, 10.67145]},
			"faces": {
				"north": {"uv": [3.32031, 3.76563, 3.82031, 5.16563], "texture": "#0"},
				"east": {"uv": [3.32031, 3.76563, 3.82031, 5.16563], "texture": "#0"},
				"south": {"uv": [3.32031, 3.76563, 3.82031, 5.16563], "texture": "#0"},
				"west": {"uv": [3.32031, 3.76563, 3.82031, 5.16563], "texture": "#0"},
				"up": {"uv": [3.32031, 3.76563, 3.82031, 4.26563], "rotation": 90, "texture": "#0"},
				"down": {"uv": [3.32031, 3.76563, 3.82031, 4.26563], "rotation": 270, "texture": "#0"}
			}
		},
		{
			"from": [7.80321, 5.49123, 8.51905],
			"to": [8.30321, 6.89123, 9.01905],
			"rotation": {"angle": 0, "axis": "y", "origin": [4.53176, 6.34561, 10.67145]},
			"faces": {
				"north": {"uv": [3.32031, 3.76563, 3.82031, 5.16563], "texture": "#0"},
				"east": {"uv": [3.32031, 3.76563, 3.82031, 5.16563], "texture": "#0"},
				"south": {"uv": [3.32031, 3.76563, 3.82031, 5.16563], "texture": "#0"},
				"west": {"uv": [3.32031, 3.76563, 3.82031, 5.16563], "texture": "#0"},
				"up": {"uv": [3.32031, 3.76563, 3.82031, 4.26563], "rotation": 90, "texture": "#0"},
				"down": {"uv": [3.32031, 3.76563, 3.82031, 4.26563], "rotation": 270, "texture": "#0"}
			}
		},
		{
			"from": [7.80321, 5.04752, 8.49703],
			"to": [8.30321, 5.54752, 8.89703],
			"rotation": {"angle": -22.5, "axis": "x", "origin": [8.05321, 4.29752, 8.69703]},
			"faces": {
				"north": {"uv": [3.32031, 3.76563, 3.82031, 4.26563], "rotation": 270, "texture": "#0"},
				"east": {"uv": [3.32031, 3.76563, 3.82031, 4.16563], "rotation": 90, "texture": "#0"},
				"south": {"uv": [3.32031, 3.76563, 3.82031, 4.26563], "rotation": 270, "texture": "#0"},
				"west": {"uv": [3.32031, 3.76563, 3.82031, 4.16563], "rotation": 270, "texture": "#0"},
				"up": {"uv": [3.32031, 3.76563, 3.82031, 4.16563], "texture": "#0"},
				"down": {"uv": [3.32031, 3.76563, 3.82031, 4.16563], "rotation": 180, "texture": "#0"}
			}
		},
		{
			"from": [7.80321, 6.96857, 7.75413],
			"to": [8.30321, 7.46857, 8.22413],
			"rotation": {"angle": 0, "axis": "y", "origin": [8.05321, 7.21857, 7.98913]},
			"faces": {
				"north": {"uv": [3.32031, 3.76563, 3.82031, 4.26563], "rotation": 90, "texture": "#0"},
				"east": {"uv": [3.32031, 3.76563, 3.82031, 4.23563], "rotation": 270, "texture": "#0"},
				"south": {"uv": [3.32031, 3.76563, 3.82031, 4.26563], "rotation": 90, "texture": "#0"},
				"west": {"uv": [3.32031, 3.76563, 3.82031, 4.23563], "rotation": 90, "texture": "#0"},
				"up": {"uv": [3.32031, 3.76563, 3.82031, 4.23563], "rotation": 180, "texture": "#0"},
				"down": {"uv": [3.32031, 3.76563, 3.82031, 4.23563], "texture": "#0"}
			}
		},
		{
			"from": [7.80321, 6.91106, 8.11434],
			"to": [8.30321, 7.41106, 8.51434],
			"rotation": {"angle": 22.5, "axis": "x", "origin": [8.05321, 7.16106, 8.31434]},
			"faces": {
				"north": {"uv": [3.32031, 3.76563, 3.82031, 4.26563], "rotation": 90, "texture": "#0"},
				"east": {"uv": [3.32031, 3.76563, 3.82031, 4.16563], "rotation": 90, "texture": "#0"},
				"south": {"uv": [3.32031, 3.76563, 3.82031, 4.26563], "rotation": 90, "texture": "#0"},
				"west": {"uv": [3.32031, 3.76563, 3.82031, 4.16563], "rotation": 270, "texture": "#0"},
				"up": {"uv": [3.32031, 3.76563, 3.82031, 4.16563], "texture": "#0"},
				"down": {"uv": [3.32031, 3.76563, 3.82031, 4.16563], "rotation": 180, "texture": "#0"}
			}
		},
		{
			"from": [7.80321, 6.62658, 8.38014],
			"to": [8.30321, 7.22658, 8.88014],
			"rotation": {"angle": -45, "axis": "x", "origin": [8.05321, 6.92658, 8.63014]},
			"faces": {
				"north": {"uv": [3.32031, 3.76563, 3.82031, 4.36562], "rotation": 180, "texture": "#0"},
				"east": {"uv": [3.32031, 3.76563, 3.82031, 4.36562], "rotation": 180, "texture": "#0"},
				"south": {"uv": [3.32031, 3.76563, 3.82031, 4.36562], "rotation": 180, "texture": "#0"},
				"west": {"uv": [3.32031, 3.76563, 3.82031, 4.36562], "rotation": 180, "texture": "#0"},
				"up": {"uv": [3.32031, 3.76563, 3.82031, 4.26563], "texture": "#0"},
				"down": {"uv": [3.32031, 3.76563, 3.82031, 4.26563], "texture": "#0"}
			}
		},
		{
			"from": [7.80321, 6.67658, 7.04922],
			"to": [8.30321, 7.17658, 7.64922],
			"rotation": {"angle": -45, "axis": "x", "origin": [8.05321, 6.92658, 7.34922]},
			"faces": {
				"north": {"uv": [3.32031, 3.76563, 3.82031, 4.26563], "rotation": 180, "texture": "#0"},
				"east": {"uv": [3.32031, 3.76563, 3.82031, 4.36563], "rotation": 270, "texture": "#0"},
				"south": {"uv": [3.32031, 3.76563, 3.82031, 4.26563], "texture": "#0"},
				"west": {"uv": [3.32031, 3.76563, 3.82031, 4.36563], "rotation": 90, "texture": "#0"},
				"up": {"uv": [3.32031, 3.76563, 3.82031, 4.36563], "rotation": 180, "texture": "#0"},
				"down": {"uv": [3.32031, 3.76563, 3.82031, 4.36563], "texture": "#0"}
			}
		},
		{
			"from": [7.80321, 5.15587, 8.38014],
			"to": [8.30321, 5.75587, 8.88014],
			"rotation": {"angle": 45, "axis": "x", "origin": [8.05321, 5.45587, 8.63014]},
			"faces": {
				"north": {"uv": [3.32031, 3.76563, 3.82031, 4.36562], "rotation": 180, "texture": "#0"},
				"east": {"uv": [3.32031, 3.76563, 3.82031, 4.36562], "rotation": 180, "texture": "#0"},
				"south": {"uv": [3.32031, 3.76563, 3.82031, 4.36562], "rotation": 180, "texture": "#0"},
				"west": {"uv": [3.32031, 3.76563, 3.82031, 4.36562], "rotation": 180, "texture": "#0"},
				"up": {"uv": [3.32031, 3.76563, 3.82031, 4.26563], "texture": "#0"},
				"down": {"uv": [3.32031, 3.76563, 3.82031, 4.26563], "texture": "#0"}
			}
		},
		{
			"from": [7.80321, 5.20587, 7.04922],
			"to": [8.30321, 5.70587, 7.64922],
			"rotation": {"angle": 45, "axis": "x", "origin": [8.05321, 5.45587, 7.34922]},
			"faces": {
				"north": {"uv": [3.32031, 3.76563, 3.82031, 4.26563], "rotation": 180, "texture": "#0"},
				"east": {"uv": [3.32031, 3.76563, 3.82031, 4.36563], "rotation": 270, "texture": "#0"},
				"south": {"uv": [3.32031, 3.76563, 3.82031, 4.26563], "texture": "#0"},
				"west": {"uv": [3.32031, 3.76563, 3.82031, 4.36563], "rotation": 90, "texture": "#0"},
				"up": {"uv": [3.32031, 3.76563, 3.82031, 4.36563], "rotation": 180, "texture": "#0"},
				"down": {"uv": [3.32031, 3.76563, 3.82031, 4.36563], "texture": "#0"}
			}
		},
		{
			"from": [7.80321, 6.91106, 7.46503],
			"to": [8.30321, 7.41106, 7.86503],
			"rotation": {"angle": -22.5, "axis": "x", "origin": [8.05321, 7.16106, 7.66503]},
			"faces": {
				"north": {"uv": [3.32031, 3.76563, 3.82031, 4.26563], "rotation": 270, "texture": "#0"},
				"east": {"uv": [3.32031, 3.76563, 3.82031, 4.16563], "rotation": 90, "texture": "#0"},
				"south": {"uv": [3.32031, 3.76563, 3.82031, 4.26563], "rotation": 270, "texture": "#0"},
				"west": {"uv": [3.32031, 3.76563, 3.82031, 4.16563], "rotation": 270, "texture": "#0"},
				"up": {"uv": [3.32031, 3.76563, 3.82031, 4.16563], "texture": "#0"},
				"down": {"uv": [3.32031, 3.76563, 3.82031, 4.16563], "rotation": 180, "texture": "#0"}
			}
		},
		{
			"from": [7.80321, 4.9714, 7.46503],
			"to": [8.30321, 5.4714, 7.86503],
			"rotation": {"angle": 22.5, "axis": "x", "origin": [8.05321, 5.2214, 7.66503]},
			"faces": {
				"north": {"uv": [3.32031, 3.76563, 3.82031, 4.26563], "rotation": 90, "texture": "#0"},
				"east": {"uv": [3.32031, 3.76563, 3.82031, 4.16562], "rotation": 90, "texture": "#0"},
				"south": {"uv": [3.32031, 3.76563, 3.82031, 4.26563], "rotation": 90, "texture": "#0"},
				"west": {"uv": [3.32031, 3.76563, 3.82031, 4.16562], "rotation": 270, "texture": "#0"},
				"up": {"uv": [3.32031, 3.76563, 3.82031, 4.16562], "texture": "#0"},
				"down": {"uv": [3.32031, 3.76563, 3.82031, 4.16562], "rotation": 180, "texture": "#0"}
			}
		},
		{
			"from": [7.80321, 4.91389, 7.75413],
			"to": [8.30321, 5.41389, 8.22413],
			"rotation": {"angle": 0, "axis": "y", "origin": [8.05321, 5.16389, 7.98913]},
			"faces": {
				"north": {"uv": [3.32031, 3.76563, 3.82031, 4.26563], "rotation": 90, "texture": "#0"},
				"east": {"uv": [3.32031, 3.76563, 3.82031, 4.23563], "rotation": 270, "texture": "#0"},
				"south": {"uv": [3.32031, 3.76563, 3.82031, 4.26563], "rotation": 90, "texture": "#0"},
				"west": {"uv": [3.32031, 3.76563, 3.82031, 4.23563], "rotation": 90, "texture": "#0"},
				"up": {"uv": [3.32031, 3.76563, 3.82031, 4.23563], "rotation": 180, "texture": "#0"},
				"down": {"uv": [3.32031, 3.76563, 3.82031, 4.23563], "texture": "#0"}
			}
		},
		{
			"from": [7.02063, 6.99123, 7.7],
			"to": [7.52063, 8.39123, 8.2],
			"rotation": {"angle": 0, "axis": "y", "origin": [7.02063, 7.19123, 7.7]},
			"faces": {
				"north": {"uv": [3.32031, 3.76563, 3.82031, 5.16563], "texture": "#0"},
				"east": {"uv": [3.32031, 3.76563, 3.82031, 5.16563], "texture": "#0"},
				"south": {"uv": [3.32031, 3.76563, 3.82031, 5.16563], "texture": "#0"},
				"west": {"uv": [3.32031, 3.76563, 3.82031, 5.16563], "texture": "#0"},
				"up": {"uv": [3.32031, 3.76563, 3.82031, 4.26563], "texture": "#0"},
				"down": {"uv": [3.32031, 3.76563, 3.82031, 4.26563], "texture": "#0"}
			}
		},
		{
			"from": [8.57937, 6.99123, 7.7],
			"to": [9.07937, 8.39123, 8.2],
			"rotation": {"angle": 0, "axis": "y", "origin": [6.77937, 7.19123, 7.7]},
			"faces": {
				"north": {"uv": [3.32031, 3.76563, 3.82031, 5.16563], "texture": "#0"},
				"east": {"uv": [3.32031, 3.76563, 3.82031, 5.16563], "texture": "#0"},
				"south": {"uv": [3.32031, 3.76563, 3.82031, 5.16563], "texture": "#0"},
				"west": {"uv": [3.32031, 3.76563, 3.82031, 5.16563], "texture": "#0"},
				"up": {"uv": [3.32031, 3.76563, 3.82031, 4.26563], "texture": "#0"},
				"down": {"uv": [3.32031, 3.76563, 3.82031, 4.26563], "texture": "#0"}
			}
		},
		{
			"from": [8.4051, 8.11194, 7.7],
			"to": [8.9051, 8.71194, 8.2],
			"rotation": {"angle": 45, "axis": "z", "origin": [8.6551, 8.46194, 7.95]},
			"faces": {
				"north": {"uv": [3.32031, 3.76563, 3.82031, 4.36562], "texture": "#0"},
				"east": {"uv": [3.32031, 3.76563, 3.82031, 4.36562], "texture": "#0"},
				"south": {"uv": [3.32031, 3.76563, 3.82031, 4.36562], "texture": "#0"},
				"west": {"uv": [3.32031, 3.76563, 3.82031, 4.36562], "texture": "#0"},
				"up": {"uv": [3.32031, 3.76563, 3.82031, 4.26563], "texture": "#0"},
				"down": {"uv": [3.32031, 3.76563, 3.82031, 4.26563], "texture": "#0"}
			}
		},
		{
			"from": [8.17846, 8.43019, 7.7],
			"to": [8.57846, 8.93019, 8.2],
			"rotation": {"angle": -22.5, "axis": "z", "origin": [8.32846, 8.68019, 7.95]},
			"faces": {
				"north": {"uv": [3.32031, 3.76563, 3.82031, 4.16563], "rotation": 90, "texture": "#0"},
				"east": {"uv": [3.32031, 3.76563, 3.82031, 4.26563], "rotation": 270, "texture": "#0"},
				"south": {"uv": [3.32031, 3.76563, 3.82031, 4.16563], "rotation": 270, "texture": "#0"},
				"west": {"uv": [3.32031, 3.76563, 3.82031, 4.26563], "rotation": 270, "texture": "#0"},
				"up": {"uv": [3.32031, 3.76563, 3.82031, 4.16563], "rotation": 270, "texture": "#0"},
				"down": {"uv": [3.32031, 3.76563, 3.82031, 4.16563], "rotation": 270, "texture": "#0"}
			}
		},
		{
			"from": [7.1949, 8.11194, 7.7],
			"to": [7.6949, 8.71194, 8.2],
			"rotation": {"angle": -45, "axis": "z", "origin": [7.4449, 8.46194, 7.95]},
			"faces": {
				"north": {"uv": [3.32031, 3.76563, 3.82031, 4.36562], "texture": "#0"},
				"east": {"uv": [3.32031, 3.76563, 3.82031, 4.36562], "texture": "#0"},
				"south": {"uv": [3.32031, 3.76563, 3.82031, 4.36562], "texture": "#0"},
				"west": {"uv": [3.32031, 3.76563, 3.82031, 4.36562], "texture": "#0"},
				"up": {"uv": [3.32031, 3.76563, 3.82031, 4.26563], "texture": "#0"},
				"down": {"uv": [3.32031, 3.76563, 3.82031, 4.26563], "texture": "#0"}
			}
		},
		{
			"from": [7.52154, 8.43019, 7.7],
			"to": [7.92154, 8.93019, 8.2],
			"rotation": {"angle": 22.5, "axis": "z", "origin": [7.77154, 8.68019, 7.95]},
			"faces": {
				"north": {"uv": [3.32031, 3.76563, 3.82031, 4.16562], "rotation": 270, "texture": "#0"},
				"east": {"uv": [3.32031, 3.76563, 3.82031, 4.26563], "rotation": 90, "texture": "#0"},
				"south": {"uv": [3.32031, 3.76563, 3.82031, 4.16562], "rotation": 90, "texture": "#0"},
				"west": {"uv": [3.32031, 3.76563, 3.82031, 4.26563], "rotation": 90, "texture": "#0"},
				"up": {"uv": [3.32031, 3.76563, 3.82031, 4.16562], "rotation": 90, "texture": "#0"},
				"down": {"uv": [3.32031, 3.76563, 3.82031, 4.16562], "rotation": 90, "texture": "#0"}
			}
		},
		{
			"from": [7.81445, 8.46857, 7.7],
			"to": [8.28445, 8.96857, 8.2],
			"rotation": {"angle": 0, "axis": "z", "origin": [8.01445, 8.71857, 7.95]},
			"faces": {
				"north": {"uv": [3.32031, 3.76563, 3.82031, 4.23563], "rotation": 270, "texture": "#0"},
				"east": {"uv": [3.32031, 3.76563, 3.82031, 4.26563], "rotation": 90, "texture": "#0"},
				"south": {"uv": [3.32031, 3.76563, 3.82031, 4.23563], "rotation": 90, "texture": "#0"},
				"west": {"uv": [3.32031, 3.76563, 3.82031, 4.26563], "rotation": 90, "texture": "#0"},
				"up": {"uv": [3.32031, 3.76563, 3.82031, 4.23563], "rotation": 90, "texture": "#0"},
				"down": {"uv": [3.32031, 3.76563, 3.82031, 4.23563], "rotation": 90, "texture": "#0"}
			}
		},
		{
			"from": [7.12418, 6.64123, 7.7],
			"to": [7.62418, 7.24123, 8.2],
			"rotation": {"angle": 45, "axis": "z", "origin": [7.37418, 6.99123, 7.95]},
			"faces": {
				"north": {"uv": [3.32031, 3.76563, 3.82031, 4.36562], "texture": "#0"},
				"east": {"uv": [3.32031, 3.76563, 3.82031, 4.36562], "texture": "#0"},
				"south": {"uv": [3.32031, 3.76563, 3.82031, 4.36562], "texture": "#0"},
				"west": {"uv": [3.32031, 3.76563, 3.82031, 4.36562], "texture": "#0"},
				"up": {"uv": [3.32031, 3.76563, 3.82031, 4.26563], "texture": "#0"},
				"down": {"uv": [3.32031, 3.76563, 3.82031, 4.26563], "texture": "#0"}
			}
		},
		{
			"from": [7.52915, 6.49053, 7.7],
			"to": [7.92915, 6.99053, 8.2],
			"rotation": {"angle": -22.5, "axis": "z", "origin": [7.67915, 6.74053, 7.95]},
			"faces": {
				"north": {"uv": [3.32031, 3.76563, 3.82031, 4.16563], "rotation": 90, "texture": "#0"},
				"east": {"uv": [3.32031, 3.76563, 3.82031, 4.26563], "rotation": 270, "texture": "#0"},
				"south": {"uv": [3.32031, 3.76563, 3.82031, 4.16563], "rotation": 270, "texture": "#0"},
				"west": {"uv": [3.32031, 3.76563, 3.82031, 4.26563], "rotation": 270, "texture": "#0"},
				"up": {"uv": [3.32031, 3.76563, 3.82031, 4.16563], "rotation": 270, "texture": "#0"},
				"down": {"uv": [3.32031, 3.76563, 3.82031, 4.16563], "rotation": 270, "texture": "#0"}
			}
		},
		{
			"from": [7.81445, 6.41389, 7.7],
			"to": [8.28445, 6.91389, 8.2],
			"rotation": {"angle": 0, "axis": "z", "origin": [8.01445, 6.66389, 7.95]},
			"faces": {
				"north": {"uv": [3.32031, 3.76563, 3.82031, 4.23563], "rotation": 270, "texture": "#0"},
				"east": {"uv": [3.32031, 3.76563, 3.82031, 4.26563], "rotation": 90, "texture": "#0"},
				"south": {"uv": [3.32031, 3.76563, 3.82031, 4.23563], "rotation": 90, "texture": "#0"},
				"west": {"uv": [3.32031, 3.76563, 3.82031, 4.26563], "rotation": 90, "texture": "#0"},
				"up": {"uv": [3.32031, 3.76563, 3.82031, 4.23563], "rotation": 90, "texture": "#0"},
				"down": {"uv": [3.32031, 3.76563, 3.82031, 4.23563], "rotation": 90, "texture": "#0"}
			}
		},
		{
			"from": [8.17085, 6.49053, 7.7],
			"to": [8.57085, 6.99053, 8.2],
			"rotation": {"angle": 22.5, "axis": "z", "origin": [8.42085, 6.74053, 7.95]},
			"faces": {
				"north": {"uv": [3.32031, 3.76563, 3.82031, 4.16563], "rotation": 270, "texture": "#0"},
				"east": {"uv": [3.32031, 3.76563, 3.82031, 4.26563], "rotation": 90, "texture": "#0"},
				"south": {"uv": [3.32031, 3.76563, 3.82031, 4.16563], "rotation": 90, "texture": "#0"},
				"west": {"uv": [3.32031, 3.76563, 3.82031, 4.26563], "rotation": 90, "texture": "#0"},
				"up": {"uv": [3.32031, 3.76563, 3.82031, 4.16563], "rotation": 90, "texture": "#0"},
				"down": {"uv": [3.32031, 3.76563, 3.82031, 4.16563], "rotation": 90, "texture": "#0"}
			}
		},
		{
			"from": [8.47582, 6.64123, 7.7],
			"to": [8.97582, 7.24123, 8.2],
			"rotation": {"angle": -45, "axis": "z", "origin": [8.72582, 6.99123, 7.95]},
			"faces": {
				"north": {"uv": [3.32031, 3.76563, 3.82031, 4.36562], "texture": "#0"},
				"east": {"uv": [3.32031, 3.76563, 3.82031, 4.36562], "texture": "#0"},
				"south": {"uv": [3.32031, 3.76563, 3.82031, 4.36562], "texture": "#0"},
				"west": {"uv": [3.32031, 3.76563, 3.82031, 4.36562], "texture": "#0"},
				"up": {"uv": [3.32031, 3.76563, 3.82031, 4.26563], "texture": "#0"},
				"down": {"uv": [3.32031, 3.76563, 3.82031, 4.26563], "texture": "#0"}
			}
		},
		{
			"from": [7.80321, 8.49123, 6.96032],
			"to": [8.30321, 9.89123, 7.46032],
			"rotation": {"angle": 0, "axis": "y", "origin": [4.53176, 9.34561, 10.67145]},
			"faces": {
				"north": {"uv": [3.32031, 3.76563, 3.82031, 5.16563], "texture": "#0"},
				"east": {"uv": [3.32031, 3.76563, 3.82031, 5.16563], "texture": "#0"},
				"south": {"uv": [3.32031, 3.76563, 3.82031, 5.16563], "texture": "#0"},
				"west": {"uv": [3.32031, 3.76563, 3.82031, 5.16563], "texture": "#0"},
				"up": {"uv": [3.32031, 3.76563, 3.82031, 4.26563], "rotation": 90, "texture": "#0"},
				"down": {"uv": [3.32031, 3.76563, 3.82031, 4.26563], "rotation": 270, "texture": "#0"}
			}
		},
		{
			"from": [7.80321, 8.49123, 8.51905],
			"to": [8.30321, 9.89123, 9.01905],
			"rotation": {"angle": 0, "axis": "y", "origin": [4.53176, 9.34561, 10.67145]},
			"faces": {
				"north": {"uv": [3.32031, 3.76563, 3.82031, 5.16563], "texture": "#0"},
				"east": {"uv": [3.32031, 3.76563, 3.82031, 5.16563], "texture": "#0"},
				"south": {"uv": [3.32031, 3.76563, 3.82031, 5.16563], "texture": "#0"},
				"west": {"uv": [3.32031, 3.76563, 3.82031, 5.16563], "texture": "#0"},
				"up": {"uv": [3.32031, 3.76563, 3.82031, 4.26563], "rotation": 90, "texture": "#0"},
				"down": {"uv": [3.32031, 3.76563, 3.82031, 4.26563], "rotation": 270, "texture": "#0"}
			}
		},
		{
			"from": [7.80321, 8.04752, 8.49703],
			"to": [8.30321, 8.54752, 8.89703],
			"rotation": {"angle": -22.5, "axis": "x", "origin": [8.05321, 7.29752, 8.69703]},
			"faces": {
				"north": {"uv": [3.32031, 3.76563, 3.82031, 4.26563], "rotation": 270, "texture": "#0"},
				"east": {"uv": [3.32031, 3.76563, 3.82031, 4.16563], "rotation": 90, "texture": "#0"},
				"south": {"uv": [3.32031, 3.76563, 3.82031, 4.26563], "rotation": 270, "texture": "#0"},
				"west": {"uv": [3.32031, 3.76563, 3.82031, 4.16563], "rotation": 270, "texture": "#0"},
				"up": {"uv": [3.32031, 3.76563, 3.82031, 4.16563], "texture": "#0"},
				"down": {"uv": [3.32031, 3.76563, 3.82031, 4.16563], "rotation": 180, "texture": "#0"}
			}
		},
		{
			"from": [7.80321, 9.96857, 7.75413],
			"to": [8.30321, 10.46857, 8.22413],
			"rotation": {"angle": 0, "axis": "y", "origin": [8.05321, 10.21857, 7.98913]},
			"faces": {
				"north": {"uv": [3.32031, 3.76563, 3.82031, 4.26563], "rotation": 90, "texture": "#0"},
				"east": {"uv": [3.32031, 3.76563, 3.82031, 4.23563], "rotation": 270, "texture": "#0"},
				"south": {"uv": [3.32031, 3.76563, 3.82031, 4.26563], "rotation": 90, "texture": "#0"},
				"west": {"uv": [3.32031, 3.76563, 3.82031, 4.23563], "rotation": 90, "texture": "#0"},
				"up": {"uv": [3.32031, 3.76563, 3.82031, 4.23563], "rotation": 180, "texture": "#0"},
				"down": {"uv": [3.32031, 3.76563, 3.82031, 4.23563], "texture": "#0"}
			}
		},
		{
			"from": [7.80321, 9.91106, 8.11434],
			"to": [8.30321, 10.41106, 8.51434],
			"rotation": {"angle": 22.5, "axis": "x", "origin": [8.05321, 10.16106, 8.31434]},
			"faces": {
				"north": {"uv": [3.32031, 3.76563, 3.82031, 4.26563], "rotation": 90, "texture": "#0"},
				"east": {"uv": [3.32031, 3.76563, 3.82031, 4.16563], "rotation": 90, "texture": "#0"},
				"south": {"uv": [3.32031, 3.76563, 3.82031, 4.26563], "rotation": 90, "texture": "#0"},
				"west": {"uv": [3.32031, 3.76563, 3.82031, 4.16563], "rotation": 270, "texture": "#0"},
				"up": {"uv": [3.32031, 3.76563, 3.82031, 4.16563], "texture": "#0"},
				"down": {"uv": [3.32031, 3.76563, 3.82031, 4.16563], "rotation": 180, "texture": "#0"}
			}
		},
		{
			"from": [7.80321, 9.62658, 8.38014],
			"to": [8.30321, 10.22658, 8.88014],
			"rotation": {"angle": -45, "axis": "x", "origin": [8.05321, 9.92658, 8.63014]},
			"faces": {
				"north": {"uv": [3.32031, 3.76563, 3.82031, 4.36562], "rotation": 180, "texture": "#0"},
				"east": {"uv": [3.32031, 3.76563, 3.82031, 4.36562], "rotation": 180, "texture": "#0"},
				"south": {"uv": [3.32031, 3.76563, 3.82031, 4.36562], "rotation": 180, "texture": "#0"},
				"west": {"uv": [3.32031, 3.76563, 3.82031, 4.36562], "rotation": 180, "texture": "#0"},
				"up": {"uv": [3.32031, 3.76563, 3.82031, 4.26563], "texture": "#0"},
				"down": {"uv": [3.32031, 3.76563, 3.82031, 4.26563], "texture": "#0"}
			}
		},
		{
			"from": [7.80321, 9.67658, 7.04922],
			"to": [8.30321, 10.17658, 7.64922],
			"rotation": {"angle": -45, "axis": "x", "origin": [8.05321, 9.92658, 7.34922]},
			"faces": {
				"north": {"uv": [3.32031, 3.76563, 3.82031, 4.26563], "rotation": 180, "texture": "#0"},
				"east": {"uv": [3.32031, 3.76563, 3.82031, 4.36563], "rotation": 270, "texture": "#0"},
				"south": {"uv": [3.32031, 3.76563, 3.82031, 4.26563], "texture": "#0"},
				"west": {"uv": [3.32031, 3.76563, 3.82031, 4.36563], "rotation": 90, "texture": "#0"},
				"up": {"uv": [3.32031, 3.76563, 3.82031, 4.36563], "rotation": 180, "texture": "#0"},
				"down": {"uv": [3.32031, 3.76563, 3.82031, 4.36563], "texture": "#0"}
			}
		},
		{
			"from": [7.80321, 8.15587, 8.38014],
			"to": [8.30321, 8.75587, 8.88014],
			"rotation": {"angle": 45, "axis": "x", "origin": [8.05321, 8.45587, 8.63014]},
			"faces": {
				"north": {"uv": [3.32031, 3.76563, 3.82031, 4.36562], "rotation": 180, "texture": "#0"},
				"east": {"uv": [3.32031, 3.76563, 3.82031, 4.36562], "rotation": 180, "texture": "#0"},
				"south": {"uv": [3.32031, 3.76563, 3.82031, 4.36562], "rotation": 180, "texture": "#0"},
				"west": {"uv": [3.32031, 3.76563, 3.82031, 4.36562], "rotation": 180, "texture": "#0"},
				"up": {"uv": [3.32031, 3.76563, 3.82031, 4.26563], "texture": "#0"},
				"down": {"uv": [3.32031, 3.76563, 3.82031, 4.26563], "texture": "#0"}
			}
		},
		{
			"from": [7.80321, 8.20587, 7.04922],
			"to": [8.30321, 8.70587, 7.64922],
			"rotation": {"angle": 45, "axis": "x", "origin": [8.05321, 8.45587, 7.34922]},
			"faces": {
				"north": {"uv": [3.32031, 3.76563, 3.82031, 4.26563], "rotation": 180, "texture": "#0"},
				"east": {"uv": [3.32031, 3.76563, 3.82031, 4.36563], "rotation": 270, "texture": "#0"},
				"south": {"uv": [3.32031, 3.76563, 3.82031, 4.26563], "texture": "#0"},
				"west": {"uv": [3.32031, 3.76563, 3.82031, 4.36563], "rotation": 90, "texture": "#0"},
				"up": {"uv": [3.32031, 3.76563, 3.82031, 4.36563], "rotation": 180, "texture": "#0"},
				"down": {"uv": [3.32031, 3.76563, 3.82031, 4.36563], "texture": "#0"}
			}
		},
		{
			"from": [7.80321, 9.91106, 7.46503],
			"to": [8.30321, 10.41106, 7.86503],
			"rotation": {"angle": -22.5, "axis": "x", "origin": [8.05321, 10.16106, 7.66503]},
			"faces": {
				"north": {"uv": [3.32031, 3.76563, 3.82031, 4.26563], "rotation": 270, "texture": "#0"},
				"east": {"uv": [3.32031, 3.76563, 3.82031, 4.16563], "rotation": 90, "texture": "#0"},
				"south": {"uv": [3.32031, 3.76563, 3.82031, 4.26563], "rotation": 270, "texture": "#0"},
				"west": {"uv": [3.32031, 3.76563, 3.82031, 4.16563], "rotation": 270, "texture": "#0"},
				"up": {"uv": [3.32031, 3.76563, 3.82031, 4.16563], "texture": "#0"},
				"down": {"uv": [3.32031, 3.76563, 3.82031, 4.16563], "rotation": 180, "texture": "#0"}
			}
		},
		{
			"from": [7.80321, 7.9714, 7.46503],
			"to": [8.30321, 8.4714, 7.86503],
			"rotation": {"angle": 22.5, "axis": "x", "origin": [8.05321, 8.2214, 7.66503]},
			"faces": {
				"north": {"uv": [3.32031, 3.76563, 3.82031, 4.26563], "rotation": 90, "texture": "#0"},
				"east": {"uv": [3.32031, 3.76563, 3.82031, 4.16562], "rotation": 90, "texture": "#0"},
				"south": {"uv": [3.32031, 3.76563, 3.82031, 4.26563], "rotation": 90, "texture": "#0"},
				"west": {"uv": [3.32031, 3.76563, 3.82031, 4.16562], "rotation": 270, "texture": "#0"},
				"up": {"uv": [3.32031, 3.76563, 3.82031, 4.16562], "texture": "#0"},
				"down": {"uv": [3.32031, 3.76563, 3.82031, 4.16562], "rotation": 180, "texture": "#0"}
			}
		},
		{
			"from": [7.80321, 7.91389, 7.75413],
			"to": [8.30321, 8.41389, 8.22413],
			"rotation": {"angle": 0, "axis": "y", "origin": [8.05321, 8.16389, 7.98913]},
			"faces": {
				"north": {"uv": [3.32031, 3.76563, 3.82031, 4.26563], "rotation": 90, "texture": "#0"},
				"east": {"uv": [3.32031, 3.76563, 3.82031, 4.23563], "rotation": 270, "texture": "#0"},
				"south": {"uv": [3.32031, 3.76563, 3.82031, 4.26563], "rotation": 90, "texture": "#0"},
				"west": {"uv": [3.32031, 3.76563, 3.82031, 4.23563], "rotation": 90, "texture": "#0"},
				"up": {"uv": [3.32031, 3.76563, 3.82031, 4.23563], "rotation": 180, "texture": "#0"},
				"down": {"uv": [3.32031, 3.76563, 3.82031, 4.23563], "texture": "#0"}
			}
		},
		{
			"from": [7.02063, 9.99123, 7.7],
			"to": [7.52063, 11.39123, 8.2],
			"rotation": {"angle": 0, "axis": "y", "origin": [7.02063, 10.19123, 7.7]},
			"faces": {
				"north": {"uv": [3.32031, 3.76563, 3.82031, 5.16563], "texture": "#0"},
				"east": {"uv": [3.32031, 3.76563, 3.82031, 5.16563], "texture": "#0"},
				"south": {"uv": [3.32031, 3.76563, 3.82031, 5.16563], "texture": "#0"},
				"west": {"uv": [3.32031, 3.76563, 3.82031, 5.16563], "texture": "#0"},
				"up": {"uv": [3.32031, 3.76563, 3.82031, 4.26563], "texture": "#0"},
				"down": {"uv": [3.32031, 3.76563, 3.82031, 4.26563], "texture": "#0"}
			}
		},
		{
			"from": [8.57937, 9.99123, 7.7],
			"to": [9.07937, 11.39123, 8.2],
			"rotation": {"angle": 0, "axis": "y", "origin": [6.77937, 10.19123, 7.7]},
			"faces": {
				"north": {"uv": [3.32031, 3.76563, 3.82031, 5.16563], "texture": "#0"},
				"east": {"uv": [3.32031, 3.76563, 3.82031, 5.16563], "texture": "#0"},
				"south": {"uv": [3.32031, 3.76563, 3.82031, 5.16563], "texture": "#0"},
				"west": {"uv": [3.32031, 3.76563, 3.82031, 5.16563], "texture": "#0"},
				"up": {"uv": [3.32031, 3.76563, 3.82031, 4.26563], "texture": "#0"},
				"down": {"uv": [3.32031, 3.76563, 3.82031, 4.26563], "texture": "#0"}
			}
		},
		{
			"from": [8.4051, 11.11194, 7.7],
			"to": [8.9051, 11.71194, 8.2],
			"rotation": {"angle": 45, "axis": "z", "origin": [8.6551, 11.46194, 7.95]},
			"faces": {
				"north": {"uv": [3.32031, 3.76563, 3.82031, 4.36562], "texture": "#0"},
				"east": {"uv": [3.32031, 3.76563, 3.82031, 4.36562], "texture": "#0"},
				"south": {"uv": [3.32031, 3.76563, 3.82031, 4.36562], "texture": "#0"},
				"west": {"uv": [3.32031, 3.76563, 3.82031, 4.36562], "texture": "#0"},
				"up": {"uv": [3.32031, 3.76563, 3.82031, 4.26563], "texture": "#0"},
				"down": {"uv": [3.32031, 3.76563, 3.82031, 4.26563], "texture": "#0"}
			}
		},
		{
			"from": [8.17846, 11.43019, 7.7],
			"to": [8.57846, 11.93019, 8.2],
			"rotation": {"angle": -22.5, "axis": "z", "origin": [8.32846, 11.68019, 7.95]},
			"faces": {
				"north": {"uv": [3.32031, 3.76563, 3.82031, 4.16563], "rotation": 90, "texture": "#0"},
				"east": {"uv": [3.32031, 3.76563, 3.82031, 4.26563], "rotation": 270, "texture": "#0"},
				"south": {"uv": [3.32031, 3.76563, 3.82031, 4.16563], "rotation": 270, "texture": "#0"},
				"west": {"uv": [3.32031, 3.76563, 3.82031, 4.26563], "rotation": 270, "texture": "#0"},
				"up": {"uv": [3.32031, 3.76563, 3.82031, 4.16563], "rotation": 270, "texture": "#0"},
				"down": {"uv": [3.32031, 3.76563, 3.82031, 4.16563], "rotation": 270, "texture": "#0"}
			}
		},
		{
			"from": [7.1949, 11.11194, 7.7],
			"to": [7.6949, 11.71194, 8.2],
			"rotation": {"angle": -45, "axis": "z", "origin": [7.4449, 11.46194, 7.95]},
			"faces": {
				"north": {"uv": [3.32031, 3.76563, 3.82031, 4.36562], "texture": "#0"},
				"east": {"uv": [3.32031, 3.76563, 3.82031, 4.36562], "texture": "#0"},
				"south": {"uv": [3.32031, 3.76563, 3.82031, 4.36562], "texture": "#0"},
				"west": {"uv": [3.32031, 3.76563, 3.82031, 4.36562], "texture": "#0"},
				"up": {"uv": [3.32031, 3.76563, 3.82031, 4.26563], "texture": "#0"},
				"down": {"uv": [3.32031, 3.76563, 3.82031, 4.26563], "texture": "#0"}
			}
		},
		{
			"from": [7.52154, 11.43019, 7.7],
			"to": [7.92154, 11.93019, 8.2],
			"rotation": {"angle": 22.5, "axis": "z", "origin": [7.77154, 11.68019, 7.95]},
			"faces": {
				"north": {"uv": [3.32031, 3.76563, 3.82031, 4.16562], "rotation": 270, "texture": "#0"},
				"east": {"uv": [3.32031, 3.76563, 3.82031, 4.26563], "rotation": 90, "texture": "#0"},
				"south": {"uv": [3.32031, 3.76563, 3.82031, 4.16562], "rotation": 90, "texture": "#0"},
				"west": {"uv": [3.32031, 3.76563, 3.82031, 4.26563], "rotation": 90, "texture": "#0"},
				"up": {"uv": [3.32031, 3.76563, 3.82031, 4.16562], "rotation": 90, "texture": "#0"},
				"down": {"uv": [3.32031, 3.76563, 3.82031, 4.16562], "rotation": 90, "texture": "#0"}
			}
		},
		{
			"from": [7.81445, 11.46857, 7.7],
			"to": [8.28445, 11.96857, 8.2],
			"rotation": {"angle": 0, "axis": "z", "origin": [8.01445, 11.71857, 7.95]},
			"faces": {
				"north": {"uv": [3.32031, 3.76563, 3.82031, 4.23563], "rotation": 270, "texture": "#0"},
				"east": {"uv": [3.32031, 3.76563, 3.82031, 4.26563], "rotation": 90, "texture": "#0"},
				"south": {"uv": [3.32031, 3.76563, 3.82031, 4.23563], "rotation": 90, "texture": "#0"},
				"west": {"uv": [3.32031, 3.76563, 3.82031, 4.26563], "rotation": 90, "texture": "#0"},
				"up": {"uv": [3.32031, 3.76563, 3.82031, 4.23563], "rotation": 90, "texture": "#0"},
				"down": {"uv": [3.32031, 3.76563, 3.82031, 4.23563], "rotation": 90, "texture": "#0"}
			}
		},
		{
			"from": [7.12418, 9.64123, 7.7],
			"to": [7.62418, 10.24123, 8.2],
			"rotation": {"angle": 45, "axis": "z", "origin": [7.37418, 9.99123, 7.95]},
			"faces": {
				"north": {"uv": [3.32031, 3.76563, 3.82031, 4.36562], "texture": "#0"},
				"east": {"uv": [3.32031, 3.76563, 3.82031, 4.36562], "texture": "#0"},
				"south": {"uv": [3.32031, 3.76563, 3.82031, 4.36562], "texture": "#0"},
				"west": {"uv": [3.32031, 3.76563, 3.82031, 4.36562], "texture": "#0"},
				"up": {"uv": [3.32031, 3.76563, 3.82031, 4.26563], "texture": "#0"},
				"down": {"uv": [3.32031, 3.76563, 3.82031, 4.26563], "texture": "#0"}
			}
		},
		{
			"from": [7.52915, 9.49053, 7.7],
			"to": [7.92915, 9.99053, 8.2],
			"rotation": {"angle": -22.5, "axis": "z", "origin": [7.67915, 9.74053, 7.95]},
			"faces": {
				"north": {"uv": [3.32031, 3.76563, 3.82031, 4.16563], "rotation": 90, "texture": "#0"},
				"east": {"uv": [3.32031, 3.76563, 3.82031, 4.26563], "rotation": 270, "texture": "#0"},
				"south": {"uv": [3.32031, 3.76563, 3.82031, 4.16563], "rotation": 270, "texture": "#0"},
				"west": {"uv": [3.32031, 3.76563, 3.82031, 4.26563], "rotation": 270, "texture": "#0"},
				"up": {"uv": [3.32031, 3.76563, 3.82031, 4.16563], "rotation": 270, "texture": "#0"},
				"down": {"uv": [3.32031, 3.76563, 3.82031, 4.16563], "rotation": 270, "texture": "#0"}
			}
		},
		{
			"from": [7.81445, 9.41389, 7.7],
			"to": [8.28445, 9.91389, 8.2],
			"rotation": {"angle": 0, "axis": "z", "origin": [8.01445, 9.66389, 7.95]},
			"faces": {
				"north": {"uv": [3.32031, 3.76563, 3.82031, 4.23563], "rotation": 270, "texture": "#0"},
				"east": {"uv": [3.32031, 3.76563, 3.82031, 4.26563], "rotation": 90, "texture": "#0"},
				"south": {"uv": [3.32031, 3.76563, 3.82031, 4.23563], "rotation": 90, "texture": "#0"},
				"west": {"uv": [3.32031, 3.76563, 3.82031, 4.26563], "rotation": 90, "texture": "#0"},
				"up": {"uv": [3.32031, 3.76563, 3.82031, 4.23563], "rotation": 90, "texture": "#0"},
				"down": {"uv": [3.32031, 3.76563, 3.82031, 4.23563], "rotation": 90, "texture": "#0"}
			}
		},
		{
			"from": [8.17085, 9.49053, 7.7],
			"to": [8.57085, 9.99053, 8.2],
			"rotation": {"angle": 22.5, "axis": "z", "origin": [8.42085, 9.74053, 7.95]},
			"faces": {
				"north": {"uv": [3.32031, 3.76563, 3.82031, 4.16563], "rotation": 270, "texture": "#0"},
				"east": {"uv": [3.32031, 3.76563, 3.82031, 4.26563], "rotation": 90, "texture": "#0"},
				"south": {"uv": [3.32031, 3.76563, 3.82031, 4.16563], "rotation": 90, "texture": "#0"},
				"west": {"uv": [3.32031, 3.76563, 3.82031, 4.26563], "rotation": 90, "texture": "#0"},
				"up": {"uv": [3.32031, 3.76563, 3.82031, 4.16563], "rotation": 90, "texture": "#0"},
				"down": {"uv": [3.32031, 3.76563, 3.82031, 4.16563], "rotation": 90, "texture": "#0"}
			}
		},
		{
			"from": [8.47582, 9.64123, 7.7],
			"to": [8.97582, 10.24123, 8.2],
			"rotation": {"angle": -45, "axis": "z", "origin": [8.72582, 9.99123, 7.95]},
			"faces": {
				"north": {"uv": [3.32031, 3.76563, 3.82031, 4.36562], "texture": "#0"},
				"east": {"uv": [3.32031, 3.76563, 3.82031, 4.36562], "texture": "#0"},
				"south": {"uv": [3.32031, 3.76563, 3.82031, 4.36562], "texture": "#0"},
				"west": {"uv": [3.32031, 3.76563, 3.82031, 4.36562], "texture": "#0"},
				"up": {"uv": [3.32031, 3.76563, 3.82031, 4.26563], "texture": "#0"},
				"down": {"uv": [3.32031, 3.76563, 3.82031, 4.26563], "texture": "#0"}
			}
		},
		{
			"from": [7.80321, 11.49123, 6.96032],
			"to": [8.30321, 12.89123, 7.46032],
			"rotation": {"angle": 0, "axis": "y", "origin": [4.53176, 12.34561, 10.67145]},
			"faces": {
				"north": {"uv": [3.32031, 3.76563, 3.82031, 5.16563], "texture": "#0"},
				"east": {"uv": [3.32031, 3.76563, 3.82031, 5.16563], "texture": "#0"},
				"south": {"uv": [3.32031, 3.76563, 3.82031, 5.16563], "texture": "#0"},
				"west": {"uv": [3.32031, 3.76563, 3.82031, 5.16563], "texture": "#0"},
				"up": {"uv": [3.32031, 3.76563, 3.82031, 4.26563], "rotation": 90, "texture": "#0"},
				"down": {"uv": [3.32031, 3.76563, 3.82031, 4.26563], "rotation": 270, "texture": "#0"}
			}
		},
		{
			"from": [7.80321, 11.49123, 8.51905],
			"to": [8.30321, 12.89123, 9.01905],
			"rotation": {"angle": 0, "axis": "y", "origin": [4.53176, 12.34561, 10.67145]},
			"faces": {
				"north": {"uv": [3.32031, 3.76563, 3.82031, 5.16563], "texture": "#0"},
				"east": {"uv": [3.32031, 3.76563, 3.82031, 5.16563], "texture": "#0"},
				"south": {"uv": [3.32031, 3.76563, 3.82031, 5.16563], "texture": "#0"},
				"west": {"uv": [3.32031, 3.76563, 3.82031, 5.16563], "texture": "#0"},
				"up": {"uv": [3.32031, 3.76563, 3.82031, 4.26563], "rotation": 90, "texture": "#0"},
				"down": {"uv": [3.32031, 3.76563, 3.82031, 4.26563], "rotation": 270, "texture": "#0"}
			}
		},
		{
			"from": [7.80321, 11.04752, 8.49703],
			"to": [8.30321, 11.54752, 8.89703],
			"rotation": {"angle": -22.5, "axis": "x", "origin": [8.05321, 10.29752, 8.69703]},
			"faces": {
				"north": {"uv": [3.32031, 3.76563, 3.82031, 4.26563], "rotation": 270, "texture": "#0"},
				"east": {"uv": [3.32031, 3.76563, 3.82031, 4.16563], "rotation": 90, "texture": "#0"},
				"south": {"uv": [3.32031, 3.76563, 3.82031, 4.26563], "rotation": 270, "texture": "#0"},
				"west": {"uv": [3.32031, 3.76563, 3.82031, 4.16563], "rotation": 270, "texture": "#0"},
				"up": {"uv": [3.32031, 3.76563, 3.82031, 4.16563], "texture": "#0"},
				"down": {"uv": [3.32031, 3.76563, 3.82031, 4.16563], "rotation": 180, "texture": "#0"}
			}
		},
		{
			"from": [7.80321, 12.96857, 7.75413],
			"to": [8.30321, 13.46857, 8.22413],
			"rotation": {"angle": 0, "axis": "y", "origin": [8.05321, 13.21857, 7.98913]},
			"faces": {
				"north": {"uv": [3.32031, 3.76563, 3.82031, 4.26563], "rotation": 90, "texture": "#0"},
				"east": {"uv": [3.32031, 3.76563, 3.82031, 4.23563], "rotation": 270, "texture": "#0"},
				"south": {"uv": [3.32031, 3.76563, 3.82031, 4.26563], "rotation": 90, "texture": "#0"},
				"west": {"uv": [3.32031, 3.76563, 3.82031, 4.23563], "rotation": 90, "texture": "#0"},
				"up": {"uv": [3.32031, 3.76563, 3.82031, 4.23563], "rotation": 180, "texture": "#0"},
				"down": {"uv": [3.32031, 3.76563, 3.82031, 4.23563], "texture": "#0"}
			}
		},
		{
			"from": [7.80321, 12.91106, 8.11434],
			"to": [8.30321, 13.41106, 8.51434],
			"rotation": {"angle": 22.5, "axis": "x", "origin": [8.05321, 13.16106, 8.31434]},
			"faces": {
				"north": {"uv": [3.32031, 3.76563, 3.82031, 4.26563], "rotation": 90, "texture": "#0"},
				"east": {"uv": [3.32031, 3.76563, 3.82031, 4.16563], "rotation": 90, "texture": "#0"},
				"south": {"uv": [3.32031, 3.76563, 3.82031, 4.26563], "rotation": 90, "texture": "#0"},
				"west": {"uv": [3.32031, 3.76563, 3.82031, 4.16563], "rotation": 270, "texture": "#0"},
				"up": {"uv": [3.32031, 3.76563, 3.82031, 4.16563], "texture": "#0"},
				"down": {"uv": [3.32031, 3.76563, 3.82031, 4.16563], "rotation": 180, "texture": "#0"}
			}
		},
		{
			"from": [7.80321, 12.62658, 8.38014],
			"to": [8.30321, 13.22658, 8.88014],
			"rotation": {"angle": -45, "axis": "x", "origin": [8.05321, 12.92658, 8.63014]},
			"faces": {
				"north": {"uv": [3.32031, 3.76563, 3.82031, 4.36562], "rotation": 180, "texture": "#0"},
				"east": {"uv": [3.32031, 3.76563, 3.82031, 4.36562], "rotation": 180, "texture": "#0"},
				"south": {"uv": [3.32031, 3.76563, 3.82031, 4.36562], "rotation": 180, "texture": "#0"},
				"west": {"uv": [3.32031, 3.76563, 3.82031, 4.36562], "rotation": 180, "texture": "#0"},
				"up": {"uv": [3.32031, 3.76563, 3.82031, 4.26563], "texture": "#0"},
				"down": {"uv": [3.32031, 3.76563, 3.82031, 4.26563], "texture": "#0"}
			}
		},
		{
			"from": [7.80321, 12.67658, 7.04922],
			"to": [8.30321, 13.17658, 7.64922],
			"rotation": {"angle": -45, "axis": "x", "origin": [8.05321, 12.92658, 7.34922]},
			"faces": {
				"north": {"uv": [3.32031, 3.76563, 3.82031, 4.26563], "rotation": 180, "texture": "#0"},
				"east": {"uv": [3.32031, 3.76563, 3.82031, 4.36563], "rotation": 270, "texture": "#0"},
				"south": {"uv": [3.32031, 3.76563, 3.82031, 4.26563], "texture": "#0"},
				"west": {"uv": [3.32031, 3.76563, 3.82031, 4.36563], "rotation": 90, "texture": "#0"},
				"up": {"uv": [3.32031, 3.76563, 3.82031, 4.36563], "rotation": 180, "texture": "#0"},
				"down": {"uv": [3.32031, 3.76563, 3.82031, 4.36563], "texture": "#0"}
			}
		},
		{
			"from": [7.80321, 11.15587, 8.38014],
			"to": [8.30321, 11.75587, 8.88014],
			"rotation": {"angle": 45, "axis": "x", "origin": [8.05321, 11.45587, 8.63014]},
			"faces": {
				"north": {"uv": [3.32031, 3.76563, 3.82031, 4.36562], "rotation": 180, "texture": "#0"},
				"east": {"uv": [3.32031, 3.76563, 3.82031, 4.36562], "rotation": 180, "texture": "#0"},
				"south": {"uv": [3.32031, 3.76563, 3.82031, 4.36562], "rotation": 180, "texture": "#0"},
				"west": {"uv": [3.32031, 3.76563, 3.82031, 4.36562], "rotation": 180, "texture": "#0"},
				"up": {"uv": [3.32031, 3.76563, 3.82031, 4.26563], "texture": "#0"},
				"down": {"uv": [3.32031, 3.76563, 3.82031, 4.26563], "texture": "#0"}
			}
		},
		{
			"from": [7.80321, 11.20587, 7.04922],
			"to": [8.30321, 11.70587, 7.64922],
			"rotation": {"angle": 45, "axis": "x", "origin": [8.05321, 11.45587, 7.34922]},
			"faces": {
				"north": {"uv": [3.32031, 3.76563, 3.82031, 4.26563], "rotation": 180, "texture": "#0"},
				"east": {"uv": [3.32031, 3.76563, 3.82031, 4.36563], "rotation": 270, "texture": "#0"},
				"south": {"uv": [3.32031, 3.76563, 3.82031, 4.26563], "texture": "#0"},
				"west": {"uv": [3.32031, 3.76563, 3.82031, 4.36563], "rotation": 90, "texture": "#0"},
				"up": {"uv": [3.32031, 3.76563, 3.82031, 4.36563], "rotation": 180, "texture": "#0"},
				"down": {"uv": [3.32031, 3.76563, 3.82031, 4.36563], "texture": "#0"}
			}
		},
		{
			"from": [7.80321, 12.91106, 7.46503],
			"to": [8.30321, 13.41106, 7.86503],
			"rotation": {"angle": -22.5, "axis": "x", "origin": [8.05321, 13.16106, 7.66503]},
			"faces": {
				"north": {"uv": [3.32031, 3.76563, 3.82031, 4.26563], "rotation": 270, "texture": "#0"},
				"east": {"uv": [3.32031, 3.76563, 3.82031, 4.16563], "rotation": 90, "texture": "#0"},
				"south": {"uv": [3.32031, 3.76563, 3.82031, 4.26563], "rotation": 270, "texture": "#0"},
				"west": {"uv": [3.32031, 3.76563, 3.82031, 4.16563], "rotation": 270, "texture": "#0"},
				"up": {"uv": [3.32031, 3.76563, 3.82031, 4.16563], "texture": "#0"},
				"down": {"uv": [3.32031, 3.76563, 3.82031, 4.16563], "rotation": 180, "texture": "#0"}
			}
		},
		{
			"from": [7.80321, 10.9714, 7.46503],
			"to": [8.30321, 11.4714, 7.86503],
			"rotation": {"angle": 22.5, "axis": "x", "origin": [8.05321, 11.2214, 7.66503]},
			"faces": {
				"north": {"uv": [3.32031, 3.76563, 3.82031, 4.26563], "rotation": 90, "texture": "#0"},
				"east": {"uv": [3.32031, 3.76563, 3.82031, 4.16562], "rotation": 90, "texture": "#0"},
				"south": {"uv": [3.32031, 3.76563, 3.82031, 4.26563], "rotation": 90, "texture": "#0"},
				"west": {"uv": [3.32031, 3.76563, 3.82031, 4.16562], "rotation": 270, "texture": "#0"},
				"up": {"uv": [3.32031, 3.76563, 3.82031, 4.16562], "texture": "#0"},
				"down": {"uv": [3.32031, 3.76563, 3.82031, 4.16562], "rotation": 180, "texture": "#0"}
			}
		},
		{
			"from": [7.80321, 10.91389, 7.75413],
			"to": [8.30321, 11.41389, 8.22413],
			"rotation": {"angle": 0, "axis": "y", "origin": [8.05321, 11.16389, 7.98913]},
			"faces": {
				"north": {"uv": [3.32031, 3.76563, 3.82031, 4.26563], "rotation": 90, "texture": "#0"},
				"east": {"uv": [3.32031, 3.76563, 3.82031, 4.23563], "rotation": 270, "texture": "#0"},
				"south": {"uv": [3.32031, 3.76563, 3.82031, 4.26563], "rotation": 90, "texture": "#0"},
				"west": {"uv": [3.32031, 3.76563, 3.82031, 4.23563], "rotation": 90, "texture": "#0"},
				"up": {"uv": [3.32031, 3.76563, 3.82031, 4.23563], "rotation": 180, "texture": "#0"},
				"down": {"uv": [3.32031, 3.76563, 3.82031, 4.23563], "texture": "#0"}
			}
		},
		{
			"from": [7.02063, 12.99123, 7.7],
			"to": [7.52063, 14.39123, 8.2],
			"rotation": {"angle": 0, "axis": "y", "origin": [7.02063, 13.19123, 7.7]},
			"faces": {
				"north": {"uv": [3.32031, 3.76563, 3.82031, 5.16563], "texture": "#0"},
				"east": {"uv": [3.32031, 3.76563, 3.82031, 5.16563], "texture": "#0"},
				"south": {"uv": [3.32031, 3.76563, 3.82031, 5.16563], "texture": "#0"},
				"west": {"uv": [3.32031, 3.76563, 3.82031, 5.16563], "texture": "#0"},
				"up": {"uv": [3.32031, 3.76563, 3.82031, 4.26563], "texture": "#0"},
				"down": {"uv": [3.32031, 3.76563, 3.82031, 4.26563], "texture": "#0"}
			}
		},
		{
			"from": [8.57937, 12.99123, 7.7],
			"to": [9.07937, 14.39123, 8.2],
			"rotation": {"angle": 0, "axis": "y", "origin": [6.77937, 13.19123, 7.7]},
			"faces": {
				"north": {"uv": [3.32031, 3.76563, 3.82031, 5.16563], "texture": "#0"},
				"east": {"uv": [3.32031, 3.76563, 3.82031, 5.16563], "texture": "#0"},
				"south": {"uv": [3.32031, 3.76563, 3.82031, 5.16563], "texture": "#0"},
				"west": {"uv": [3.32031, 3.76563, 3.82031, 5.16563], "texture": "#0"},
				"up": {"uv": [3.32031, 3.76563, 3.82031, 4.26563], "texture": "#0"},
				"down": {"uv": [3.32031, 3.76563, 3.82031, 4.26563], "texture": "#0"}
			}
		},
		{
			"from": [8.4051, 14.11194, 7.7],
			"to": [8.9051, 14.71194, 8.2],
			"rotation": {"angle": 45, "axis": "z", "origin": [8.6551, 14.46194, 7.95]},
			"faces": {
				"north": {"uv": [3.32031, 3.76563, 3.82031, 4.36562], "texture": "#0"},
				"east": {"uv": [3.32031, 3.76563, 3.82031, 4.36562], "texture": "#0"},
				"south": {"uv": [3.32031, 3.76563, 3.82031, 4.36562], "texture": "#0"},
				"west": {"uv": [3.32031, 3.76563, 3.82031, 4.36562], "texture": "#0"},
				"up": {"uv": [3.32031, 3.76563, 3.82031, 4.26563], "texture": "#0"},
				"down": {"uv": [3.32031, 3.76563, 3.82031, 4.26563], "texture": "#0"}
			}
		},
		{
			"from": [8.17846, 14.43019, 7.7],
			"to": [8.57846, 14.93019, 8.2],
			"rotation": {"angle": -22.5, "axis": "z", "origin": [8.32846, 14.68019, 7.95]},
			"faces": {
				"north": {"uv": [3.32031, 3.76563, 3.82031, 4.16563], "rotation": 90, "texture": "#0"},
				"east": {"uv": [3.32031, 3.76563, 3.82031, 4.26563], "rotation": 270, "texture": "#0"},
				"south": {"uv": [3.32031, 3.76563, 3.82031, 4.16563], "rotation": 270, "texture": "#0"},
				"west": {"uv": [3.32031, 3.76563, 3.82031, 4.26563], "rotation": 270, "texture": "#0"},
				"up": {"uv": [3.32031, 3.76563, 3.82031, 4.16563], "rotation": 270, "texture": "#0"},
				"down": {"uv": [3.32031, 3.76563, 3.82031, 4.16563], "rotation": 270, "texture": "#0"}
			}
		},
		{
			"from": [7.1949, 14.11194, 7.7],
			"to": [7.6949, 14.71194, 8.2],
			"rotation": {"angle": -45, "axis": "z", "origin": [7.4449, 14.46194, 7.95]},
			"faces": {
				"north": {"uv": [3.32031, 3.76563, 3.82031, 4.36562], "texture": "#0"},
				"east": {"uv": [3.32031, 3.76563, 3.82031, 4.36562], "texture": "#0"},
				"south": {"uv": [3.32031, 3.76563, 3.82031, 4.36562], "texture": "#0"},
				"west": {"uv": [3.32031, 3.76563, 3.82031, 4.36562], "texture": "#0"},
				"up": {"uv": [3.32031, 3.76563, 3.82031, 4.26563], "texture": "#0"},
				"down": {"uv": [3.32031, 3.76563, 3.82031, 4.26563], "texture": "#0"}
			}
		},
		{
			"from": [7.52154, 14.43019, 7.7],
			"to": [7.92154, 14.93019, 8.2],
			"rotation": {"angle": 22.5, "axis": "z", "origin": [7.77154, 14.68019, 7.95]},
			"faces": {
				"north": {"uv": [3.32031, 3.76563, 3.82031, 4.16562], "rotation": 270, "texture": "#0"},
				"east": {"uv": [3.32031, 3.76563, 3.82031, 4.26563], "rotation": 90, "texture": "#0"},
				"south": {"uv": [3.32031, 3.76563, 3.82031, 4.16562], "rotation": 90, "texture": "#0"},
				"west": {"uv": [3.32031, 3.76563, 3.82031, 4.26563], "rotation": 90, "texture": "#0"},
				"up": {"uv": [3.32031, 3.76563, 3.82031, 4.16562], "rotation": 90, "texture": "#0"},
				"down": {"uv": [3.32031, 3.76563, 3.82031, 4.16562], "rotation": 90, "texture": "#0"}
			}
		},
		{
			"from": [7.81445, 14.46857, 7.7],
			"to": [8.28445, 14.96857, 8.2],
			"rotation": {"angle": 0, "axis": "z", "origin": [8.01445, 14.71857, 7.95]},
			"faces": {
				"north": {"uv": [3.32031, 3.76563, 3.82031, 4.23563], "rotation": 270, "texture": "#0"},
				"east": {"uv": [3.32031, 3.76563, 3.82031, 4.26563], "rotation": 90, "texture": "#0"},
				"south": {"uv": [3.32031, 3.76563, 3.82031, 4.23563], "rotation": 90, "texture": "#0"},
				"west": {"uv": [3.32031, 3.76563, 3.82031, 4.26563], "rotation": 90, "texture": "#0"},
				"up": {"uv": [3.32031, 3.76563, 3.82031, 4.23563], "rotation": 90, "texture": "#0"},
				"down": {"uv": [3.32031, 3.76563, 3.82031, 4.23563], "rotation": 90, "texture": "#0"}
			}
		},
		{
			"from": [7.12418, 12.64123, 7.7],
			"to": [7.62418, 13.24123, 8.2],
			"rotation": {"angle": 45, "axis": "z", "origin": [7.37418, 12.99123, 7.95]},
			"faces": {
				"north": {"uv": [3.32031, 3.76563, 3.82031, 4.36562], "texture": "#0"},
				"east": {"uv": [3.32031, 3.76563, 3.82031, 4.36562], "texture": "#0"},
				"south": {"uv": [3.32031, 3.76563, 3.82031, 4.36562], "texture": "#0"},
				"west": {"uv": [3.32031, 3.76563, 3.82031, 4.36562], "texture": "#0"},
				"up": {"uv": [3.32031, 3.76563, 3.82031, 4.26563], "texture": "#0"},
				"down": {"uv": [3.32031, 3.76563, 3.82031, 4.26563], "texture": "#0"}
			}
		},
		{
			"from": [7.52915, 12.49053, 7.7],
			"to": [7.92915, 12.99053, 8.2],
			"rotation": {"angle": -22.5, "axis": "z", "origin": [7.67915, 12.74053, 7.95]},
			"faces": {
				"north": {"uv": [3.32031, 3.76563, 3.82031, 4.16563], "rotation": 90, "texture": "#0"},
				"east": {"uv": [3.32031, 3.76563, 3.82031, 4.26563], "rotation": 270, "texture": "#0"},
				"south": {"uv": [3.32031, 3.76563, 3.82031, 4.16563], "rotation": 270, "texture": "#0"},
				"west": {"uv": [3.32031, 3.76563, 3.82031, 4.26563], "rotation": 270, "texture": "#0"},
				"up": {"uv": [3.32031, 3.76563, 3.82031, 4.16563], "rotation": 270, "texture": "#0"},
				"down": {"uv": [3.32031, 3.76563, 3.82031, 4.16563], "rotation": 270, "texture": "#0"}
			}
		},
		{
			"from": [7.81445, 12.41389, 7.7],
			"to": [8.28445, 12.91389, 8.2],
			"rotation": {"angle": 0, "axis": "z", "origin": [8.01445, 12.66389, 7.95]},
			"faces": {
				"north": {"uv": [3.32031, 3.76563, 3.82031, 4.23563], "rotation": 270, "texture": "#0"},
				"east": {"uv": [3.32031, 3.76563, 3.82031, 4.26563], "rotation": 90, "texture": "#0"},
				"south": {"uv": [3.32031, 3.76563, 3.82031, 4.23563], "rotation": 90, "texture": "#0"},
				"west": {"uv": [3.32031, 3.76563, 3.82031, 4.26563], "rotation": 90, "texture": "#0"},
				"up": {"uv": [3.32031, 3.76563, 3.82031, 4.23563], "rotation": 90, "texture": "#0"},
				"down": {"uv": [3.32031, 3.76563, 3.82031, 4.23563], "rotation": 90, "texture": "#0"}
			}
		},
		{
			"from": [8.17085, 12.49053, 7.7],
			"to": [8.57085, 12.99053, 8.2],
			"rotation": {"angle": 22.5, "axis": "z", "origin": [8.42085, 12.74053, 7.95]},
			"faces": {
				"north": {"uv": [3.32031, 3.76563, 3.82031, 4.16563], "rotation": 270, "texture": "#0"},
				"east": {"uv": [3.32031, 3.76563, 3.82031, 4.26563], "rotation": 90, "texture": "#0"},
				"south": {"uv": [3.32031, 3.76563, 3.82031, 4.16563], "rotation": 90, "texture": "#0"},
				"west": {"uv": [3.32031, 3.76563, 3.82031, 4.26563], "rotation": 90, "texture": "#0"},
				"up": {"uv": [3.32031, 3.76563, 3.82031, 4.16563], "rotation": 90, "texture": "#0"},
				"down": {"uv": [3.32031, 3.76563, 3.82031, 4.16563], "rotation": 90, "texture": "#0"}
			}
		},
		{
			"from": [8.47582, 12.64123, 7.7],
			"to": [8.97582, 13.24123, 8.2],
			"rotation": {"angle": -45, "axis": "z", "origin": [8.72582, 12.99123, 7.95]},
			"faces": {
				"north": {"uv": [3.32031, 3.76563, 3.82031, 4.36562], "texture": "#0"},
				"east": {"uv": [3.32031, 3.76563, 3.82031, 4.36562], "texture": "#0"},
				"south": {"uv": [3.32031, 3.76563, 3.82031, 4.36562], "texture": "#0"},
				"west": {"uv": [3.32031, 3.76563, 3.82031, 4.36562], "texture": "#0"},
				"up": {"uv": [3.32031, 3.76563, 3.82031, 4.26563], "texture": "#0"},
				"down": {"uv": [3.32031, 3.76563, 3.82031, 4.26563], "texture": "#0"}
			}
		},
		{
			"from": [7.80321, 14.49123, 6.96032],
			"to": [8.30321, 15.89123, 7.46032],
			"rotation": {"angle": 0, "axis": "y", "origin": [4.53176, 15.34561, 10.67145]},
			"faces": {
				"north": {"uv": [3.32031, 3.76563, 3.82031, 5.16563], "texture": "#0"},
				"east": {"uv": [3.32031, 3.76563, 3.82031, 5.16563], "texture": "#0"},
				"south": {"uv": [3.32031, 3.76563, 3.82031, 5.16563], "texture": "#0"},
				"west": {"uv": [3.32031, 3.76563, 3.82031, 5.16563], "texture": "#0"},
				"up": {"uv": [3.32031, 3.76563, 3.82031, 4.26563], "rotation": 90, "texture": "#0"},
				"down": {"uv": [3.32031, 3.76563, 3.82031, 4.26563], "rotation": 270, "texture": "#0"}
			}
		},
		{
			"from": [7.80321, 14.49123, 8.51905],
			"to": [8.30321, 15.89123, 9.01905],
			"rotation": {"angle": 0, "axis": "y", "origin": [4.53176, 15.34561, 10.67145]},
			"faces": {
				"north": {"uv": [3.32031, 3.76563, 3.82031, 5.16563], "texture": "#0"},
				"east": {"uv": [3.32031, 3.76563, 3.82031, 5.16563], "texture": "#0"},
				"south": {"uv": [3.32031, 3.76563, 3.82031, 5.16563], "texture": "#0"},
				"west": {"uv": [3.32031, 3.76563, 3.82031, 5.16563], "texture": "#0"},
				"up": {"uv": [3.32031, 3.76563, 3.82031, 4.26563], "rotation": 90, "texture": "#0"},
				"down": {"uv": [3.32031, 3.76563, 3.82031, 4.26563], "rotation": 270, "texture": "#0"}
			}
		},
		{
			"from": [7.80321, 14.04752, 8.49703],
			"to": [8.30321, 14.54752, 8.89703],
			"rotation": {"angle": -22.5, "axis": "x", "origin": [8.05321, 13.29752, 8.69703]},
			"faces": {
				"north": {"uv": [3.32031, 3.76563, 3.82031, 4.26563], "rotation": 270, "texture": "#0"},
				"east": {"uv": [3.32031, 3.76563, 3.82031, 4.16563], "rotation": 90, "texture": "#0"},
				"south": {"uv": [3.32031, 3.76563, 3.82031, 4.26563], "rotation": 270, "texture": "#0"},
				"west": {"uv": [3.32031, 3.76563, 3.82031, 4.16563], "rotation": 270, "texture": "#0"},
				"up": {"uv": [3.32031, 3.76563, 3.82031, 4.16563], "texture": "#0"},
				"down": {"uv": [3.32031, 3.76563, 3.82031, 4.16563], "rotation": 180, "texture": "#0"}
			}
		},
		{
			"from": [7.80321, 15.96857, 7.75413],
			"to": [8.30321, 16.46857, 8.22413],
			"rotation": {"angle": 0, "axis": "y", "origin": [8.05321, 16.21857, 7.98913]},
			"faces": {
				"north": {"uv": [3.32031, 3.76563, 3.82031, 4.26563], "rotation": 90, "texture": "#0"},
				"east": {"uv": [3.32031, 3.76563, 3.82031, 4.23563], "rotation": 270, "texture": "#0"},
				"south": {"uv": [3.32031, 3.76563, 3.82031, 4.26563], "rotation": 90, "texture": "#0"},
				"west": {"uv": [3.32031, 3.76563, 3.82031, 4.23563], "rotation": 90, "texture": "#0"},
				"up": {"uv": [3.32031, 3.76563, 3.82031, 4.23563], "rotation": 180, "texture": "#0"},
				"down": {"uv": [3.32031, 3.76563, 3.82031, 4.23563], "texture": "#0"}
			}
		},
		{
			"from": [7.80321, 15.91106, 8.11434],
			"to": [8.30321, 16.41106, 8.51434],
			"rotation": {"angle": 22.5, "axis": "x", "origin": [8.05321, 16.16106, 8.31434]},
			"faces": {
				"north": {"uv": [3.32031, 3.76563, 3.82031, 4.26563], "rotation": 90, "texture": "#0"},
				"east": {"uv": [3.32031, 3.76563, 3.82031, 4.16563], "rotation": 90, "texture": "#0"},
				"south": {"uv": [3.32031, 3.76563, 3.82031, 4.26563], "rotation": 90, "texture": "#0"},
				"west": {"uv": [3.32031, 3.76563, 3.82031, 4.16563], "rotation": 270, "texture": "#0"},
				"up": {"uv": [3.32031, 3.76563, 3.82031, 4.16563], "texture": "#0"},
				"down": {"uv": [3.32031, 3.76563, 3.82031, 4.16563], "rotation": 180, "texture": "#0"}
			}
		},
		{
			"from": [7.80321, 15.62658, 8.38014],
			"to": [8.30321, 16.22658, 8.88014],
			"rotation": {"angle": -45, "axis": "x", "origin": [8.05321, 15.92658, 8.63014]},
			"faces": {
				"north": {"uv": [3.32031, 3.76563, 3.82031, 4.36563], "rotation": 180, "texture": "#0"},
				"east": {"uv": [3.32031, 3.76563, 3.82031, 4.36563], "rotation": 180, "texture": "#0"},
				"south": {"uv": [3.32031, 3.76563, 3.82031, 4.36563], "rotation": 180, "texture": "#0"},
				"west": {"uv": [3.32031, 3.76563, 3.82031, 4.36563], "rotation": 180, "texture": "#0"},
				"up": {"uv": [3.32031, 3.76563, 3.82031, 4.26563], "texture": "#0"},
				"down": {"uv": [3.32031, 3.76563, 3.82031, 4.26563], "texture": "#0"}
			}
		},
		{
			"from": [7.80321, 15.67658, 7.04922],
			"to": [8.30321, 16.17658, 7.64922],
			"rotation": {"angle": -45, "axis": "x", "origin": [8.05321, 15.92658, 7.34922]},
			"faces": {
				"north": {"uv": [3.32031, 3.76563, 3.82031, 4.26563], "rotation": 180, "texture": "#0"},
				"east": {"uv": [3.32031, 3.76563, 3.82031, 4.36563], "rotation": 270, "texture": "#0"},
				"south": {"uv": [3.32031, 3.76563, 3.82031, 4.26563], "texture": "#0"},
				"west": {"uv": [3.32031, 3.76563, 3.82031, 4.36563], "rotation": 90, "texture": "#0"},
				"up": {"uv": [3.32031, 3.76563, 3.82031, 4.36563], "rotation": 180, "texture": "#0"},
				"down": {"uv": [3.32031, 3.76563, 3.82031, 4.36563], "texture": "#0"}
			}
		},
		{
			"from": [7.80321, 14.15587, 8.38014],
			"to": [8.30321, 14.75587, 8.88014],
			"rotation": {"angle": 45, "axis": "x", "origin": [8.05321, 14.45587, 8.63014]},
			"faces": {
				"north": {"uv": [3.32031, 3.76563, 3.82031, 4.36562], "rotation": 180, "texture": "#0"},
				"east": {"uv": [3.32031, 3.76563, 3.82031, 4.36562], "rotation": 180, "texture": "#0"},
				"south": {"uv": [3.32031, 3.76563, 3.82031, 4.36562], "rotation": 180, "texture": "#0"},
				"west": {"uv": [3.32031, 3.76563, 3.82031, 4.36562], "rotation": 180, "texture": "#0"},
				"up": {"uv": [3.32031, 3.76563, 3.82031, 4.26563], "texture": "#0"},
				"down": {"uv": [3.32031, 3.76563, 3.82031, 4.26563], "texture": "#0"}
			}
		},
		{
			"from": [7.80321, 14.20587, 7.04922],
			"to": [8.30321, 14.70587, 7.64922],
			"rotation": {"angle": 45, "axis": "x", "origin": [8.05321, 14.45587, 7.34922]},
			"faces": {
				"north": {"uv": [3.32031, 3.76563, 3.82031, 4.26563], "rotation": 180, "texture": "#0"},
				"east": {"uv": [3.32031, 3.76563, 3.82031, 4.36563], "rotation": 270, "texture": "#0"},
				"south": {"uv": [3.32031, 3.76563, 3.82031, 4.26563], "texture": "#0"},
				"west": {"uv": [3.32031, 3.76563, 3.82031, 4.36563], "rotation": 90, "texture": "#0"},
				"up": {"uv": [3.32031, 3.76563, 3.82031, 4.36563], "rotation": 180, "texture": "#0"},
				"down": {"uv": [3.32031, 3.76563, 3.82031, 4.36563], "texture": "#0"}
			}
		},
		{
			"from": [7.80321, 15.91106, 7.46503],
			"to": [8.30321, 16.41106, 7.86503],
			"rotation": {"angle": -22.5, "axis": "x", "origin": [8.05321, 16.16106, 7.66503]},
			"faces": {
				"north": {"uv": [3.32031, 3.76563, 3.82031, 4.26563], "rotation": 270, "texture": "#0"},
				"east": {"uv": [3.32031, 3.76563, 3.82031, 4.16563], "rotation": 90, "texture": "#0"},
				"south": {"uv": [3.32031, 3.76563, 3.82031, 4.26563], "rotation": 270, "texture": "#0"},
				"west": {"uv": [3.32031, 3.76563, 3.82031, 4.16563], "rotation": 270, "texture": "#0"},
				"up": {"uv": [3.32031, 3.76563, 3.82031, 4.16563], "texture": "#0"},
				"down": {"uv": [3.32031, 3.76563, 3.82031, 4.16563], "rotation": 180, "texture": "#0"}
			}
		},
		{
			"from": [7.80321, 13.9714, 7.46503],
			"to": [8.30321, 14.4714, 7.86503],
			"rotation": {"angle": 22.5, "axis": "x", "origin": [8.05321, 14.2214, 7.66503]},
			"faces": {
				"north": {"uv": [3.32031, 3.76563, 3.82031, 4.26563], "rotation": 90, "texture": "#0"},
				"east": {"uv": [3.32031, 3.76563, 3.82031, 4.16562], "rotation": 90, "texture": "#0"},
				"south": {"uv": [3.32031, 3.76563, 3.82031, 4.26563], "rotation": 90, "texture": "#0"},
				"west": {"uv": [3.32031, 3.76563, 3.82031, 4.16562], "rotation": 270, "texture": "#0"},
				"up": {"uv": [3.32031, 3.76563, 3.82031, 4.16562], "texture": "#0"},
				"down": {"uv": [3.32031, 3.76563, 3.82031, 4.16562], "rotation": 180, "texture": "#0"}
			}
		},
		{
			"from": [7.80321, 13.91389, 7.75413],
			"to": [8.30321, 14.41389, 8.22413],
			"rotation": {"angle": 0, "axis": "y", "origin": [8.05321, 14.16389, 7.98913]},
			"faces": {
				"north": {"uv": [3.32031, 3.76563, 3.82031, 4.26563], "rotation": 90, "texture": "#0"},
				"east": {"uv": [3.32031, 3.76563, 3.82031, 4.23563], "rotation": 270, "texture": "#0"},
				"south": {"uv": [3.32031, 3.76563, 3.82031, 4.26563], "rotation": 90, "texture": "#0"},
				"west": {"uv": [3.32031, 3.76563, 3.82031, 4.23563], "rotation": 90, "texture": "#0"},
				"up": {"uv": [3.32031, 3.76563, 3.82031, 4.23563], "rotation": 180, "texture": "#0"},
				"down": {"uv": [3.32031, 3.76563, 3.82031, 4.23563], "texture": "#0"}
			}
		},
		{
			"from": [7.12418, 15.64123, 7.7],
			"to": [7.62418, 16.24123, 8.2],
			"rotation": {"angle": 45, "axis": "z", "origin": [7.37418, 15.99123, 7.95]},
			"faces": {
				"north": {"uv": [3.32031, 3.76563, 3.82031, 4.36563], "texture": "#0"},
				"east": {"uv": [3.32031, 3.76563, 3.82031, 4.36563], "texture": "#0"},
				"south": {"uv": [3.32031, 3.76563, 3.82031, 4.36563], "texture": "#0"},
				"west": {"uv": [3.32031, 3.76563, 3.82031, 4.36563], "texture": "#0"},
				"up": {"uv": [3.32031, 3.76563, 3.82031, 4.26563], "texture": "#0"},
				"down": {"uv": [3.32031, 3.76563, 3.82031, 4.26563], "texture": "#0"}
			}
		},
		{
			"from": [7.52915, 15.49053, 7.7],
			"to": [7.92915, 15.99053, 8.2],
			"rotation": {"angle": -22.5, "axis": "z", "origin": [7.67915, 15.74053, 7.95]},
			"faces": {
				"north": {"uv": [3.32031, 3.76563, 3.82031, 4.16563], "rotation": 90, "texture": "#0"},
				"east": {"uv": [3.32031, 3.76563, 3.82031, 4.26563], "rotation": 270, "texture": "#0"},
				"south": {"uv": [3.32031, 3.76563, 3.82031, 4.16563], "rotation": 270, "texture": "#0"},
				"west": {"uv": [3.32031, 3.76563, 3.82031, 4.26563], "rotation": 270, "texture": "#0"},
				"up": {"uv": [3.32031, 3.76563, 3.82031, 4.16563], "rotation": 270, "texture": "#0"},
				"down": {"uv": [3.32031, 3.76563, 3.82031, 4.16563], "rotation": 270, "texture": "#0"}
			}
		},
		{
			"from": [7.81445, 15.41389, 7.7],
			"to": [8.28445, 15.91389, 8.2],
			"rotation": {"angle": 0, "axis": "z", "origin": [8.01445, 15.66389, 7.95]},
			"faces": {
				"north": {"uv": [3.32031, 3.76563, 3.82031, 4.23563], "rotation": 270, "texture": "#0"},
				"east": {"uv": [3.32031, 3.76563, 3.82031, 4.26563], "rotation": 90, "texture": "#0"},
				"south": {"uv": [3.32031, 3.76563, 3.82031, 4.23563], "rotation": 90, "texture": "#0"},
				"west": {"uv": [3.32031, 3.76563, 3.82031, 4.26563], "rotation": 90, "texture": "#0"},
				"up": {"uv": [3.32031, 3.76563, 3.82031, 4.23563], "rotation": 90, "texture": "#0"},
				"down": {"uv": [3.32031, 3.76563, 3.82031, 4.23563], "rotation": 90, "texture": "#0"}
			}
		},
		{
			"from": [8.17085, 15.49053, 7.7],
			"to": [8.57085, 15.99053, 8.2],
			"rotation": {"angle": 22.5, "axis": "z", "origin": [8.42085, 15.74053, 7.95]},
			"faces": {
				"north": {"uv": [3.32031, 3.76563, 3.82031, 4.16563], "rotation": 270, "texture": "#0"},
				"east": {"uv": [3.32031, 3.76563, 3.82031, 4.26563], "rotation": 90, "texture": "#0"},
				"south": {"uv": [3.32031, 3.76563, 3.82031, 4.16563], "rotation": 90, "texture": "#0"},
				"west": {"uv": [3.32031, 3.76563, 3.82031, 4.26563], "rotation": 90, "texture": "#0"},
				"up": {"uv": [3.32031, 3.76563, 3.82031, 4.16563], "rotation": 90, "texture": "#0"},
				"down": {"uv": [3.32031, 3.76563, 3.82031, 4.16563], "rotation": 90, "texture": "#0"}
			}
		},
		{
			"from": [8.47582, 15.64123, 7.7],
			"to": [8.97582, 16.24123, 8.2],
			"rotation": {"angle": -45, "axis": "z", "origin": [8.72582, 15.99123, 7.95]},
			"faces": {
				"north": {"uv": [3.32031, 3.76563, 3.82031, 4.36563], "texture": "#0"},
				"east": {"uv": [3.32031, 3.76563, 3.82031, 4.36563], "texture": "#0"},
				"south": {"uv": [3.32031, 3.76563, 3.82031, 4.36563], "texture": "#0"},
				"west": {"uv": [3.32031, 3.76563, 3.82031, 4.36563], "texture": "#0"},
				"up": {"uv": [3.32031, 3.76563, 3.82031, 4.26563], "texture": "#0"},
				"down": {"uv": [3.32031, 3.76563, 3.82031, 4.26563], "texture": "#0"}
			}
		}
	],
	"display": {
		"thirdperson_righthand": {
			"rotation": [30.25, 0, 0]
		},
		"thirdperson_lefthand": {
			"rotation": [33, 0, 0]
		},
		"firstperson_righthand": {
			"rotation": [-21.75, 0, 12.25]
		},
		"firstperson_lefthand": {
			"rotation": [-16.92, -3.35, 10.75]
		},
		"ground": {
			"rotation": [-15.34, -14.39, 86.37],
			"scale": [0.57422, 0.57422, 0.57422]
		},
		"gui": {
			"rotation": [16.41, 22.56, -10.15],
			"scale": [0.99023, 0.99023, 0.99023]
		},
		"fixed": {
			"scale": [1.19727, 1.19727, 1.19727]
		}
	},
	"groups": [
		{
			"name": "group",
			"origin": [1.25321, 1.16389, 0.28913],
			"color": 0,
			"nbt": "{}",
			"armAnimationEnabled": false,
			"children": []
		},
		{
			"name": "group",
			"origin": [1.82582, -0.00877, 0.25],
			"color": 0,
			"nbt": "{}",
			"armAnimationEnabled": false,
			"children": []
		},
		{
			"name": "group",
			"origin": [1.82582, -0.00877, 0.25],
			"color": 0,
			"nbt": "{}",
			"armAnimationEnabled": false,
			"children": [
				{
					"name": "group",
					"origin": [7.4449, 5.46194, 7.95],
					"color": 0,
					"nbt": "{}",
					"armAnimationEnabled": false,
					"children": [0, 1, 2, 3, 4, 5, 6, 7, 8, 9, 10, 11, 12, 13, 14, 15, 16, 17, 18, 19, 20, 21, 22, 23, 24, 25, 26, 27, 28, 29, 30]
				},
				{
					"name": "group",
					"origin": [7.4449, 5.46194, 7.95],
					"color": 0,
					"nbt": "{}",
					"armAnimationEnabled": false,
					"children": []
				}
			]
		},
		{
			"name": "group",
			"origin": [1.82582, -0.00877, 0.25],
			"color": 0,
			"nbt": "{}",
			"armAnimationEnabled": false,
			"children": []
		},
		{
			"name": "group",
			"origin": [1.25321, 1.16389, 0.28913],
			"color": 0,
			"nbt": "{}",
			"armAnimationEnabled": false,
			"children": [31, 32, 33, 34, 35, 36, 37, 38, 39, 40, 41, 42]
		},
		{
			"name": "group",
			"origin": [1.82582, -0.00877, 0.25],
			"color": 0,
			"nbt": "{}",
			"armAnimationEnabled": false,
			"children": [43, 44, 45, 46, 47, 48, 49, 50, 51, 52, 53, 54]
		},
		{
			"name": "group",
			"origin": [1.25321, 1.16389, 0.28913],
			"color": 0,
			"nbt": "{}",
			"armAnimationEnabled": false,
			"children": [55, 56, 57, 58, 59, 60, 61, 62, 63, 64, 65, 66]
		},
		{
			"name": "group",
			"origin": [1.82582, -0.00877, 0.25],
			"color": 0,
			"nbt": "{}",
			"armAnimationEnabled": false,
			"children": [67, 68, 69, 70, 71, 72, 73, 74, 75, 76, 77, 78]
		},
		{
			"name": "group",
			"origin": [1.25321, 1.16389, 0.28913],
			"color": 0,
			"nbt": "{}",
			"armAnimationEnabled": false,
			"children": [79, 80, 81, 82, 83, 84, 85, 86, 87, 88, 89, 90]
		},
		{
			"name": "group",
			"origin": [1.82582, -0.00877, 0.25],
			"color": 0,
			"nbt": "{}",
			"armAnimationEnabled": false,
			"children": [91, 92, 93, 94, 95, 96, 97, 98, 99, 100, 101, 102]
		},
		{
			"name": "group",
			"origin": [1.25321, 1.16389, 0.28913],
			"color": 0,
			"nbt": "{}",
			"armAnimationEnabled": false,
			"children": [103, 104, 105, 106, 107, 108, 109, 110, 111, 112, 113, 114]
		},
		{
			"name": "group",
			"origin": [1.82582, -0.00877, 0.25],
			"color": 0,
			"nbt": "{}",
			"armAnimationEnabled": false,
			"children": [115, 116, 117, 118, 119]
		}
	]
}