{
	"credit": "Made with Blockbench",
	"ambientocclusion": false,
	"textures": {
		"0": "block/iron_bars",
		"particle": "block/iron_bars"
	},
	"elements": [
		{
			"from": [7.6, 0.1, 0],
			"to": [8.4, 0.4, 8.4],
			"faces": {
				"north": {"uv": [14.54844, 0.29844, 13.74844, 0], "texture": "#0"},
				"east": {"uv": [7.6, 0.29844, 16, 0], "rotation": 180, "texture": "#0"},
				"south": {"uv": [14.76719, 2.75313, 13.96719, 2.45313], "texture": "#0"},
				"west": {"uv": [7.6, 0.29844, 16, 0], "rotation": 180, "texture": "#0"},
				"up": {"uv": [7.99842, 0.8, 16, 0], "rotation": 90, "texture": "#0"},
				"down": {"uv": [7.99844, 0.8, 16, 0], "rotation": 90, "texture": "#0"}
			}
		},
		{
			"from": [7.6, -2.1, 0.8],
			"to": [8.4, -1.8, 2],
			"rotation": {"angle": 45, "axis": "x", "origin": [8, 0.25, 4.2]},
			"faces": {
				"north": {"uv": [14.65782, 0.29844, 13.85782, 0], "texture": "#0"},
				"east": {"uv": [9.20937, 0.3, 10.40937, 0], "rotation": 180, "texture": "#0"},
				"south": {"uv": [16, 0, 15.2, 0.3], "texture": "#0"},
				"west": {"uv": [11.55313, 0.3, 12.75313, 0], "rotation": 180, "texture": "#0"},
				"up": {"uv": [7.99842, 0.8, 16, 0], "rotation": 90, "texture": "#0"},
				"down": {"uv": [7.99844, 0.8, 16, 0], "rotation": 90, "texture": "#0"}
			}
		},
		{
			"name": "cubo",
			"from": [6.9, 0, 0],
			"to": [9.1, 15.6, 0.6],
			"rotation": {"angle": 0, "axis": "y", "origin": [0, 0, 7.9]},
			"faces": {
				"north": {"uv": [0, 0, 15.95469, 0.92969], "rotation": 90, "texture": "#0"},
				"east": {"uv": [0.02188, 0, 15.92188, 0.6], "rotation": 90, "texture": "#0"},
				"south": {"uv": [0.4, 0, 15.89063, 0.92656], "rotation": 90, "texture": "#0"},
				"west": {"uv": [0, 0, 15.9, 0.6], "rotation": 90, "texture": "#0"},
				"up": {"uv": [1.03125, 0, 3.03125, 0.6], "rotation": 180, "texture": "#0"},
				"down": {"uv": [0, 0, 2, 0.6], "rotation": 180, "texture": "#0"}
			}
		},
		{
			"name": "cubo",
			"from": [7.2, 0, 0.6],
			"to": [8.8, 15.6, 0.8],
			"rotation": {"angle": 0, "axis": "y", "origin": [0, 0, 7.9]},
			"faces": {
				"north": {"uv": [0, 0, 15.75938, 0.8125], "rotation": 90, "texture": "#0"},
				"east": {"uv": [0.02188, 0, 15.62188, 0.2], "rotation": 90, "texture": "#0"},
				"south": {"uv": [0, 0, 15.70938, 0.81094], "rotation": 90, "texture": "#0"},
				"west": {"uv": [0, 0, 15.9, 0.6], "rotation": 90, "texture": "#0"},
				"up": {"uv": [4.10156, 0, 6.10156, 0.6], "rotation": 180, "texture": "#0"},
				"down": {"uv": [4.14844, 0, 6.14844, 0.6], "rotation": 180, "texture": "#0"}
			}
		},
		{
			"from": [6.9, 15.6, 0],
			"to": [9.1, 16.4, 9],
			"faces": {
				"north": {"uv": [7.28125, 0, 9.28125, 0.5], "rotation": 180, "texture": "#0"},
				"east": {"uv": [0, 0, 9, 0.5], "rotation": 180, "texture": "#0"},
				"south": {"uv": [5.17969, 7.37501, 5.67969, 9.37501], "rotation": 90, "texture": "#0"},
				"west": {"uv": [0, 0, 9, 0.8], "rotation": 180, "texture": "#0"},
				"up": {"uv": [7, 0, 16, 1.0125], "rotation": 90, "texture": "#0"},
				"down": {"uv": [7, 0, 16, 0.98438], "rotation": 90, "texture": "#0"}
			}
		},
		{
			"from": [7.5, 13.8, 0.8],
			"to": [8.6, 14.2, 8.3],
			"faces": {
				"north": {"uv": [14, 0, 16, 0.5], "rotation": 180, "texture": "#0"},
				"east": {"uv": [8.5, 0, 16, 0.4], "rotation": 180, "texture": "#0"},
				"south": {"uv": [13.96875, 2.96094, 14.46875, 4.96094], "rotation": 90, "texture": "#0"},
				"west": {"uv": [7, 0, 16, 0.5], "rotation": 180, "texture": "#0"},
				"up": {"uv": [7, 0, 16, 1.03906], "rotation": 90, "texture": "#0"},
				"down": {"uv": [7, 0, 16, 1.07031], "rotation": 90, "texture": "#0"}
			}
		},
		{
			"from": [7.6, 23.23033, 4.49246],
			"to": [8.5, 23.53033, 5.89246],
			"rotation": {"angle": -45, "axis": "x", "origin": [8.05, 13.53033, 15.09246]},
			"faces": {
				"north": {"uv": [0, 0.15625, 2, 0.65625], "rotation": 180, "texture": "#0"},
				"east": {"uv": [3.19531, 0, 12.19531, 0.5], "rotation": 180, "texture": "#0"},
				"south": {"uv": [3.07812, 0, 5.07812, 0.5], "rotation": 180, "texture": "#0"},
				"west": {"uv": [2.82031, 0.5, 11.82031, 0], "rotation": 180, "texture": "#0"},
				"up": {"uv": [0, 0, 9, 0.95313], "rotation": 90, "texture": "#0"},
				"down": {"uv": [7, 0, 16, 0.78906], "rotation": 90, "texture": "#0"}
			}
		},
		{
			"from": [7.8, 2.9, 2.8],
			"to": [8.3, 3.1, 6.2],
			"rotation": {"angle": 0, "axis": "y", "origin": [0, 0, -7]},
			"faces": {
				"north": {"uv": [7.29687, 15.8, 7.59687, 16], "rotation": 180, "texture": "#0"},
				"east": {"uv": [3.53125, 15.8, 6.73125, 16], "rotation": 180, "texture": "#0"},
				"south": {"uv": [5.92969, 15.72188, 6.42969, 15.52188], "rotation": 180, "texture": "#0"},
				"west": {"uv": [6.24219, 15.48438, 9.44219, 15.68438], "rotation": 180, "texture": "#0"},
				"up": {"uv": [0.72656, 15.5, 4.12656, 16], "rotation": 270, "texture": "#0"},
				"down": {"uv": [0, 15.7, 3.2, 16], "rotation": 270, "texture": "#0"}
			}
		},
		{
			"from": [7.8, 0.4, 4.4],
			"to": [8.3, 2.9, 4.6],
			"rotation": {"angle": 0, "axis": "y", "origin": [0, 0, -7]},
			"faces": {
				"north": {"uv": [0, 15.5, 2.5, 16], "rotation": 90, "texture": "#0"},
				"east": {"uv": [0, 15.8, 2.5, 16], "rotation": 90, "texture": "#0"},
				"south": {"uv": [0, 15.7, 2.5, 16], "rotation": 90, "texture": "#0"},
				"west": {"uv": [0, 15.8, 2.5, 16], "rotation": 90, "texture": "#0"},
				"up": {"uv": [6.55469, 15.48438, 6.75469, 15.98438], "rotation": 90, "texture": "#0"},
				"down": {"uv": [6.96094, 15.52344, 7.16094, 15.82344], "rotation": 90, "texture": "#0"}
			}
		},
		{
			"from": [7.8, 12.6, 2.8],
			"to": [8.3, 12.8, 6.2],
			"rotation": {"angle": 0, "axis": "y", "origin": [0, 0, -7]},
			"faces": {
				"north": {"uv": [0, 15.8, 0.3, 16], "rotation": 180, "texture": "#0"},
				"east": {"uv": [0, 15.8, 3.2, 16], "rotation": 180, "texture": "#0"},
				"south": {"uv": [0, 15.8, 0.3, 16], "rotation": 180, "texture": "#0"},
				"west": {"uv": [0, 15.8, 3.4, 16], "rotation": 180, "texture": "#0"},
				"up": {"uv": [0, 15.5, 3.4, 16], "rotation": 270, "texture": "#0"},
				"down": {"uv": [0, 15.5, 3.4, 16], "rotation": 270, "texture": "#0"}
			}
		},
		{
			"from": [7.8, 3.1, 5.9],
			"to": [8.3, 12.6, 6.2],
			"rotation": {"angle": 0, "axis": "y", "origin": [0, 0, -7]},
			"faces": {
				"north": {"uv": [4.35938, 15.24531, 14.75938, 15.54531], "rotation": 90, "texture": "#0"},
				"east": {"uv": [3.30469, 15.8, 13.70469, 16], "rotation": 90, "texture": "#0"},
				"south": {"uv": [0.8125, 16, 10.3125, 15.5], "rotation": 90, "texture": "#0"},
				"west": {"uv": [4.4375, 15.8, 14.8375, 16], "rotation": 90, "texture": "#0"},
				"up": {"uv": [0.03906, 15.5, 0.33906, 16], "rotation": 90, "texture": "#0"},
				"down": {"uv": [0, 15.7, 0.2, 16], "rotation": 90, "texture": "#0"}
			}
		},
		{
			"from": [7.8, 3.1, 2.8],
			"to": [8.3, 12.6, 3.1],
			"rotation": {"angle": 0, "axis": "y", "origin": [0, 0, -7]},
			"faces": {
				"north": {"uv": [0, 15.7, 10.4, 16], "rotation": 90, "texture": "#0"},
				"east": {"uv": [0, 15.8, 10.4, 16], "rotation": 90, "texture": "#0"},
				"south": {"uv": [0, 16, 9.5, 15.5], "rotation": 90, "texture": "#0"},
				"west": {"uv": [0, 15.8, 10.4, 16], "rotation": 90, "texture": "#0"},
				"up": {"uv": [0.64062, 15.5, 0.94062, 16], "rotation": 90, "texture": "#0"},
				"down": {"uv": [0, 15.7, 0.2, 16], "rotation": 90, "texture": "#0"}
			}
		},
		{
			"from": [7.8, 12.8, 4.4],
			"to": [8.3, 13.8, 4.6],
			"rotation": {"angle": 0, "axis": "y", "origin": [0, 0, -7]},
			"faces": {
				"north": {"uv": [0, 15.5, 1, 16], "rotation": 90, "texture": "#0"},
				"east": {"uv": [0.05469, 15.6, 1.05469, 15.8], "rotation": 90, "texture": "#0"},
				"south": {"uv": [0.05469, 15.5, 1.05469, 16], "rotation": 90, "texture": "#0"},
				"west": {"uv": [0.05469, 15.6, 1.05469, 15.8], "rotation": 90, "texture": "#0"},
				"up": {"uv": [0.05469, 15.3, 0.25469, 15.8], "rotation": 90, "texture": "#0"},
				"down": {"uv": [0.05469, 15.5, 0.25469, 16], "rotation": 90, "texture": "#0"}
			}
		},
		{
			"from": [7.9, 6.28855, 4.39514],
			"to": [8.2, 6.48855, 5.29514],
			"rotation": {"angle": -22.5, "axis": "x", "origin": [8.05, 6.69725, 4.78878]},
			"faces": {
				"north": {"uv": [5.04845, 13.62344, 5.44376, 12.13594], "rotation": 90, "texture": "#0"},
				"east": {"uv": [5.04845, 12.3125, 5.44376, 14.4], "rotation": 90, "texture": "#0"},
				"south": {"uv": [5.04845, 13.62344, 5.44376, 12.13594], "rotation": 90, "texture": "#0"},
				"west": {"uv": [5.04845, 12.3125, 5.44376, 14.4], "rotation": 90, "texture": "#0"},
				"up": {"uv": [5.04845, 13.62344, 5.74532, 12.13594], "rotation": 90, "texture": "#0"},
				"down": {"uv": [5.07188, 11.42031, 5.71407, 9.93281], "rotation": 90, "texture": "#0"}
			}
		},
		{
			"from": [7.9, 7.00866, 5.16014],
			"to": [8.2, 7.50866, 5.36014],
			"rotation": {"angle": 45, "axis": "x", "origin": [8.05, 6.69725, 4.78878]},
			"faces": {
				"north": {"uv": [5.18907, 13.4375, 5.68907, 13.7375], "rotation": 90, "texture": "#0"},
				"east": {"uv": [5.18907, 13.4375, 5.68907, 13.6375], "rotation": 90, "texture": "#0"},
				"south": {"uv": [5.18907, 13.4375, 5.68907, 13.7375], "rotation": 90, "texture": "#0"},
				"west": {"uv": [5.18907, 13.4375, 5.68907, 13.6375], "rotation": 90, "texture": "#0"},
				"up": {"uv": [5.18907, 13.4375, 5.38907, 13.7375], "rotation": 90, "texture": "#0"},
				"down": {"uv": [5.18907, 13.4375, 5.38907, 13.7375], "rotation": 90, "texture": "#0"}
			}
		},
		{
			"from": [7.9, 5.75371, 4.83095],
			"to": [8.2, 6.25371, 5.03095],
			"rotation": {"angle": 45, "axis": "x", "origin": [8.05, 6.69725, 4.78878]},
			"faces": {
				"north": {"uv": [5.27501, 12.36719, 5.77501, 12.66719], "rotation": 90, "texture": "#0"},
				"east": {"uv": [5.27501, 12.36719, 5.77501, 12.56719], "rotation": 90, "texture": "#0"},
				"south": {"uv": [5.27501, 12.36719, 5.77501, 12.66719], "rotation": 90, "texture": "#0"},
				"west": {"uv": [5.27501, 12.36719, 5.77501, 12.56719], "rotation": 90, "texture": "#0"},
				"up": {"uv": [5.27501, 12.36719, 5.47501, 12.66719], "rotation": 90, "texture": "#0"},
				"down": {"uv": [5.27501, 12.36719, 5.47501, 12.66719], "rotation": 90, "texture": "#0"}
			}
		},
		{
			"from": [7.9, 6.11243, 2.50973],
			"to": [8.2, 6.31243, 4.00973],
			"rotation": {"angle": -22.5, "axis": "x", "origin": [8.05, 6.69725, 4.78878]},
			"faces": {
				"north": {"uv": [5.38438, 13.29688, 5.58438, 13.59688], "rotation": 270, "texture": "#0"},
				"east": {"uv": [5.36094, 11.40625, 5.56095, 12.90625], "rotation": 90, "texture": "#0"},
				"south": {"uv": [5.32969, 13.13282, 5.5297, 13.43282], "rotation": 90, "texture": "#0"},
				"west": {"uv": [5.36094, 11.32813, 5.56094, 12.82813], "rotation": 90, "texture": "#0"},
				"up": {"uv": [5.32969, 11.21094, 5.6297, 12.71094], "rotation": 180, "texture": "#0"},
				"down": {"uv": [5.22032, 11.29688, 5.52032, 12.79688], "rotation": 180, "texture": "#0"}
			}
		},
		{
			"from": [7.9, 9.31392, 3.91799],
			"to": [8.2, 9.51392, 4.31799],
			"rotation": {"angle": -22.5, "axis": "x", "origin": [8.05, 8.53864, 4.58112]},
			"faces": {
				"north": {"uv": [5.22032, 13.32813, 5.42032, 13.62813], "rotation": 270, "texture": "#0"},
				"east": {"uv": [5.04843, 10.14063, 5.44845, 10.34062], "rotation": 180, "texture": "#0"},
				"south": {"uv": [5.44688, 13.04688, 5.64688, 13.34688], "rotation": 90, "texture": "#0"},
				"west": {"uv": [5.13438, 12.08594, 5.53438, 12.28594], "texture": "#0"},
				"up": {"uv": [5.04845, 10.75782, 5.44845, 11.05782], "rotation": 90, "texture": "#0"},
				"down": {"uv": [5.15782, 1.3125, 5.6672, 1.58125], "rotation": 270, "texture": "#0"}
			}
		},
		{
			"from": [7.9, 8.99528, 4.07498],
			"to": [8.2, 9.19528, 4.57498],
			"rotation": {"angle": 22.5, "axis": "x", "origin": [8.05, 8.53864, 4.58112]},
			"faces": {
				"north": {"uv": [5.36094, 13.07032, 5.56095, 13.37032], "rotation": 270, "texture": "#0"},
				"east": {"uv": [5.04843, 10.14063, 5.54844, 10.34062], "rotation": 180, "texture": "#0"},
				"south": {"uv": [5.47032, 12.45313, 5.67032, 12.75313], "rotation": 90, "texture": "#0"},
				"west": {"uv": [5.22032, 11.71875, 5.72032, 11.91875], "texture": "#0"},
				"up": {"uv": [5.04845, 10.75782, 5.54844, 11.05782], "rotation": 90, "texture": "#0"},
				"down": {"uv": [5.15782, 1.3125, 5.76719, 1.58125], "rotation": 270, "texture": "#0"}
			}
		},
		{
			"from": [7.9, 8.66609, 5.32994],
			"to": [8.2, 8.86609, 5.82994],
			"rotation": {"angle": 22.5, "axis": "x", "origin": [8.05, 8.53864, 4.58112]},
			"faces": {
				"north": {"uv": [5.32969, 13.57813, 5.5297, 13.87813], "rotation": 270, "texture": "#0"},
				"east": {"uv": [5.04843, 10.14063, 5.54844, 10.34062], "rotation": 180, "texture": "#0"},
				"south": {"uv": [5.38438, 12.90625, 5.58438, 13.20625], "rotation": 90, "texture": "#0"},
				"west": {"uv": [5.24376, 12.25782, 5.74376, 12.45782], "texture": "#0"},
				"up": {"uv": [5.04845, 10.75782, 5.54844, 11.05782], "rotation": 90, "texture": "#0"},
				"down": {"uv": [5.15782, 1.3125, 5.76719, 1.58125], "rotation": 270, "texture": "#0"}
			}
		},
		{
			"from": [7.9, 6.20149, 6.28522],
			"to": [8.2, 6.60149, 6.48522],
			"rotation": {"angle": -45, "axis": "x", "origin": [8.05, 6.72789, 4.04606]},
			"faces": {
				"north": {"uv": [5.24376, 13.66407, 5.64376, 13.96407], "rotation": 90, "texture": "#0"},
				"east": {"uv": [5.27501, 13.32813, 5.67501, 13.52813], "rotation": 90, "texture": "#0"},
				"south": {"uv": [5.24376, 12.84375, 5.64376, 13.14375], "rotation": 90, "texture": "#0"},
				"west": {"uv": [5.15782, 11.85938, 5.55782, 12.05938], "rotation": 90, "texture": "#0"},
				"up": {"uv": [5.27501, 10.875, 5.47501, 11.175], "rotation": 90, "texture": "#0"},
				"down": {"uv": [5.32969, 12.05469, 5.5297, 12.35469], "rotation": 90, "texture": "#0"}
			}
		},
		{
			"from": [7.9, 7.89559, 4.98543],
			"to": [8.2, 8.79559, 5.18543],
			"rotation": {"angle": -45, "axis": "x", "origin": [8.05, 8.53864, 4.58112]},
			"faces": {
				"north": {"uv": [5.13438, 12.28907, 5.87032, 11.4875], "rotation": 90, "texture": "#0"},
				"east": {"uv": [5.04843, 10.14063, 5.94845, 10.34062], "rotation": 90, "texture": "#0"},
				"south": {"uv": [5.04845, 13.69532, 5.94845, 13.99532], "rotation": 90, "texture": "#0"},
				"west": {"uv": [5.0797, 12.82032, 5.9797, 13.02032], "rotation": 90, "texture": "#0"},
				"up": {"uv": [5.04845, 10.75782, 5.24845, 11.05782], "rotation": 90, "texture": "#0"},
				"down": {"uv": [5.15782, 1.3125, 5.4672, 1.58125], "rotation": 90, "texture": "#0"}
			}
		},
		{
			"from": [7.9, 9.13898, 3.96479],
			"to": [8.2, 9.33898, 4.36479],
			"rotation": {"angle": 0, "axis": "y", "origin": [8.05, 8.53864, 4.58112]},
			"faces": {
				"north": {"uv": [5.18907, 11.89063, 5.38907, 12.19063], "rotation": 270, "texture": "#0"},
				"east": {"uv": [5.04843, 10.14063, 5.44845, 10.34062], "rotation": 180, "texture": "#0"},
				"south": {"uv": [5.27501, 13.35157, 5.47501, 13.65157], "rotation": 90, "texture": "#0"},
				"west": {"uv": [5.15782, 12.67969, 5.55782, 12.87969], "texture": "#0"},
				"up": {"uv": [5.04845, 10.75782, 5.44845, 11.05782], "rotation": 90, "texture": "#0"},
				"down": {"uv": [5.15782, 1.3125, 5.6672, 1.58125], "rotation": 270, "texture": "#0"}
			}
		},
		{
			"from": [7.9, 9.00113, 3.27178],
			"to": [8.2, 9.20113, 3.67178],
			"rotation": {"angle": 0, "axis": "y", "origin": [8.05, 8.53864, 4.58112]},
			"faces": {
				"north": {"uv": [3.32969, 13.97657, 3.5297, 14.27657], "rotation": 270, "texture": "#0"},
				"east": {"uv": [5.04843, 10.14063, 5.44845, 10.34062], "rotation": 180, "texture": "#0"},
				"south": {"uv": [2.98594, 13.01563, 3.18595, 13.31563], "rotation": 90, "texture": "#0"},
				"west": {"uv": [5.0797, 12.08594, 5.4797, 12.28594], "texture": "#0"},
				"up": {"uv": [5.04845, 10.75782, 5.44845, 11.05782], "rotation": 90, "texture": "#0"},
				"down": {"uv": [5.15782, 1.3125, 5.6672, 1.58125], "rotation": 270, "texture": "#0"}
			}
		},
		{
			"from": [7.9, 10.44506, 5.59045],
			"to": [8.2, 10.64506, 6.09045],
			"rotation": {"angle": 0, "axis": "y", "origin": [8.05, 11.0731, 4.50786]},
			"faces": {
				"north": {"uv": [5.47032, 13.5, 5.67032, 13.8], "rotation": 270, "texture": "#0"},
				"east": {"uv": [5.04843, 10.14063, 5.54844, 10.34062], "texture": "#0"},
				"south": {"uv": [5.24376, 13.07032, 5.44376, 13.37032], "rotation": 90, "texture": "#0"},
				"west": {"uv": [5.13438, 12.39844, 5.63438, 12.59844], "rotation": 180, "texture": "#0"},
				"up": {"uv": [5.04845, 10.75782, 5.54844, 11.05782], "rotation": 270, "texture": "#0"},
				"down": {"uv": [5.15782, 1.3125, 5.76719, 1.58125], "rotation": 90, "texture": "#0"}
			}
		},
		{
			"from": [7.9, 10.30721, 4.89744],
			"to": [8.2, 10.50721, 5.29744],
			"rotation": {"angle": 0, "axis": "y", "origin": [8.05, 11.0731, 4.50786]},
			"faces": {
				"north": {"uv": [5.47032, 13.85938, 5.67032, 14.15938], "rotation": 270, "texture": "#0"},
				"east": {"uv": [5.04843, 10.14063, 5.44845, 10.34062], "texture": "#0"},
				"south": {"uv": [3.32969, 13.1875, 3.5297, 13.4875], "rotation": 90, "texture": "#0"},
				"west": {"uv": [5.15782, 13.27344, 5.55782, 13.47344], "rotation": 180, "texture": "#0"},
				"up": {"uv": [5.04845, 10.75782, 5.44845, 11.05782], "rotation": 270, "texture": "#0"},
				"down": {"uv": [5.15782, 1.3125, 5.6672, 1.58125], "rotation": 90, "texture": "#0"}
			}
		},
		{
			"from": [7.9, 10.718, 4.05043],
			"to": [8.2, 11.618, 4.25043],
			"rotation": {"angle": -45, "axis": "x", "origin": [8.05, 11.0731, 4.50786]},
			"faces": {
				"north": {"uv": [5.13438, 12.28907, 5.87032, 11.4875], "rotation": 270, "texture": "#0"},
				"east": {"uv": [5.04843, 10.14063, 5.94845, 10.34062], "rotation": 270, "texture": "#0"},
				"south": {"uv": [5.04845, 13.69532, 5.94845, 13.99532], "rotation": 270, "texture": "#0"},
				"west": {"uv": [5.0797, 12.82032, 5.9797, 13.02032], "rotation": 270, "texture": "#0"},
				"up": {"uv": [5.04845, 10.75782, 5.24845, 11.05782], "rotation": 90, "texture": "#0"},
				"down": {"uv": [5.15782, 1.3125, 5.4672, 1.58125], "rotation": 90, "texture": "#0"}
			}
		},
		{
			"from": [7.9, 12.00341, 3.87431],
			"to": [8.2, 12.70341, 4.07431],
			"rotation": {"angle": -45, "axis": "x", "origin": [8.05, 11.0731, 4.50786]},
			"faces": {
				"north": {"uv": [5.13438, 12.28907, 5.67032, 11.4875], "rotation": 270, "texture": "#0"},
				"east": {"uv": [5.04843, 10.14063, 5.74845, 10.34062], "rotation": 270, "texture": "#0"},
				"south": {"uv": [5.04845, 13.69532, 5.74845, 13.99532], "rotation": 270, "texture": "#0"},
				"west": {"uv": [5.0797, 12.82032, 5.7797, 13.02032], "rotation": 270, "texture": "#0"},
				"up": {"uv": [5.04845, 10.75782, 5.24845, 11.05782], "rotation": 90, "texture": "#0"},
				"down": {"uv": [5.15782, 1.3125, 5.4672, 1.58125], "rotation": 90, "texture": "#0"}
			}
		},
		{
			"from": [7.9, 10.84379, 3.40592],
			"to": [8.2, 11.04379, 3.90592],
			"rotation": {"angle": 22.5, "axis": "x", "origin": [8.05, 11.0731, 4.50786]},
			"faces": {
				"north": {"uv": [5.38438, 13.83594, 5.58438, 14.13594], "rotation": 270, "texture": "#0"},
				"east": {"uv": [5.13438, 13.15625, 5.63438, 13.35625], "texture": "#0"},
				"south": {"uv": [5.32969, 13.60938, 5.5297, 13.90938], "rotation": 90, "texture": "#0"},
				"west": {"uv": [5.22032, 12.53907, 5.72032, 12.73907], "rotation": 180, "texture": "#0"},
				"up": {"uv": [5.13438, 11.77344, 5.63438, 12.07344], "rotation": 270, "texture": "#0"},
				"down": {"uv": [5.15782, 11.29688, 5.65782, 11.59688], "rotation": 90, "texture": "#0"}
			}
		},
		{
			"from": [7.9, 10.5146, 4.66088],
			"to": [8.2, 10.7146, 5.16088],
			"rotation": {"angle": 22.5, "axis": "x", "origin": [8.05, 11.0731, 4.50786]},
			"faces": {
				"north": {"uv": [3.12657, 13.83594, 3.32657, 14.13594], "rotation": 270, "texture": "#0"},
				"east": {"uv": [5.04843, 10.14063, 5.54844, 10.34062], "texture": "#0"},
				"south": {"uv": [3.43907, 13.15625, 3.63907, 13.45625], "rotation": 90, "texture": "#0"},
				"west": {"uv": [5.13438, 12.28125, 5.63438, 12.48125], "rotation": 180, "texture": "#0"},
				"up": {"uv": [5.04845, 10.75782, 5.54844, 11.05782], "rotation": 270, "texture": "#0"},
				"down": {"uv": [5.15782, 1.3125, 5.76719, 1.58125], "rotation": 90, "texture": "#0"}
			}
		},
		{
			"from": [7.9, 10.06335, 4.94424],
			"to": [8.2, 10.26335, 5.34424],
			"rotation": {"angle": -22.5, "axis": "x", "origin": [8.05, 11.0731, 4.50786]},
			"faces": {
				"north": {"uv": [3.07188, 14.14844, 3.27188, 14.44844], "rotation": 270, "texture": "#0"},
				"east": {"uv": [5.04843, 10.14063, 5.44845, 10.34062], "texture": "#0"},
				"south": {"uv": [3.55626, 13.41407, 3.75626, 13.71407], "rotation": 90, "texture": "#0"},
				"west": {"uv": [5.13438, 12.48594, 5.53438, 12.28594], "rotation": 180, "texture": "#0"},
				"up": {"uv": [5.04845, 10.75782, 5.44845, 11.05782], "rotation": 270, "texture": "#0"},
				"down": {"uv": [5.15782, 1.3125, 5.6672, 1.58125], "rotation": 90, "texture": "#0"}
			}
		},
		{
			"from": [7.9, 9.45177, 3.22497],
			"to": [8.2, 9.65177, 3.62497],
			"rotation": {"angle": -22.5, "axis": "x", "origin": [8.05, 8.53864, 4.58112]},
			"faces": {
				"north": {"uv": [5.41563, 12.22657, 5.61563, 12.52657], "rotation": 270, "texture": "#0"},
				"east": {"uv": [5.04843, 10.14063, 5.44845, 10.34062], "rotation": 180, "texture": "#0"},
				"south": {"uv": [5.27501, 11.94532, 5.47501, 12.24532], "rotation": 90, "texture": "#0"},
				"west": {"uv": [5.36094, 13.21094, 5.76095, 13.41094], "texture": "#0"},
				"up": {"uv": [5.04845, 10.75782, 5.44845, 11.05782], "rotation": 90, "texture": "#0"},
				"down": {"uv": [5.15782, 1.3125, 5.6672, 1.58125], "rotation": 270, "texture": "#0"}
			}
		},
		{
			"from": [7.9, 7.22824, 5.42716],
			"to": [8.2, 7.62824, 5.62716],
			"rotation": {"angle": 22.5, "axis": "x", "origin": [8.05, 6.69725, 4.78878]},
			"faces": {
				"north": {"uv": [5.24376, 11.85938, 5.64376, 12.15938], "rotation": 90, "texture": "#0"},
				"east": {"uv": [5.24376, 11.85938, 5.64376, 12.05938], "rotation": 90, "texture": "#0"},
				"south": {"uv": [5.24376, 11.85938, 5.64376, 12.15938], "rotation": 90, "texture": "#0"},
				"west": {"uv": [5.24376, 11.85938, 5.64376, 12.05938], "rotation": 90, "texture": "#0"},
				"up": {"uv": [5.24376, 11.85938, 5.44376, 12.15938], "rotation": 90, "texture": "#0"},
				"down": {"uv": [5.24376, 11.85938, 5.44376, 12.15938], "rotation": 90, "texture": "#0"}
			}
		},
		{
			"from": [7.9, 7.23654, 5.71962],
			"to": [8.2, 7.63654, 5.91962],
			"rotation": {"angle": 0, "axis": "y", "origin": [8.05, 6.69725, 4.78878]},
			"faces": {
				"north": {"uv": [5.10313, 12.48438, 5.50313, 12.78438], "rotation": 90, "texture": "#0"},
				"east": {"uv": [5.10313, 12.48438, 5.50313, 12.68438], "rotation": 90, "texture": "#0"},
				"south": {"uv": [5.10313, 12.48438, 5.50313, 12.78438], "rotation": 90, "texture": "#0"},
				"west": {"uv": [5.10313, 12.48438, 5.50313, 12.68438], "rotation": 90, "texture": "#0"},
				"up": {"uv": [5.10313, 12.48438, 5.30313, 12.78438], "rotation": 90, "texture": "#0"},
				"down": {"uv": [5.10313, 12.48438, 5.30313, 12.78438], "rotation": 90, "texture": "#0"}
			}
		},
		{
			"from": [7.9, 7.92126, 5.28931],
			"to": [8.2, 8.32126, 5.48931],
			"rotation": {"angle": 22.5, "axis": "x", "origin": [8.05, 6.69725, 4.78878]},
			"faces": {
				"north": {"uv": [5.13438, 13.13282, 5.53438, 13.43282], "rotation": 90, "texture": "#0"},
				"east": {"uv": [5.13438, 13.13282, 5.53438, 13.33282], "rotation": 90, "texture": "#0"},
				"south": {"uv": [5.13438, 13.13282, 5.53438, 13.43282], "rotation": 90, "texture": "#0"},
				"west": {"uv": [5.13438, 13.13282, 5.53438, 13.33281], "rotation": 90, "texture": "#0"},
				"up": {"uv": [5.13438, 13.13282, 5.33438, 13.43282], "rotation": 90, "texture": "#0"},
				"down": {"uv": [5.13438, 13.13282, 5.33438, 13.43282], "rotation": 90, "texture": "#0"}
			}
		},
		{
			"from": [7.9, 3.44036, 5.52678],
			"to": [8.2, 3.64036, 5.92678],
			"rotation": {"angle": 0, "axis": "y", "origin": [8.05, 3.99947, 4.44419]},
			"faces": {
				"north": {"uv": [5.24376, 13.07032, 5.44376, 13.37032], "rotation": 270, "texture": "#0"},
				"east": {"uv": [5.24376, 13.07032, 5.64376, 13.27032], "texture": "#0"},
				"south": {"uv": [5.24376, 13.07032, 5.44376, 13.37032], "rotation": 90, "texture": "#0"},
				"west": {"uv": [5.24376, 13.07032, 5.64376, 13.27031], "rotation": 180, "texture": "#0"},
				"up": {"uv": [5.24376, 13.07032, 5.64376, 13.37032], "rotation": 270, "texture": "#0"},
				"down": {"uv": [5.24376, 13.07032, 5.64376, 13.37032], "rotation": 90, "texture": "#0"}
			}
		},
		{
			"from": [7.9, 3.05341, 4.90694],
			"to": [8.2, 3.25341, 5.30694],
			"rotation": {"angle": -22.5, "axis": "x", "origin": [8.05, 3.99947, 4.44419]},
			"faces": {
				"north": {"uv": [5.18907, 13.35157, 5.38907, 13.65157], "rotation": 270, "texture": "#0"},
				"east": {"uv": [5.18907, 13.35157, 5.58907, 13.55157], "texture": "#0"},
				"south": {"uv": [5.18907, 13.35157, 5.38907, 13.65157], "rotation": 90, "texture": "#0"},
				"west": {"uv": [5.18907, 13.35157, 5.58907, 13.55156], "rotation": 180, "texture": "#0"},
				"up": {"uv": [5.18907, 13.35157, 5.58907, 13.65157], "rotation": 270, "texture": "#0"},
				"down": {"uv": [5.18907, 13.35157, 5.58907, 13.65157], "rotation": 90, "texture": "#0"}
			}
		},
		{
			"from": [7.9, 3.30251, 4.83376],
			"to": [8.2, 3.50251, 5.23376],
			"rotation": {"angle": 0, "axis": "y", "origin": [8.05, 3.99947, 4.44419]},
			"faces": {
				"north": {"uv": [5.22032, 13.10157, 5.42032, 13.40157], "rotation": 270, "texture": "#0"},
				"east": {"uv": [5.22032, 13.10157, 5.62032, 13.30157], "texture": "#0"},
				"south": {"uv": [5.22032, 13.10157, 5.42032, 13.40157], "rotation": 90, "texture": "#0"},
				"west": {"uv": [5.22032, 13.10157, 5.62032, 13.30156], "rotation": 180, "texture": "#0"},
				"up": {"uv": [5.22032, 13.10157, 5.62032, 13.40157], "rotation": 270, "texture": "#0"},
				"down": {"uv": [5.22032, 13.10157, 5.62032, 13.40157], "rotation": 90, "texture": "#0"}
			}
		},
		{
			"from": [7.9, 3.50465, 4.57082],
			"to": [8.2, 3.70465, 5.07082],
			"rotation": {"angle": 22.5, "axis": "x", "origin": [8.05, 3.99947, 4.44419]},
			"faces": {
				"north": {"uv": [5.10313, 13.07032, 5.30313, 13.37032], "rotation": 270, "texture": "#0"},
				"east": {"uv": [5.10313, 13.07032, 5.60313, 13.27032], "texture": "#0"},
				"south": {"uv": [5.10313, 13.07032, 5.30313, 13.37032], "rotation": 90, "texture": "#0"},
				"west": {"uv": [5.10313, 13.07032, 5.60313, 13.27031], "rotation": 180, "texture": "#0"},
				"up": {"uv": [5.10313, 13.07032, 5.60313, 13.37032], "rotation": 270, "texture": "#0"},
				"down": {"uv": [5.10313, 13.07032, 5.60313, 13.37032], "rotation": 90, "texture": "#0"}
			}
		},
		{
			"from": [7.9, 3.59078, 3.85054],
			"to": [8.2, 3.79078, 4.75054],
			"rotation": {"angle": 45, "axis": "x", "origin": [8.05, 3.99947, 4.44419]},
			"faces": {
				"north": {"uv": [5.10313, 12, 5.30313, 12.3], "rotation": 270, "texture": "#0"},
				"east": {"uv": [5.10313, 12, 6.00313, 12.2], "texture": "#0"},
				"south": {"uv": [5.10313, 12, 5.30313, 12.3], "rotation": 90, "texture": "#0"},
				"west": {"uv": [5.10313, 12, 6.00313, 12.2], "rotation": 180, "texture": "#0"},
				"up": {"uv": [5.10313, 12, 6.00313, 12.3], "rotation": 270, "texture": "#0"},
				"down": {"uv": [5.10313, 12, 6.00313, 12.3], "rotation": 90, "texture": "#0"}
			}
		},
		{
			"from": [7.9, 3.41466, 2.76514],
			"to": [8.2, 3.61466, 3.46514],
			"rotation": {"angle": 45, "axis": "x", "origin": [8.05, 3.99947, 4.44419]},
			"faces": {
				"north": {"uv": [5.15782, 13.21094, 5.35782, 13.51094], "rotation": 270, "texture": "#0"},
				"east": {"uv": [5.15782, 13.21094, 5.85782, 13.41094], "texture": "#0"},
				"south": {"uv": [5.15782, 13.21094, 5.35782, 13.51094], "rotation": 90, "texture": "#0"},
				"west": {"uv": [5.15782, 13.21094, 5.85782, 13.41094], "rotation": 180, "texture": "#0"},
				"up": {"uv": [5.15782, 13.21094, 5.85782, 13.51094], "rotation": 270, "texture": "#0"},
				"down": {"uv": [5.15782, 13.21094, 5.85782, 13.51094], "rotation": 90, "texture": "#0"}
			}
		},
		{
			"from": [7.9, 3.83384, 3.31587],
			"to": [8.2, 4.03384, 3.81587],
			"rotation": {"angle": 22.5, "axis": "x", "origin": [8.05, 3.99947, 4.44419]},
			"faces": {
				"north": {"uv": [5.27501, 13.5, 5.47501, 13.8], "rotation": 270, "texture": "#0"},
				"east": {"uv": [5.27501, 13.5, 5.77501, 13.7], "texture": "#0"},
				"south": {"uv": [5.27501, 13.5, 5.47501, 13.8], "rotation": 90, "texture": "#0"},
				"west": {"uv": [5.27501, 13.5, 5.77501, 13.7], "rotation": 180, "texture": "#0"},
				"up": {"uv": [5.27501, 13.5, 5.77501, 13.8], "rotation": 270, "texture": "#0"},
				"down": {"uv": [5.27501, 13.5, 5.77501, 13.8], "rotation": 90, "texture": "#0"}
			}
		},
		{
			"from": [7.8, 2.9, 9.8],
			"to": [8.3, 3.1, 13.2],
			"faces": {
				"north": {"uv": [7.29687, 15.8, 7.59687, 16], "rotation": 180, "texture": "#0"},
				"east": {"uv": [3.53125, 15.8, 6.73125, 16], "rotation": 180, "texture": "#0"},
				"south": {"uv": [5.92969, 15.72188, 6.42969, 15.52188], "rotation": 180, "texture": "#0"},
				"west": {"uv": [6.24219, 15.48438, 9.44219, 15.68438], "rotation": 180, "texture": "#0"},
				"up": {"uv": [0.72656, 15.5, 4.12656, 16], "rotation": 270, "texture": "#0"},
				"down": {"uv": [0, 15.7, 3.2, 16], "rotation": 270, "texture": "#0"}
			}
		},
		{
			"from": [7.6, 0.1, 7.7],
			"to": [8.4, 0.4, 16],
			"faces": {
				"north": {"uv": [9.56484, 3.32813, 10.36484, 3.52813], "texture": "#0"},
				"east": {"uv": [7.7, 0, 16, 0.2], "rotation": 180, "texture": "#0"},
				"south": {"uv": [10.43984, 0, 11.23984, 0.2], "texture": "#0"},
				"west": {"uv": [7.7, 0, 16, 0.3], "rotation": 180, "texture": "#0"},
				"up": {"uv": [2.36719, 0, 10.66719, 0.8], "rotation": 90, "texture": "#0"},
				"down": {"uv": [7.7, 0, 16, 0.8], "rotation": 90, "texture": "#0"}
			}
		},
		{
			"name": "cubo",
			"from": [6.9, 0, 15.4],
			"to": [9.1, 15.6, 16],
			"rotation": {"angle": 0, "axis": "y", "origin": [0, 0, 7.9]},
			"faces": {
				"north": {"uv": [0, 0, 15.96875, 0.875], "rotation": 90, "texture": "#0"},
				"east": {"uv": [0.05469, 0, 15.95469, 0.59999], "rotation": 90, "texture": "#0"},
				"south": {"uv": [0.08594, 0, 15.98594, 0.98438], "rotation": 90, "texture": "#0"},
				"west": {"uv": [0, 0, 15.9, 0.6], "rotation": 90, "texture": "#0"},
				"up": {"uv": [0, 5.5625, 0.6, 7.7625], "rotation": 90, "texture": "#0"},
				"down": {"uv": [0.00781, 5.64063, 0.60781, 7.64063], "rotation": 90, "texture": "#0"}
			}
		},
		{
			"from": [7.8, 0.4, 11.4],
			"to": [8.3, 2.9, 11.6],
			"faces": {
				"north": {"uv": [0, 15.5, 2.5, 16], "rotation": 90, "texture": "#0"},
				"east": {"uv": [0, 15.8, 2.5, 16], "rotation": 90, "texture": "#0"},
				"south": {"uv": [0, 15.7, 2.5, 16], "rotation": 90, "texture": "#0"},
				"west": {"uv": [0, 15.8, 2.5, 16], "rotation": 90, "texture": "#0"},
				"up": {"uv": [6.55469, 15.48438, 6.75469, 15.98438], "rotation": 90, "texture": "#0"},
				"down": {"uv": [6.96094, 15.52344, 7.16094, 15.82344], "rotation": 90, "texture": "#0"}
			}
		},
		{
			"from": [7.8, 12.6, 9.8],
			"to": [8.3, 12.8, 13.2],
			"faces": {
				"north": {"uv": [0, 15.8, 0.3, 16], "rotation": 180, "texture": "#0"},
				"east": {"uv": [0, 15.8, 3.2, 16], "rotation": 180, "texture": "#0"},
				"south": {"uv": [0, 15.8, 0.3, 16], "rotation": 180, "texture": "#0"},
				"west": {"uv": [0, 15.8, 3.4, 16], "rotation": 180, "texture": "#0"},
				"up": {"uv": [0, 15.5, 3.4, 16], "rotation": 270, "texture": "#0"},
				"down": {"uv": [0, 15.5, 3.4, 16], "rotation": 270, "texture": "#0"}
			}
		},
		{
			"from": [7.8, 3.1, 12.9],
			"to": [8.3, 12.6, 13.2],
			"faces": {
				"north": {"uv": [4.35938, 15.24531, 14.75938, 15.54531], "rotation": 90, "texture": "#0"},
				"east": {"uv": [3.30469, 15.8, 13.70469, 16], "rotation": 90, "texture": "#0"},
				"south": {"uv": [0.8125, 16, 10.3125, 15.5], "rotation": 90, "texture": "#0"},
				"west": {"uv": [4.4375, 15.8, 14.8375, 16], "rotation": 90, "texture": "#0"},
				"up": {"uv": [0.03906, 15.5, 0.33906, 16], "rotation": 90, "texture": "#0"},
				"down": {"uv": [0, 15.7, 0.2, 16], "rotation": 90, "texture": "#0"}
			}
		},
		{
			"from": [7.8, 3.1, 9.8],
			"to": [8.3, 12.6, 10.1],
			"faces": {
				"north": {"uv": [0, 15.7, 10.4, 16], "rotation": 90, "texture": "#0"},
				"east": {"uv": [0, 15.8, 10.4, 16], "rotation": 90, "texture": "#0"},
				"south": {"uv": [0, 16, 9.5, 15.5], "rotation": 90, "texture": "#0"},
				"west": {"uv": [0, 15.8, 10.4, 16], "rotation": 90, "texture": "#0"},
				"up": {"uv": [0.64062, 15.5, 0.94062, 16], "rotation": 90, "texture": "#0"},
				"down": {"uv": [0, 15.7, 0.2, 16], "rotation": 90, "texture": "#0"}
			}
		},
		{
			"from": [6.9, 15.6, 6.9],
			"to": [9.1, 16.4, 16],
			"faces": {
				"north": {"uv": [1.04688, 2.21875, 1.54688, 4.21875], "rotation": 90, "texture": "#0"},
				"east": {"uv": [0.03906, 0.08594, 9.03906, 0.58594], "rotation": 180, "texture": "#0"},
				"south": {"uv": [2.88281, 0.23437, 4.88281, 0.73437], "rotation": 180, "texture": "#0"},
				"west": {"uv": [0, 0.8, 9.1, 0], "rotation": 180, "texture": "#0"},
				"up": {"uv": [0, 0, 4.94531, 1.07031], "rotation": 90, "texture": "#0"},
				"down": {"uv": [6.15625, 0, 14.45313, 1.01563], "rotation": 90, "texture": "#0"}
			}
		},
		{
			"from": [7.6, 12.25, 14.95],
			"to": [8.5, 13.65, 15.25],
			"rotation": {"angle": -45, "axis": "x", "origin": [8.05, 13, 14.35]},
			"faces": {
				"north": {"uv": [7.10938, 0, 8.50938, 0.9], "rotation": 270, "texture": "#0"},
				"east": {"uv": [4.15625, 0, 5.55625, 0.52656], "rotation": 90, "texture": "#0"},
				"south": {"uv": [0, 0, 1.4, 0.9], "rotation": 90, "texture": "#0"},
				"west": {"uv": [1.89063, 0.3, 3.29063, 0], "rotation": 270, "texture": "#0"},
				"up": {"uv": [2, 0, 2.9, 0.3], "rotation": 180, "texture": "#0"},
				"down": {"uv": [2.85156, 0, 4.85156, 0.5], "rotation": 180, "texture": "#0"}
			}
		},
		{
			"from": [7.5, 13.8, 7.5],
			"to": [8.6, 14.2, 15.2],
			"faces": {
				"north": {"uv": [1.15625, 3.28906, 1.65625, 5.28906], "rotation": 90, "texture": "#0"},
				"east": {"uv": [7, 0, 16, 0.5], "rotation": 180, "texture": "#0"},
				"south": {"uv": [3.35937, 4.32812, 3.85937, 6.32812], "rotation": 90, "texture": "#0"},
				"west": {"uv": [7, 0.5, 16, 0], "rotation": 180, "texture": "#0"},
				"up": {"uv": [0, 0, 7.7, 1.1], "rotation": 90, "texture": "#0"},
				"down": {"uv": [0, 0, 7.7, 1.1], "rotation": 90, "texture": "#0"}
			}
		},
		{
			"from": [7.8, 12.8, 11.4],
			"to": [8.3, 13.8, 11.6],
			"faces": {
				"north": {"uv": [0, 15.5, 1, 16], "rotation": 90, "texture": "#0"},
				"east": {"uv": [0.05469, 15.6, 1.05469, 15.8], "rotation": 90, "texture": "#0"},
				"south": {"uv": [0.05469, 15.5, 1.05469, 16], "rotation": 90, "texture": "#0"},
				"west": {"uv": [0.05469, 15.6, 1.05469, 15.8], "rotation": 90, "texture": "#0"},
				"up": {"uv": [0.05469, 15.3, 0.25469, 15.8], "rotation": 90, "texture": "#0"},
				"down": {"uv": [0.05469, 15.5, 0.25469, 16], "rotation": 90, "texture": "#0"}
			}
		},
		{
			"from": [7.6, -9.87574, 10.36447],
			"to": [8.4, -9.47574, 11.16447],
			"rotation": {"angle": -45, "axis": "x", "origin": [8, 0.67426, 0.66447]},
			"faces": {
				"north": {"uv": [13.9, 0.29844, 13.1, 0], "texture": "#0"},
				"east": {"uv": [7.06094, 0.29844, 15.46094, 0], "rotation": 180, "texture": "#0"},
				"south": {"uv": [14.59531, 3.90469, 13.79531, 3.60625], "texture": "#0"},
				"west": {"uv": [7.6, 0.29844, 16, 0], "rotation": 180, "texture": "#0"},
				"up": {"uv": [7.99842, 0.8, 16, 0], "rotation": 90, "texture": "#0"},
				"down": {"uv": [6.75625, 0.8, 14.75781, 0], "rotation": 90, "texture": "#0"}
			}
		},
		{
			"from": [7.9, 6.28855, 11.39514],
			"to": [8.2, 6.48855, 12.29514],
			"rotation": {"angle": -22.5, "axis": "x", "origin": [8.05, 6.69725, 11.78878]},
			"faces": {
				"north": {"uv": [5.08751, 13.6625, 5.48282, 12.175], "rotation": 90, "texture": "#0"},
				"east": {"uv": [5.08751, 12.35156, 5.48282, 14.43906], "rotation": 90, "texture": "#0"},
				"south": {"uv": [5.08751, 13.6625, 5.48282, 12.175], "rotation": 90, "texture": "#0"},
				"west": {"uv": [5.08751, 12.35156, 5.28751, 13.25156], "rotation": 90, "texture": "#0"},
				"up": {"uv": [5.08751, 13.6625, 5.78438, 12.175], "rotation": 90, "texture": "#0"},
				"down": {"uv": [5.11094, 11.45937, 5.75313, 9.97187], "rotation": 90, "texture": "#0"}
			}
		},
		{
			"from": [7.9, 7.00866, 12.16014],
			"to": [8.2, 7.50866, 12.36014],
			"rotation": {"angle": 45, "axis": "x", "origin": [8.05, 6.69725, 11.78878]},
			"faces": {
				"north": {"uv": [5.22813, 13.47656, 5.72813, 13.77656], "rotation": 90, "texture": "#0"},
				"east": {"uv": [5.22813, 13.47656, 5.72813, 13.67656], "rotation": 90, "texture": "#0"},
				"south": {"uv": [5.22813, 13.47656, 5.72813, 13.77656], "rotation": 90, "texture": "#0"},
				"west": {"uv": [5.22813, 13.47656, 5.72813, 13.67656], "rotation": 90, "texture": "#0"},
				"up": {"uv": [5.22813, 13.47656, 5.42813, 13.77656], "rotation": 90, "texture": "#0"},
				"down": {"uv": [5.22813, 13.47656, 5.42813, 13.77656], "rotation": 90, "texture": "#0"}
			}
		},
		{
			"from": [7.9, 5.75371, 11.83095],
			"to": [8.2, 6.25371, 12.03095],
			"rotation": {"angle": 45, "axis": "x", "origin": [8.05, 6.69725, 11.78878]},
			"faces": {
				"north": {"uv": [5.31407, 12.40625, 5.81407, 12.70625], "rotation": 90, "texture": "#0"},
				"east": {"uv": [5.31407, 12.40625, 5.81407, 12.60625], "rotation": 90, "texture": "#0"},
				"south": {"uv": [5.31407, 12.40625, 5.81407, 12.70625], "rotation": 90, "texture": "#0"},
				"west": {"uv": [5.31407, 12.40625, 5.81407, 12.60625], "rotation": 90, "texture": "#0"},
				"up": {"uv": [5.31407, 12.40625, 5.51407, 12.70625], "rotation": 90, "texture": "#0"},
				"down": {"uv": [5.31407, 12.40625, 5.51407, 12.70625], "rotation": 90, "texture": "#0"}
			}
		},
		{
			"from": [7.9, 6.11243, 9.50973],
			"to": [8.2, 6.31243, 11.00973],
			"rotation": {"angle": -22.5, "axis": "x", "origin": [8.05, 6.69725, 11.78878]},
			"faces": {
				"north": {"uv": [5.42344, 13.33594, 5.62344, 13.63594], "rotation": 270, "texture": "#0"},
				"east": {"uv": [5.4, 11.44531, 5.60001, 12.94531], "rotation": 90, "texture": "#0"},
				"south": {"uv": [5.36875, 13.17188, 5.56876, 13.47188], "rotation": 90, "texture": "#0"},
				"west": {"uv": [5.4, 11.36719, 5.6, 12.86719], "rotation": 90, "texture": "#0"},
				"up": {"uv": [5.36875, 11.25, 5.66876, 12.75], "rotation": 180, "texture": "#0"},
				"down": {"uv": [5.25938, 11.33594, 5.55938, 12.83594], "rotation": 180, "texture": "#0"}
			}
		},
		{
			"from": [7.9, 9.31392, 10.91799],
			"to": [8.2, 9.51392, 11.31799],
			"rotation": {"angle": -22.5, "axis": "x", "origin": [8.05, 8.53864, 11.58112]},
			"faces": {
				"north": {"uv": [5.25938, 13.36719, 5.45938, 13.66719], "rotation": 270, "texture": "#0"},
				"east": {"uv": [5.0875, 10.17969, 5.48751, 10.37969], "rotation": 180, "texture": "#0"},
				"south": {"uv": [5.48594, 13.08594, 5.68594, 13.38594], "rotation": 90, "texture": "#0"},
				"west": {"uv": [5.17344, 12.125, 5.57344, 12.325], "texture": "#0"},
				"up": {"uv": [5.08751, 10.79688, 5.48751, 11.09688], "rotation": 90, "texture": "#0"},
				"down": {"uv": [5.19688, 1.35156, 5.70626, 1.62031], "rotation": 270, "texture": "#0"}
			}
		},
		{
			"from": [7.9, 8.99528, 11.07498],
			"to": [8.2, 9.19528, 11.57498],
			"rotation": {"angle": 22.5, "axis": "x", "origin": [8.05, 8.53864, 11.58112]},
			"faces": {
				"north": {"uv": [5.4, 13.10938, 5.60001, 13.40938], "rotation": 270, "texture": "#0"},
				"east": {"uv": [5.0875, 10.17969, 5.5875, 10.37969], "rotation": 180, "texture": "#0"},
				"south": {"uv": [5.50938, 12.49219, 5.70938, 12.79219], "rotation": 90, "texture": "#0"},
				"west": {"uv": [5.25938, 11.75781, 5.75938, 11.95781], "texture": "#0"},
				"up": {"uv": [5.08751, 10.79688, 5.5875, 11.09688], "rotation": 90, "texture": "#0"},
				"down": {"uv": [5.19688, 1.35156, 5.80625, 1.62031], "rotation": 270, "texture": "#0"}
			}
		},
		{
			"from": [7.9, 8.66609, 12.32994],
			"to": [8.2, 8.86609, 12.82994],
			"rotation": {"angle": 22.5, "axis": "x", "origin": [8.05, 8.53864, 11.58112]},
			"faces": {
				"north": {"uv": [5.36875, 13.61719, 5.56876, 13.91719], "rotation": 270, "texture": "#0"},
				"east": {"uv": [5.0875, 10.17969, 5.5875, 10.37969], "rotation": 180, "texture": "#0"},
				"south": {"uv": [5.42344, 12.94531, 5.62344, 13.24531], "rotation": 90, "texture": "#0"},
				"west": {"uv": [5.28282, 12.29688, 5.78282, 12.49688], "texture": "#0"},
				"up": {"uv": [5.08751, 10.79688, 5.5875, 11.09688], "rotation": 90, "texture": "#0"},
				"down": {"uv": [5.19688, 1.35156, 5.80625, 1.62031], "rotation": 270, "texture": "#0"}
			}
		},
		{
			"from": [7.9, 6.20149, 13.28522],
			"to": [8.2, 6.60149, 13.48522],
			"rotation": {"angle": -45, "axis": "x", "origin": [8.05, 6.72789, 11.04606]},
			"faces": {
				"north": {"uv": [2.87657, 13.04688, 3.27657, 13.34688], "rotation": 90, "texture": "#0"},
				"east": {"uv": [2.90782, 12.71094, 3.30782, 12.91094], "rotation": 90, "texture": "#0"},
				"south": {"uv": [2.87657, 12.22656, 3.27657, 12.52656], "rotation": 90, "texture": "#0"},
				"west": {"uv": [2.79063, 11.24219, 3.19063, 11.44219], "rotation": 90, "texture": "#0"},
				"up": {"uv": [2.90782, 10.25781, 3.10782, 10.55781], "rotation": 90, "texture": "#0"},
				"down": {"uv": [2.9625, 11.4375, 3.16251, 11.7375], "rotation": 90, "texture": "#0"}
			}
		},
		{
			"from": [7.9, 7.89559, 11.98543],
			"to": [8.2, 8.79559, 12.18543],
			"rotation": {"angle": -45, "axis": "x", "origin": [8.05, 8.53864, 11.58112]},
			"faces": {
				"north": {"uv": [5.17344, 12.32813, 5.90938, 11.52656], "rotation": 90, "texture": "#0"},
				"east": {"uv": [5.0875, 10.17969, 5.98751, 10.37969], "rotation": 90, "texture": "#0"},
				"south": {"uv": [5.08751, 13.73438, 5.98751, 14.03438], "rotation": 90, "texture": "#0"},
				"west": {"uv": [5.11876, 12.85938, 6.01876, 13.05938], "rotation": 90, "texture": "#0"},
				"up": {"uv": [5.08751, 10.79688, 5.28751, 11.09688], "rotation": 90, "texture": "#0"},
				"down": {"uv": [5.19688, 1.35156, 5.50626, 1.62031], "rotation": 90, "texture": "#0"}
			}
		},
		{
			"from": [7.9, 9.13898, 10.96479],
			"to": [8.2, 9.33898, 11.36479],
			"rotation": {"angle": 0, "axis": "y", "origin": [8.05, 8.53864, 11.58112]},
			"faces": {
				"north": {"uv": [5.22813, 11.92969, 5.42813, 12.22969], "rotation": 270, "texture": "#0"},
				"east": {"uv": [5.0875, 10.17969, 5.48751, 10.37969], "rotation": 180, "texture": "#0"},
				"south": {"uv": [5.31407, 13.39063, 5.51407, 13.69063], "rotation": 90, "texture": "#0"},
				"west": {"uv": [5.19688, 12.71875, 5.59688, 12.91875], "texture": "#0"},
				"up": {"uv": [5.08751, 10.79688, 5.48751, 11.09688], "rotation": 90, "texture": "#0"},
				"down": {"uv": [5.19688, 1.35156, 5.70626, 1.62031], "rotation": 270, "texture": "#0"}
			}
		},
		{
			"from": [7.9, 9.00113, 10.27178],
			"to": [8.2, 9.20113, 10.67178],
			"rotation": {"angle": 0, "axis": "y", "origin": [8.05, 8.53864, 11.58112]},
			"faces": {
				"north": {"uv": [3.36875, 14.01563, 3.56876, 14.31563], "rotation": 270, "texture": "#0"},
				"east": {"uv": [5.0875, 10.17969, 5.48751, 10.37969], "rotation": 180, "texture": "#0"},
				"south": {"uv": [3.025, 13.05469, 3.22501, 13.35469], "rotation": 90, "texture": "#0"},
				"west": {"uv": [5.11876, 12.125, 5.51876, 12.325], "texture": "#0"},
				"up": {"uv": [5.08751, 10.79688, 5.48751, 11.09688], "rotation": 90, "texture": "#0"},
				"down": {"uv": [5.19688, 1.35156, 5.70626, 1.62031], "rotation": 270, "texture": "#0"}
			}
		},
		{
			"from": [7.9, 10.44506, 12.59045],
			"to": [8.2, 10.64506, 13.09045],
			"rotation": {"angle": 0, "axis": "y", "origin": [8.05, 11.0731, 11.50786]},
			"faces": {
				"north": {"uv": [5.48594, 11.875, 5.68594, 12.175], "rotation": 270, "texture": "#0"},
				"east": {"uv": [5.37656, 7.73438, 5.87656, 7.93437], "texture": "#0"},
				"south": {"uv": [5.32188, 11.21875, 5.52188, 11.51875], "rotation": 90, "texture": "#0"},
				"west": {"uv": [5.31406, 10.00781, 5.81406, 10.20781], "rotation": 180, "texture": "#0"},
				"up": {"uv": [5.3922, 8.94532, 5.8922, 9.24532], "rotation": 270, "texture": "#0"},
				"down": {"uv": [5.05625, 4.28906, 5.66562, 4.55781], "rotation": 90, "texture": "#0"}
			}
		},
		{
			"from": [7.9, 10.30721, 11.89744],
			"to": [8.2, 10.50721, 12.29744],
			"rotation": {"angle": 0, "axis": "y", "origin": [8.05, 11.0731, 11.50786]},
			"faces": {
				"north": {"uv": [3.20469, 12.46094, 3.40469, 12.76094], "rotation": 270, "texture": "#0"},
				"east": {"uv": [2.69687, 9.07031, 3.09688, 9.27031], "texture": "#0"},
				"south": {"uv": [3.18125, 11.29687, 3.38126, 11.59687], "rotation": 90, "texture": "#0"},
				"west": {"uv": [3.01719, 11.8125, 3.41719, 12.0125], "rotation": 180, "texture": "#0"},
				"up": {"uv": [2.92345, 9.6875, 3.32345, 9.9875], "rotation": 270, "texture": "#0"},
				"down": {"uv": [3.01719, 6.42968, 3.52657, 6.69843], "rotation": 90, "texture": "#0"}
			}
		},
		{
			"from": [7.9, 10.718, 11.05043],
			"to": [8.2, 11.618, 11.25043],
			"rotation": {"angle": -45, "axis": "x", "origin": [8.05, 11.0731, 11.50786]},
			"faces": {
				"north": {"uv": [5.17344, 12.32813, 5.90938, 11.52656], "rotation": 270, "texture": "#0"},
				"east": {"uv": [5.0875, 10.17969, 5.98751, 10.37969], "rotation": 270, "texture": "#0"},
				"south": {"uv": [5.08751, 13.73438, 5.98751, 14.03438], "rotation": 270, "texture": "#0"},
				"west": {"uv": [5.11876, 12.85938, 6.01876, 13.05938], "rotation": 270, "texture": "#0"},
				"up": {"uv": [5.08751, 10.79688, 5.28751, 11.09688], "rotation": 90, "texture": "#0"},
				"down": {"uv": [5.19688, 1.35156, 5.50626, 1.62031], "rotation": 90, "texture": "#0"}
			}
		},
		{
			"from": [7.9, 12.00341, 10.87431],
			"to": [8.2, 12.70341, 11.07431],
			"rotation": {"angle": -45, "axis": "x", "origin": [8.05, 11.0731, 11.50786]},
			"faces": {
				"north": {"uv": [5.17344, 12.32813, 5.70938, 11.52656], "rotation": 270, "texture": "#0"},
				"east": {"uv": [5.0875, 10.17969, 5.78751, 10.37969], "rotation": 270, "texture": "#0"},
				"south": {"uv": [5.08751, 13.73438, 5.78751, 14.03438], "rotation": 270, "texture": "#0"},
				"west": {"uv": [5.11876, 12.85938, 5.81876, 13.05938], "rotation": 270, "texture": "#0"},
				"up": {"uv": [5.08751, 10.79688, 5.28751, 11.09688], "rotation": 90, "texture": "#0"},
				"down": {"uv": [5.19688, 1.35156, 5.50626, 1.62031], "rotation": 90, "texture": "#0"}
			}
		},
		{
			"from": [7.9, 10.84379, 10.40592],
			"to": [8.2, 11.04379, 10.90592],
			"rotation": {"angle": 22.5, "axis": "x", "origin": [8.05, 11.0731, 11.50786]},
			"faces": {
				"north": {"uv": [5.42344, 13.875, 5.62344, 14.175], "rotation": 270, "texture": "#0"},
				"east": {"uv": [5.17344, 13.19531, 5.67344, 13.39531], "texture": "#0"},
				"south": {"uv": [5.36875, 13.64844, 5.56876, 13.94844], "rotation": 90, "texture": "#0"},
				"west": {"uv": [5.25938, 12.57813, 5.75938, 12.77813], "rotation": 180, "texture": "#0"},
				"up": {"uv": [5.17344, 11.8125, 5.67344, 12.1125], "rotation": 270, "texture": "#0"},
				"down": {"uv": [5.19688, 11.33594, 5.69688, 11.63594], "rotation": 90, "texture": "#0"}
			}
		},
		{
			"from": [7.9, 10.5146, 11.66088],
			"to": [8.2, 10.7146, 12.16088],
			"rotation": {"angle": 22.5, "axis": "x", "origin": [8.05, 11.0731, 11.50786]},
			"faces": {
				"north": {"uv": [3.025, 13.54687, 3.225, 13.84687], "rotation": 270, "texture": "#0"},
				"east": {"uv": [2.82187, 9.42969, 3.32187, 9.62969], "texture": "#0"},
				"south": {"uv": [3.025, 12.90625, 3.225, 13.20625], "rotation": 90, "texture": "#0"},
				"west": {"uv": [2.65, 11.47656, 3.15, 11.67656], "rotation": 180, "texture": "#0"},
				"up": {"uv": [2.47032, 10.29688, 2.97031, 10.59688], "rotation": 270, "texture": "#0"},
				"down": {"uv": [2.61094, 3.77343, 3.22031, 4.04218], "rotation": 90, "texture": "#0"}
			}
		},
		{
			"from": [7.9, 10.06335, 11.94424],
			"to": [8.2, 10.26335, 12.34424],
			"rotation": {"angle": -22.5, "axis": "x", "origin": [8.05, 11.0731, 11.50786]},
			"faces": {
				"north": {"uv": [3.18906, 12.875, 3.38906, 13.175], "rotation": 270, "texture": "#0"},
				"east": {"uv": [2.75937, 9.21094, 3.15938, 9.41094], "texture": "#0"},
				"south": {"uv": [2.97813, 12.30469, 3.17813, 12.60469], "rotation": 90, "texture": "#0"},
				"west": {"uv": [2.90781, 11.37656, 3.30781, 11.17656], "rotation": 180, "texture": "#0"},
				"up": {"uv": [3.17345, 10.03907, 3.57345, 10.33907], "rotation": 270, "texture": "#0"},
				"down": {"uv": [3.01719, 1.84375, 3.52657, 2.1125], "rotation": 90, "texture": "#0"}
			}
		},
		{
			"from": [7.9, 9.45177, 10.22497],
			"to": [8.2, 9.65177, 10.62497],
			"rotation": {"angle": -22.5, "axis": "x", "origin": [8.05, 8.53864, 11.58112]},
			"faces": {
				"north": {"uv": [5.45469, 12.26563, 5.65469, 12.56563], "rotation": 270, "texture": "#0"},
				"east": {"uv": [5.0875, 10.17969, 5.48751, 10.37969], "rotation": 180, "texture": "#0"},
				"south": {"uv": [5.31407, 11.98438, 5.51407, 12.28438], "rotation": 90, "texture": "#0"},
				"west": {"uv": [5.4, 13.25, 5.8, 13.45], "texture": "#0"},
				"up": {"uv": [5.08751, 10.79688, 5.48751, 11.09688], "rotation": 90, "texture": "#0"},
				"down": {"uv": [5.19688, 1.35156, 5.70626, 1.62031], "rotation": 270, "texture": "#0"}
			}
		},
		{
			"from": [7.9, 7.22824, 12.42716],
			"to": [8.2, 7.62824, 12.62716],
			"rotation": {"angle": 22.5, "axis": "x", "origin": [8.05, 6.69725, 11.78878]},
			"faces": {
				"north": {"uv": [5.28282, 11.89844, 5.68282, 12.19844], "rotation": 90, "texture": "#0"},
				"east": {"uv": [5.28282, 11.89844, 5.68282, 12.09844], "rotation": 90, "texture": "#0"},
				"south": {"uv": [5.28282, 11.89844, 5.68282, 12.19844], "rotation": 90, "texture": "#0"},
				"west": {"uv": [5.28282, 11.89844, 5.68282, 12.09844], "rotation": 90, "texture": "#0"},
				"up": {"uv": [5.28282, 11.89844, 5.48282, 12.19844], "rotation": 90, "texture": "#0"},
				"down": {"uv": [5.28282, 11.89844, 5.48282, 12.19844], "rotation": 90, "texture": "#0"}
			}
		},
		{
			"from": [7.9, 7.23654, 12.71962],
			"to": [8.2, 7.63654, 12.91962],
			"rotation": {"angle": 0, "axis": "y", "origin": [8.05, 6.69725, 11.78878]},
			"faces": {
				"north": {"uv": [5.26719, 11.42969, 5.66719, 11.72969], "rotation": 90, "texture": "#0"},
				"east": {"uv": [5.26719, 11.42969, 5.66719, 11.62969], "rotation": 90, "texture": "#0"},
				"south": {"uv": [5.26719, 11.42969, 5.66719, 11.72969], "rotation": 90, "texture": "#0"},
				"west": {"uv": [5.26719, 11.42969, 5.66719, 11.62969], "rotation": 90, "texture": "#0"},
				"up": {"uv": [5.26719, 11.42969, 5.46719, 11.72969], "rotation": 90, "texture": "#0"},
				"down": {"uv": [5.26719, 11.42969, 5.46719, 11.72969], "rotation": 90, "texture": "#0"}
			}
		},
		{
			"from": [7.9, 7.92126, 12.28931],
			"to": [8.2, 8.32126, 12.48931],
			"rotation": {"angle": 22.5, "axis": "x", "origin": [8.05, 6.69725, 11.78878]},
			"faces": {
				"north": {"uv": [5.29844, 12.07813, 5.69844, 12.37813], "rotation": 90, "texture": "#0"},
				"east": {"uv": [5.29844, 12.07813, 5.69844, 12.27813], "rotation": 90, "texture": "#0"},
				"south": {"uv": [5.29844, 12.07813, 5.69844, 12.37813], "rotation": 90, "texture": "#0"},
				"west": {"uv": [5.29844, 12.07813, 5.69844, 12.27813], "rotation": 90, "texture": "#0"},
				"up": {"uv": [5.29844, 12.07813, 5.49844, 12.37813], "rotation": 90, "texture": "#0"},
				"down": {"uv": [5.29844, 12.07813, 5.49844, 12.37813], "rotation": 90, "texture": "#0"}
			}
		},
		{
			"from": [7.9, 3.44036, 12.52678],
			"to": [8.2, 3.64036, 12.92678],
			"rotation": {"angle": 0, "axis": "y", "origin": [8.05, 3.99947, 11.44419]},
			"faces": {
				"north": {"uv": [5.28282, 13.10938, 5.48282, 13.40938], "rotation": 270, "texture": "#0"},
				"east": {"uv": [5.28282, 13.10938, 5.68282, 13.30938], "texture": "#0"},
				"south": {"uv": [5.28282, 13.10938, 5.48282, 13.40938], "rotation": 90, "texture": "#0"},
				"west": {"uv": [5.28282, 13.10938, 5.68282, 13.30938], "rotation": 180, "texture": "#0"},
				"up": {"uv": [5.28282, 13.10938, 5.68282, 13.40938], "rotation": 270, "texture": "#0"},
				"down": {"uv": [5.28282, 13.10938, 5.68282, 13.40938], "rotation": 90, "texture": "#0"}
			}
		},
		{
			"from": [7.9, 3.05341, 11.90694],
			"to": [8.2, 3.25341, 12.30694],
			"rotation": {"angle": -22.5, "axis": "x", "origin": [8.05, 3.99947, 11.44419]},
			"faces": {
				"north": {"uv": [5.22813, 13.39063, 5.42813, 13.69063], "rotation": 270, "texture": "#0"},
				"east": {"uv": [5.22813, 13.39063, 5.62813, 13.59063], "texture": "#0"},
				"south": {"uv": [5.22813, 13.39063, 5.42813, 13.69063], "rotation": 90, "texture": "#0"},
				"west": {"uv": [5.22813, 13.39063, 5.62813, 13.59063], "rotation": 180, "texture": "#0"},
				"up": {"uv": [5.22813, 13.39063, 5.62813, 13.69063], "rotation": 270, "texture": "#0"},
				"down": {"uv": [5.22813, 13.39063, 5.62813, 13.69063], "rotation": 90, "texture": "#0"}
			}
		},
		{
			"from": [7.9, 3.30251, 11.83376],
			"to": [8.2, 3.50251, 12.23376],
			"rotation": {"angle": 0, "axis": "y", "origin": [8.05, 3.99947, 11.44419]},
			"faces": {
				"north": {"uv": [5.25938, 13.14063, 5.45938, 13.44063], "rotation": 270, "texture": "#0"},
				"east": {"uv": [5.25938, 13.14063, 5.65938, 13.34063], "texture": "#0"},
				"south": {"uv": [5.25938, 13.14063, 5.45938, 13.44063], "rotation": 90, "texture": "#0"},
				"west": {"uv": [5.25938, 13.14063, 5.65938, 13.34063], "rotation": 180, "texture": "#0"},
				"up": {"uv": [5.25938, 13.14063, 5.65938, 13.44063], "rotation": 270, "texture": "#0"},
				"down": {"uv": [5.25938, 13.14063, 5.65938, 13.44063], "rotation": 90, "texture": "#0"}
			}
		},
		{
			"from": [7.9, 3.50465, 11.57082],
			"to": [8.2, 3.70465, 12.07082],
			"rotation": {"angle": 22.5, "axis": "x", "origin": [8.05, 3.99947, 11.44419]},
			"faces": {
				"north": {"uv": [5.14219, 13.10938, 5.34219, 13.40938], "rotation": 270, "texture": "#0"},
				"east": {"uv": [5.14219, 13.10938, 5.64219, 13.30938], "texture": "#0"},
				"south": {"uv": [5.14219, 13.10938, 5.34219, 13.40938], "rotation": 90, "texture": "#0"},
				"west": {"uv": [5.14219, 13.10938, 5.64219, 13.30938], "rotation": 180, "texture": "#0"},
				"up": {"uv": [5.14219, 13.10938, 5.64219, 13.40938], "rotation": 270, "texture": "#0"},
				"down": {"uv": [5.14219, 13.10938, 5.64219, 13.40938], "rotation": 90, "texture": "#0"}
			}
		},
		{
			"from": [7.9, 3.59078, 10.85054],
			"to": [8.2, 3.79078, 11.75054],
			"rotation": {"angle": 45, "axis": "x", "origin": [8.05, 3.99947, 11.44419]},
			"faces": {
				"north": {"uv": [5.14219, 12.03906, 5.34219, 12.33906], "rotation": 270, "texture": "#0"},
				"east": {"uv": [5.14219, 12.03906, 6.04219, 12.23906], "texture": "#0"},
				"south": {"uv": [5.14219, 12.03906, 5.34219, 12.33906], "rotation": 90, "texture": "#0"},
				"west": {"uv": [5.14219, 12.03906, 6.04219, 12.23906], "rotation": 180, "texture": "#0"},
				"up": {"uv": [5.14219, 12.03906, 6.04219, 12.33906], "rotation": 270, "texture": "#0"},
				"down": {"uv": [5.14219, 12.03906, 6.04219, 12.33906], "rotation": 90, "texture": "#0"}
			}
		},
		{
			"from": [7.9, 3.41466, 9.76514],
			"to": [8.2, 3.61466, 10.46514],
			"rotation": {"angle": 45, "axis": "x", "origin": [8.05, 3.99947, 11.44419]},
			"faces": {
				"north": {"uv": [5.19688, 13.25, 5.39688, 13.55], "rotation": 270, "texture": "#0"},
				"east": {"uv": [5.19688, 13.25, 5.89688, 13.45], "texture": "#0"},
				"south": {"uv": [5.19688, 13.25, 5.39688, 13.55], "rotation": 90, "texture": "#0"},
				"west": {"uv": [5.19688, 13.25, 5.89688, 13.45], "rotation": 180, "texture": "#0"},
				"up": {"uv": [5.19688, 13.25, 5.89688, 13.55], "rotation": 270, "texture": "#0"},
				"down": {"uv": [5.19688, 13.25, 5.89688, 13.55], "rotation": 90, "texture": "#0"}
			}
		},
		{
			"from": [7.9, 3.83384, 10.31587],
			"to": [8.2, 4.03384, 10.81587],
			"rotation": {"angle": 22.5, "axis": "x", "origin": [8.05, 3.99947, 11.44419]},
			"faces": {
				"north": {"uv": [5.31407, 13.53906, 5.51407, 13.83906], "rotation": 270, "texture": "#0"},
				"east": {"uv": [5.31407, 13.53906, 5.81407, 13.73906], "texture": "#0"},
				"south": {"uv": [5.31407, 13.53906, 5.51407, 13.83906], "rotation": 90, "texture": "#0"},
				"west": {"uv": [5.31407, 13.53906, 5.81407, 13.73906], "rotation": 180, "texture": "#0"},
				"up": {"uv": [5.31407, 13.53906, 5.81407, 13.83906], "rotation": 270, "texture": "#0"},
				"down": {"uv": [5.31407, 13.53906, 5.81407, 13.83906], "rotation": 90, "texture": "#0"}
			}
		},
		{
			"name": "cubo",
			"from": [7.2, 0, 15.2],
			"to": [8.8, 15.6, 15.4],
			"rotation": {"angle": 0, "axis": "y", "origin": [0, 0, 7.9]},
			"faces": {
				"north": {"uv": [0, 0, 15.9, 0.89844], "rotation": 90, "texture": "#0"},
				"east": {"uv": [0.02188, 0, 15.92188, 0.6], "rotation": 90, "texture": "#0"},
				"south": {"uv": [0, 0, 15.9, 0.84375], "rotation": 90, "texture": "#0"},
				"west": {"uv": [0, 0, 15.9, 0.6], "rotation": 90, "texture": "#0"},
				"up": {"uv": [0.17969, 0, 2.17969, 0.6], "rotation": 180, "texture": "#0"},
				"down": {"uv": [0.05469, 0, 2.05469, 0.6], "rotation": 180, "texture": "#0"}
			}
		}
	],
	"display": {
		"thirdperson_righthand": {
			"rotation": [75, 315, 0],
			"translation": [0, 2.5, 0],
			"scale": [0.375, 0.375, 0.375]
		},
		"thirdperson_lefthand": {
			"scale": [0.36523, 0.36523, 0.36523]
		},
		"firstperson_righthand": {
			"rotation": [0, -1.75, 0],
			"translation": [0, 2.5, 0],
			"scale": [0.4, 0.4, 0.4]
		},
		"firstperson_lefthand": {
			"scale": [0.55469, 0.55469, 0.55469]
		},
		"ground": {
			"translation": [0, 3, 0],
			"scale": [0.25, 0.25, 0.25]
		},
		"gui": {
			"rotation": [29.03, 50.53, -5.1],
			"scale": [0.74805, 0.74805, 0.74805]
		},
		"head": {
			"rotation": [0, 180, 0]
		},
		"fixed": {
			"rotation": [0, 89, 0]
		}
	},
	"groups": [
		0,
		1,
		2,
		3,
		4,
		5,
		{
			"name": "group",
			"origin": [0, 0, 0],
			"color": 0,
			"children": []
		},
		{
			"name": "group",
			"origin": [8.05, 5.6731, 4.00786],
			"color": 0,
			"children": []
		},
		{
			"name": "group",
			"origin": [8.05, 5.6731, 4.00786],
			"color": 0,
			"children": []
		},
		6,
		{
			"name": "group",
			"origin": [10.05, 3.99947, 4.44419],
			"color": 0,
			"children": [7, 8, 9, 10, 11, 12, 13, 14, 15, 16, 17, 18, 19, 20, 21, 22, 23, 24, 25, 26, 27, 28, 29, 30, 31, 32, 33, 34, 35, 36, 37, 38, 39, 40, 41]
		},
		42,
		43,
		44,
		45,
		46,
		47,
		48,
		49,
		50,
		51,
		52,
		53,
		54,
		55,
		56,
		57,
		58,
		59,
		60,
		61,
		62,
		63,
		64,
		65,
		66,
		67,
		68,
		69,
		70,
		71,
		72,
		73,
		74,
		75,
		76,
		77,
		78,
		79,
		80,
		81,
		82,
		83
	]
}