{
	"credit": "Made with Blockbench",
	"parent": "block/block",
	"textures": {
		"2": "block/lantern",
		"particle": "soul_lantern"
	},
	"elements": [
		{
			"from": [6, 0.2, 6],
			"to": [10, 7.1, 10],
			"rotation": {"angle": 0, "axis": "y", "origin": [0, 0, 17]},
			"faces": {
				"north": {"uv": [0.55469, 2.0625, 5.4375, 8.60312], "texture": "#2"},
				"east": {"uv": [0.55469, 2.0625, 5.4375, 8.60312], "texture": "#2"},
				"south": {"uv": [0.55469, 2.0625, 5.4375, 8.60312], "texture": "#2"},
				"west": {"uv": [0.55469, 2.0625, 5.4375, 8.60312], "texture": "#2"},
				"up": {"uv": [0.25781, 1.48438, 5.65625, 5.08594], "texture": "#2"},
				"down": {"uv": [0.25781, 1.48438, 5.65625, 5.08594], "texture": "#2"}
			}
		},
		{
			"from": [5, 0.3, 5],
			"to": [5.3, 6.7, 5.3],
			"faces": {
				"north": {"uv": [0, 2.26563, 0.11563, 8.66563], "texture": "#2"},
				"east": {"uv": [0, 2.26563, 0.11563, 8.66563], "texture": "#2"},
				"south": {"uv": [0, 2.26563, 0.11563, 8.66563], "texture": "#2"},
				"west": {"uv": [0, 2.26563, 0.11563, 8.66563], "texture": "#2"},
				"up": {"uv": [0, 2.26563, 0.11563, 2.56562], "texture": "#2"},
				"down": {"uv": [0, 2.26563, 0.11563, 2.56562], "texture": "#2"}
			}
		},
		{
			"from": [5.3, 0, 5],
			"to": [10.7, 0.3, 5.3],
			"faces": {
				"north": {"uv": [0, 9.63047, 0.35234, 14.35312], "rotation": 90, "texture": "#2"},
				"east": {"uv": [0, 9.63047, 0.35234, 9.25313], "rotation": 90, "texture": "#2"},
				"south": {"uv": [0, 9.63047, 0.35234, 14.35312], "rotation": 90, "texture": "#2"},
				"west": {"uv": [0, 9.63047, 0.35234, 9.25313], "rotation": 90, "texture": "#2"},
				"up": {"uv": [0, 9.63047, 0.35234, 14.35312], "rotation": 90, "texture": "#2"},
				"down": {"uv": [0, 9.63047, 0.35234, 14.35312], "rotation": 90, "texture": "#2"}
			}
		},
		{
			"from": [5, 0.3, 10.7],
			"to": [5.3, 6.7, 11],
			"faces": {
				"north": {"uv": [0, 2.26563, 0.11563, 8.66563], "texture": "#2"},
				"east": {"uv": [0, 2.26563, 0.11563, 8.66563], "texture": "#2"},
				"south": {"uv": [0, 2.26563, 0.11563, 8.66563], "texture": "#2"},
				"west": {"uv": [0, 2.26563, 0.11563, 8.66563], "texture": "#2"},
				"up": {"uv": [0, 2.26563, 0.11563, 2.56562], "texture": "#2"},
				"down": {"uv": [0, 2.26563, 0.11563, 2.56562], "texture": "#2"}
			}
		},
		{
			"from": [10.7, 0.3, 10.7],
			"to": [11, 6.7, 11],
			"faces": {
				"north": {"uv": [0, 2.26563, 0.11563, 8.66563], "texture": "#2"},
				"east": {"uv": [0, 2.26563, 0.11563, 8.66563], "texture": "#2"},
				"south": {"uv": [0, 2.26563, 0.11563, 8.66563], "texture": "#2"},
				"west": {"uv": [0, 2.26563, 0.11563, 8.66563], "texture": "#2"},
				"up": {"uv": [0, 2.26563, 0.11563, 2.56562], "texture": "#2"},
				"down": {"uv": [0, 2.26563, 0.11563, 2.56562], "texture": "#2"}
			}
		},
		{
			"from": [10.7, 0.3, 5],
			"to": [11, 6.7, 5.3],
			"faces": {
				"north": {"uv": [0, 2.26563, 0.11563, 8.66563], "texture": "#2"},
				"east": {"uv": [0, 2.26563, 0.11563, 8.66563], "texture": "#2"},
				"south": {"uv": [0, 2.26563, 0.11563, 8.66563], "texture": "#2"},
				"west": {"uv": [0, 2.26563, 0.11563, 8.66563], "texture": "#2"},
				"up": {"uv": [0, 2.26563, 0.11563, 2.56562], "texture": "#2"},
				"down": {"uv": [0, 2.26563, 0.11563, 2.56562], "texture": "#2"}
			}
		},
		{
			"from": [5.1, 3.5, 5],
			"to": [5.2, 7.1, 5.2],
			"rotation": {"angle": 22.5, "axis": "x", "origin": [5.1, 3.5, 5.1]},
			"faces": {
				"north": {"uv": [1.45313, 0.16406, 5.05312, 0.21719], "rotation": 90, "texture": "#2"},
				"east": {"uv": [1.45313, 0.16406, 5.05312, 0.31719], "rotation": 90, "texture": "#2"},
				"south": {"uv": [1.45313, 0.16406, 5.05312, 0.21719], "rotation": 90, "texture": "#2"},
				"west": {"uv": [1.45313, 0.16406, 5.05312, 0.31719], "rotation": 90, "texture": "#2"},
				"up": {"uv": [0, 0, 0.1, 0.2], "texture": "#2"},
				"down": {"uv": [0, 0, 0.1, 0.2], "texture": "#2"}
			}
		},
		{
			"from": [5.1, 5.16298, 5.68883],
			"to": [5.2, 7.46298, 5.88883],
			"rotation": {"angle": 45, "axis": "x", "origin": [5.15, 5.16298, 5.78883]},
			"faces": {
				"north": {"uv": [1.45313, 0.16406, 3.75313, 0.21719], "rotation": 90, "texture": "#2"},
				"east": {"uv": [1.45313, 0.16406, 3.75313, 0.31719], "rotation": 90, "texture": "#2"},
				"south": {"uv": [1.45313, 0.16406, 3.75313, 0.21719], "rotation": 90, "texture": "#2"},
				"west": {"uv": [1.45313, 0.16406, 3.75313, 0.31719], "rotation": 90, "texture": "#2"},
				"up": {"uv": [0, 0, 0.1, 0.2], "texture": "#2"},
				"down": {"uv": [0, 0, 0.1, 0.2], "texture": "#2"}
			}
		},
		{
			"from": [5, 3.9, 5.1],
			"to": [5.2, 7.1, 5.2],
			"rotation": {"angle": -22.5, "axis": "z", "origin": [5.1, 3.9, 5.1]},
			"faces": {
				"north": {"uv": [1.45313, 0.16406, 4.65312, 0.31719], "rotation": 90, "texture": "#2"},
				"east": {"uv": [1.45313, 0.16406, 4.65312, 0.21719], "rotation": 90, "texture": "#2"},
				"south": {"uv": [1.45313, 0.16406, 4.65312, 0.31719], "rotation": 90, "texture": "#2"},
				"west": {"uv": [1.45313, 0.16406, 4.65312, 0.21719], "rotation": 90, "texture": "#2"},
				"up": {"uv": [0, 0, 0.2, 0.1], "texture": "#2"},
				"down": {"uv": [0, 0, 0.2, 0.1], "texture": "#2"}
			}
		},
		{
			"from": [5.61229, 5.37821, 5.1],
			"to": [5.81229, 7.37821, 5.2],
			"rotation": {"angle": -45, "axis": "z", "origin": [5.71229, 5.37821, 5.15]},
			"faces": {
				"north": {"uv": [1.45313, 0.16406, 3.45312, 0.31719], "rotation": 90, "texture": "#2"},
				"east": {"uv": [1.45313, 0.16406, 3.45312, 0.21719], "rotation": 90, "texture": "#2"},
				"south": {"uv": [1.45313, 0.16406, 3.45312, 0.31719], "rotation": 90, "texture": "#2"},
				"west": {"uv": [1.45313, 0.16406, 3.45312, 0.21719], "rotation": 90, "texture": "#2"},
				"up": {"uv": [0, 0, 0.2, 0.1], "texture": "#2"},
				"down": {"uv": [0, 0, 0.2, 0.1], "texture": "#2"}
			}
		},
		{
			"from": [5.1, 3.6, 10.8],
			"to": [5.2, 7.1, 11],
			"rotation": {"angle": -22.5, "axis": "x", "origin": [5.1, 3.5, 10.9]},
			"faces": {
				"north": {"uv": [1.45313, 0.16406, 4.95313, 0.21719], "rotation": 90, "texture": "#2"},
				"east": {"uv": [1.45313, 0.16406, 4.95313, 0.31719], "rotation": 90, "texture": "#2"},
				"south": {"uv": [1.45313, 0.16406, 4.95313, 0.21719], "rotation": 90, "texture": "#2"},
				"west": {"uv": [1.45313, 0.16406, 4.95313, 0.31719], "rotation": 90, "texture": "#2"},
				"up": {"uv": [0, 0, 0.1, 0.2], "texture": "#2"},
				"down": {"uv": [0, 0, 0.1, 0.2], "texture": "#2"}
			}
		},
		{
			"from": [5.1, 5.25918, 10.09204],
			"to": [5.2, 7.45918, 10.29204],
			"rotation": {"angle": -45, "axis": "x", "origin": [5.15, 5.20918, 10.19204]},
			"faces": {
				"north": {"uv": [1.45313, 0.16406, 3.65313, 0.21719], "rotation": 90, "texture": "#2"},
				"east": {"uv": [1.45313, 0.16406, 3.65313, 0.31719], "rotation": 90, "texture": "#2"},
				"south": {"uv": [1.45313, 0.16406, 3.65313, 0.21719], "rotation": 90, "texture": "#2"},
				"west": {"uv": [1.45313, 0.16406, 3.65313, 0.31719], "rotation": 90, "texture": "#2"},
				"up": {"uv": [0, 0, 0.1, 0.2], "texture": "#2"},
				"down": {"uv": [0, 0, 0.1, 0.2], "texture": "#2"}
			}
		},
		{
			"from": [5, 3.9, 10.8],
			"to": [5.2, 7.1, 10.9],
			"rotation": {"angle": -22.5, "axis": "z", "origin": [5.1, 3.9, 10.9]},
			"faces": {
				"north": {"uv": [1.45313, 0.16406, 4.65312, 0.31719], "rotation": 90, "texture": "#2"},
				"east": {"uv": [1.45313, 0.16406, 4.65312, 0.21719], "rotation": 90, "texture": "#2"},
				"south": {"uv": [1.45313, 0.16406, 4.65312, 0.31719], "rotation": 90, "texture": "#2"},
				"west": {"uv": [1.45313, 0.16406, 4.65312, 0.21719], "rotation": 90, "texture": "#2"},
				"up": {"uv": [0, 0, 0.2, 0.1], "texture": "#2"},
				"down": {"uv": [0, 0, 0.2, 0.1], "texture": "#2"}
			}
		},
		{
			"from": [5.61229, 5.37821, 10.8],
			"to": [5.81229, 7.37821, 10.9],
			"rotation": {"angle": -45, "axis": "z", "origin": [5.71229, 5.37821, 10.85]},
			"faces": {
				"north": {"uv": [1.45313, 0.16406, 3.45313, 0.31719], "rotation": 90, "texture": "#2"},
				"east": {"uv": [1.45313, 0.16406, 3.45313, 0.21719], "rotation": 90, "texture": "#2"},
				"south": {"uv": [1.45313, 0.16406, 3.45313, 0.31719], "rotation": 90, "texture": "#2"},
				"west": {"uv": [1.45313, 0.16406, 3.45313, 0.21719], "rotation": 90, "texture": "#2"},
				"up": {"uv": [0, 0, 0.2, 0.1], "texture": "#2"},
				"down": {"uv": [0, 0, 0.2, 0.1], "texture": "#2"}
			}
		},
		{
			"from": [10.8, 3.5, 10.8],
			"to": [10.9, 7.1, 11],
			"rotation": {"angle": -22.5, "axis": "x", "origin": [10.9, 3.5, 10.9]},
			"faces": {
				"north": {"uv": [1.45313, 0.16406, 5.05312, 0.21719], "rotation": 90, "texture": "#2"},
				"east": {"uv": [1.45313, 0.16406, 5.05312, 0.31719], "rotation": 90, "texture": "#2"},
				"south": {"uv": [1.45313, 0.16406, 5.05312, 0.21719], "rotation": 90, "texture": "#2"},
				"west": {"uv": [1.45313, 0.16406, 5.05312, 0.31719], "rotation": 90, "texture": "#2"},
				"up": {"uv": [0, 0, 0.1, 0.2], "texture": "#2"},
				"down": {"uv": [0, 0, 0.1, 0.2], "texture": "#2"}
			}
		},
		{
			"from": [10.8, 5.16298, 10.11117],
			"to": [10.9, 7.46298, 10.31117],
			"rotation": {"angle": -45, "axis": "x", "origin": [10.85, 5.16298, 10.21117]},
			"faces": {
				"north": {"uv": [1.45313, 0.16406, 3.75313, 0.21719], "rotation": 90, "texture": "#2"},
				"east": {"uv": [1.45313, 0.16406, 3.75313, 0.31719], "rotation": 90, "texture": "#2"},
				"south": {"uv": [1.45313, 0.16406, 3.75313, 0.21719], "rotation": 90, "texture": "#2"},
				"west": {"uv": [1.45313, 0.16406, 3.75313, 0.31719], "rotation": 90, "texture": "#2"},
				"up": {"uv": [0, 0, 0.1, 0.2], "texture": "#2"},
				"down": {"uv": [0, 0, 0.1, 0.2], "texture": "#2"}
			}
		},
		{
			"from": [10.8, 3.9, 10.8],
			"to": [11, 7.1, 10.9],
			"rotation": {"angle": 22.5, "axis": "z", "origin": [10.9, 3.9, 10.9]},
			"faces": {
				"north": {"uv": [1.45313, 0.16406, 4.65312, 0.31719], "rotation": 90, "texture": "#2"},
				"east": {"uv": [1.45313, 0.16406, 4.65312, 0.21719], "rotation": 90, "texture": "#2"},
				"south": {"uv": [1.45313, 0.16406, 4.65312, 0.31719], "rotation": 90, "texture": "#2"},
				"west": {"uv": [1.45313, 0.16406, 4.65312, 0.21719], "rotation": 90, "texture": "#2"},
				"up": {"uv": [0, 0, 0.2, 0.1], "texture": "#2"},
				"down": {"uv": [0, 0, 0.2, 0.1], "texture": "#2"}
			}
		},
		{
			"from": [10.18771, 5.37821, 10.8],
			"to": [10.38771, 7.37821, 10.9],
			"rotation": {"angle": 45, "axis": "z", "origin": [10.28771, 5.37821, 10.85]},
			"faces": {
				"north": {"uv": [1.45313, 0.16406, 3.45313, 0.31719], "rotation": 90, "texture": "#2"},
				"east": {"uv": [1.45313, 0.16406, 3.45313, 0.21719], "rotation": 90, "texture": "#2"},
				"south": {"uv": [1.45313, 0.16406, 3.45313, 0.31719], "rotation": 90, "texture": "#2"},
				"west": {"uv": [1.45313, 0.16406, 3.45313, 0.21719], "rotation": 90, "texture": "#2"},
				"up": {"uv": [0, 0, 0.2, 0.1], "texture": "#2"},
				"down": {"uv": [0, 0, 0.2, 0.1], "texture": "#2"}
			}
		},
		{
			"from": [10.8, 3.9, 5.1],
			"to": [11, 7.1, 5.2],
			"rotation": {"angle": 22.5, "axis": "z", "origin": [10.9, 3.9, 5.1]},
			"faces": {
				"north": {"uv": [1.45313, 0.16406, 4.65312, 0.31719], "rotation": 90, "texture": "#2"},
				"east": {"uv": [1.45313, 0.16406, 4.65312, 0.21719], "rotation": 90, "texture": "#2"},
				"south": {"uv": [1.45313, 0.16406, 4.65312, 0.31719], "rotation": 90, "texture": "#2"},
				"west": {"uv": [1.45313, 0.16406, 4.65312, 0.21719], "rotation": 90, "texture": "#2"},
				"up": {"uv": [0, 0, 0.2, 0.1], "texture": "#2"},
				"down": {"uv": [0, 0, 0.2, 0.1], "texture": "#2"}
			}
		},
		{
			"from": [10.18771, 5.37821, 5.1],
			"to": [10.38771, 7.37821, 5.2],
			"rotation": {"angle": 45, "axis": "z", "origin": [10.28771, 5.37821, 5.15]},
			"faces": {
				"north": {"uv": [1.45313, 0.16406, 3.45313, 0.31719], "rotation": 90, "texture": "#2"},
				"east": {"uv": [1.45313, 0.16406, 3.45313, 0.21719], "rotation": 90, "texture": "#2"},
				"south": {"uv": [1.45313, 0.16406, 3.45313, 0.31719], "rotation": 90, "texture": "#2"},
				"west": {"uv": [1.45313, 0.16406, 3.45313, 0.21719], "rotation": 90, "texture": "#2"},
				"up": {"uv": [0, 0, 0.2, 0.1], "texture": "#2"},
				"down": {"uv": [0, 0, 0.2, 0.1], "texture": "#2"}
			}
		},
		{
			"from": [10.8, 3.5, 5],
			"to": [10.9, 7.1, 5.2],
			"rotation": {"angle": 22.5, "axis": "x", "origin": [10.9, 3.5, 5.1]},
			"faces": {
				"north": {"uv": [1.45313, 0.16406, 5.05312, 0.21719], "rotation": 90, "texture": "#2"},
				"east": {"uv": [1.45313, 0.16406, 5.05312, 0.31719], "rotation": 90, "texture": "#2"},
				"south": {"uv": [1.45313, 0.16406, 5.05312, 0.21719], "rotation": 90, "texture": "#2"},
				"west": {"uv": [1.45313, 0.16406, 5.05312, 0.31719], "rotation": 90, "texture": "#2"},
				"up": {"uv": [0, 0, 0.1, 0.2], "texture": "#2"},
				"down": {"uv": [0, 0, 0.1, 0.2], "texture": "#2"}
			}
		},
		{
			"from": [5.61229, -0.42179, 5.1],
			"to": [5.81229, 2.17821, 5.2],
			"rotation": {"angle": 45, "axis": "z", "origin": [5.71229, 1.32821, 5.15]},
			"faces": {
				"north": {"uv": [1.45313, 0.16406, 4.05312, 0.31719], "rotation": 90, "texture": "#2"},
				"east": {"uv": [1.45313, 0.16406, 4.05312, 0.21719], "rotation": 90, "texture": "#2"},
				"south": {"uv": [1.45313, 0.16406, 4.05312, 0.31719], "rotation": 90, "texture": "#2"},
				"west": {"uv": [1.45313, 0.16406, 4.05312, 0.21719], "rotation": 90, "texture": "#2"},
				"up": {"uv": [0, 0, 0.2, 0.1], "texture": "#2"},
				"down": {"uv": [0, 0, 0.2, 0.1], "texture": "#2"}
			}
		},
		{
			"from": [10.18771, -0.42179, 5.1],
			"to": [10.38771, 2.17821, 5.2],
			"rotation": {"angle": -45, "axis": "z", "origin": [10.28771, 1.32821, 5.15]},
			"faces": {
				"north": {"uv": [1.45313, 0.16406, 4.05312, 0.31719], "rotation": 90, "texture": "#2"},
				"east": {"uv": [1.45313, 0.16406, 4.05312, 0.21719], "rotation": 90, "texture": "#2"},
				"south": {"uv": [1.45313, 0.16406, 4.05312, 0.31719], "rotation": 90, "texture": "#2"},
				"west": {"uv": [1.45313, 0.16406, 4.05312, 0.21719], "rotation": 90, "texture": "#2"},
				"up": {"uv": [0, 0, 0.2, 0.1], "texture": "#2"},
				"down": {"uv": [0, 0, 0.2, 0.1], "texture": "#2"}
			}
		},
		{
			"from": [5.1, -0.43702, 5.68883],
			"to": [5.2, 2.16298, 5.88883],
			"rotation": {"angle": -45, "axis": "x", "origin": [5.15, 1.31298, 5.78883]},
			"faces": {
				"north": {"uv": [1.45313, 0.16406, 4.05312, 0.21719], "rotation": 90, "texture": "#2"},
				"east": {"uv": [1.45313, 0.16406, 4.05312, 0.31719], "rotation": 90, "texture": "#2"},
				"south": {"uv": [1.45313, 0.16406, 4.05312, 0.21719], "rotation": 90, "texture": "#2"},
				"west": {"uv": [1.45313, 0.16406, 4.05312, 0.31719], "rotation": 90, "texture": "#2"},
				"up": {"uv": [0, 0, 0.1, 0.2], "texture": "#2"},
				"down": {"uv": [0, 0, 0.1, 0.2], "texture": "#2"}
			}
		},
		{
			"from": [5.1, -0.34082, 10.09204],
			"to": [5.2, 2.25918, 10.29204],
			"rotation": {"angle": 45, "axis": "x", "origin": [5.15, 1.35918, 10.19204]},
			"faces": {
				"north": {"uv": [1.45313, 0.16406, 4.05312, 0.21719], "rotation": 90, "texture": "#2"},
				"east": {"uv": [1.45313, 0.16406, 4.05312, 0.31719], "rotation": 90, "texture": "#2"},
				"south": {"uv": [1.45313, 0.16406, 4.05312, 0.21719], "rotation": 90, "texture": "#2"},
				"west": {"uv": [1.45313, 0.16406, 4.05312, 0.31719], "rotation": 90, "texture": "#2"},
				"up": {"uv": [0, 0, 0.1, 0.2], "texture": "#2"},
				"down": {"uv": [0, 0, 0.1, 0.2], "texture": "#2"}
			}
		},
		{
			"from": [4.96229, 1.22821, 10.8],
			"to": [7.46229, 1.42821, 10.9],
			"rotation": {"angle": -45, "axis": "z", "origin": [5.71229, 1.32821, 10.85]},
			"faces": {
				"north": {"uv": [1.45313, 0.16406, 3.90625, 0.36406], "texture": "#2"},
				"east": {"uv": [1.45313, 0.16406, 1.65313, 0.21719], "rotation": 90, "texture": "#2"},
				"south": {"uv": [1.45313, 0.16406, 3.90625, 0.36406], "texture": "#2"},
				"west": {"uv": [1.45313, 0.16406, 1.65313, 0.21719], "rotation": 90, "texture": "#2"},
				"up": {"uv": [1.15625, 0.29688, 4.65625, 0.39688], "texture": "#2"},
				"down": {"uv": [1.15625, 0.29688, 4.65625, 0.39688], "texture": "#2"}
			}
		},
		{
			"from": [10.13031, -0.41037, 10.8],
			"to": [10.33031, 2.08963, 10.9],
			"rotation": {"angle": -45, "axis": "z", "origin": [10.23031, 1.33963, 10.85]},
			"faces": {
				"north": {"uv": [1.45313, 0.16406, 3.95313, 0.31719], "rotation": 90, "texture": "#2"},
				"east": {"uv": [1.45313, 0.16406, 3.95313, 0.21719], "rotation": 90, "texture": "#2"},
				"south": {"uv": [1.45313, 0.16406, 3.95313, 0.31719], "rotation": 90, "texture": "#2"},
				"west": {"uv": [1.45313, 0.16406, 3.95313, 0.21719], "rotation": 90, "texture": "#2"},
				"up": {"uv": [0, 0, 0.2, 0.1], "texture": "#2"},
				"down": {"uv": [0, 0, 0.2, 0.1], "texture": "#2"}
			}
		},
		{
			"from": [10.8, -0.43702, 10.11117],
			"to": [10.9, 2.26298, 10.31117],
			"rotation": {"angle": 45, "axis": "x", "origin": [10.85, 1.31298, 10.21117]},
			"faces": {
				"north": {"uv": [1.45313, 0.16406, 4.15312, 0.21719], "rotation": 90, "texture": "#2"},
				"east": {"uv": [1.45313, 0.16406, 4.15312, 0.31719], "rotation": 90, "texture": "#2"},
				"south": {"uv": [1.45313, 0.16406, 4.15312, 0.21719], "rotation": 90, "texture": "#2"},
				"west": {"uv": [1.45313, 0.16406, 4.15312, 0.31719], "rotation": 90, "texture": "#2"},
				"up": {"uv": [0, 0, 0.1, 0.2], "texture": "#2"},
				"down": {"uv": [0, 0, 0.1, 0.2], "texture": "#2"}
			}
		},
		{
			"from": [10.8, -0.43702, 5.68883],
			"to": [10.9, 2.26298, 5.88883],
			"rotation": {"angle": -45, "axis": "x", "origin": [10.85, 1.31298, 5.78883]},
			"faces": {
				"north": {"uv": [1.45313, 0.16406, 4.15312, 0.21719], "rotation": 90, "texture": "#2"},
				"east": {"uv": [1.45313, 0.16406, 4.15312, 0.31719], "rotation": 90, "texture": "#2"},
				"south": {"uv": [1.45313, 0.16406, 4.15312, 0.21719], "rotation": 90, "texture": "#2"},
				"west": {"uv": [1.45313, 0.16406, 4.15312, 0.31719], "rotation": 90, "texture": "#2"},
				"up": {"uv": [0, 0, 0.1, 0.2], "texture": "#2"},
				"down": {"uv": [0, 0, 0.1, 0.2], "texture": "#2"}
			}
		},
		{
			"from": [10.8, 5.16298, 5.68883],
			"to": [10.9, 7.46298, 5.88883],
			"rotation": {"angle": 45, "axis": "x", "origin": [10.85, 5.16298, 5.78883]},
			"faces": {
				"north": {"uv": [1.45313, 0.16406, 3.75313, 0.21719], "rotation": 90, "texture": "#2"},
				"east": {"uv": [1.45313, 0.16406, 3.75313, 0.31719], "rotation": 90, "texture": "#2"},
				"south": {"uv": [1.45313, 0.16406, 3.75313, 0.21719], "rotation": 90, "texture": "#2"},
				"west": {"uv": [1.45313, 0.16406, 3.75313, 0.31719], "rotation": 90, "texture": "#2"},
				"up": {"uv": [0, 0, 0.1, 0.2], "texture": "#2"},
				"down": {"uv": [0, 0, 0.1, 0.2], "texture": "#2"}
			}
		},
		{
			"from": [10.7, 0, 5],
			"to": [11, 0.3, 11],
			"faces": {
				"north": {"uv": [0, 9.63047, 0.35234, 9.25313], "texture": "#2"},
				"east": {"uv": [0, 9.63047, 0.35234, 14.95313], "rotation": 90, "texture": "#2"},
				"south": {"uv": [0, 9.63047, 0.35234, 9.25313], "texture": "#2"},
				"west": {"uv": [0, 9.63047, 0.35234, 14.95313], "rotation": 90, "texture": "#2"},
				"up": {"uv": [0, 9.63047, 0.35234, 14.95313], "texture": "#2"},
				"down": {"uv": [0, 9.63047, 0.35234, 14.95313], "texture": "#2"}
			}
		},
		{
			"from": [5.4, 7, 5.4],
			"to": [10.6, 7.4, 10.6],
			"faces": {
				"north": {"uv": [0, 9.14844, 6, 9.63125], "texture": "#2"},
				"east": {"uv": [0, 9.14844, 6, 9.63125], "texture": "#2"},
				"south": {"uv": [0, 9.14844, 6, 9.63125], "texture": "#2"},
				"west": {"uv": [0, 9.14844, 6, 9.63125], "texture": "#2"},
				"up": {"uv": [0, 8.99219, 6, 14.99219], "texture": "#2"},
				"down": {"uv": [0, 8.99219, 6, 14.99219], "texture": "#2"}
			}
		},
		{
			"from": [5.3, 7, 5.3],
			"to": [10.7, 7.1, 10.7],
			"faces": {
				"north": {"uv": [1.06875, 0, 4.92734, 0.20625], "texture": "#2"},
				"east": {"uv": [1.06875, 0, 4.92734, 0.20625], "texture": "#2"},
				"south": {"uv": [1.06875, 0, 4.92734, 0.20625], "texture": "#2"},
				"west": {"uv": [1.06875, 0, 4.92734, 0.20625], "texture": "#2"},
				"up": {"uv": [1.06875, 0, 4.95703, 1.96016], "texture": "#2"},
				"down": {"uv": [1.06875, 0, 4.95703, 1.96016], "texture": "#2"}
			}
		},
		{
			"from": [6.4, 7.5, 6.4],
			"to": [9.6, 8.4, 9.6],
			"faces": {
				"north": {"uv": [1.15625, 9.19531, 4.35625, 10.09531], "texture": "#2"},
				"east": {"uv": [1.15625, 9.19531, 4.35625, 10.09531], "texture": "#2"},
				"south": {"uv": [1.15625, 9.19531, 4.35625, 10.09531], "texture": "#2"},
				"west": {"uv": [1.15625, 9.19531, 4.35625, 10.09531], "texture": "#2"},
				"up": {"uv": [0, 8.99219, 6, 14.99219], "texture": "#2"},
				"down": {"uv": [0, 8.99219, 6, 14.99219], "texture": "#2"}
			}
		},
		{
			"from": [6.5, 8.4, 6.5],
			"to": [9.5, 8.5, 9.5],
			"faces": {
				"north": {"uv": [0.99219, 0, 3.99219, 0.1], "texture": "#2"},
				"east": {"uv": [0.99219, 0, 3.99219, 0.1], "texture": "#2"},
				"south": {"uv": [0.99219, 0, 3.99219, 0.1], "texture": "#2"},
				"west": {"uv": [0.99219, 0, 3.99219, 0.1], "texture": "#2"},
				"up": {"uv": [0.99219, 0, 4.95625, 1.95781], "texture": "#2"},
				"down": {"uv": [0.99219, 0, 4.95625, 1.95781], "texture": "#2"}
			}
		},
		{
			"from": [6.3, 7.5, 6.3],
			"to": [9.7, 7.6, 9.7],
			"faces": {
				"north": {"uv": [1.19531, 0, 4.59531, 0.1], "texture": "#2"},
				"east": {"uv": [1.19531, 0, 4.59531, 0.1], "texture": "#2"},
				"south": {"uv": [1.19531, 0, 4.59531, 0.1], "texture": "#2"},
				"west": {"uv": [1.19531, 0, 4.59531, 0.1], "texture": "#2"},
				"up": {"uv": [1.19531, 0, 4.59531, 1.99297], "texture": "#2"},
				"down": {"uv": [1.19531, 0, 4.59531, 1.99297], "texture": "#2"}
			}
		},
		{
			"from": [5, 0, 5],
			"to": [5.3, 0.3, 11],
			"faces": {
				"north": {"uv": [0, 9.63047, 0.35234, 9.25313], "texture": "#2"},
				"east": {"uv": [0, 9.63047, 0.35234, 14.95313], "rotation": 90, "texture": "#2"},
				"south": {"uv": [0, 9.63047, 0.35234, 9.25313], "texture": "#2"},
				"west": {"uv": [0, 9.63047, 0.35234, 14.95313], "rotation": 90, "texture": "#2"},
				"up": {"uv": [0, 9.63047, 0.35234, 14.95313], "texture": "#2"},
				"down": {"uv": [0, 9.63047, 0.35234, 14.95313], "texture": "#2"}
			}
		},
		{
			"from": [5.3, 0, 10.7],
			"to": [10.7, 0.3, 11],
			"faces": {
				"north": {"uv": [0, 9.63047, 0.35234, 14.35312], "rotation": 90, "texture": "#2"},
				"east": {"uv": [0, 9.63047, 0.35234, 9.25313], "rotation": 90, "texture": "#2"},
				"south": {"uv": [0, 9.63047, 0.35234, 14.35312], "rotation": 90, "texture": "#2"},
				"west": {"uv": [0, 9.63047, 0.35234, 9.25313], "rotation": 90, "texture": "#2"},
				"up": {"uv": [0, 9.63047, 0.35234, 14.35312], "rotation": 90, "texture": "#2"},
				"down": {"uv": [0, 9.63047, 0.35234, 14.35312], "rotation": 90, "texture": "#2"}
			}
		},
		{
			"from": [5.3, 0, 5.3],
			"to": [10.7, 0.2, 10.7],
			"faces": {
				"north": {"uv": [0, 0, 6, 0.3], "texture": "#2"},
				"east": {"uv": [0, 0, 6, 0.3], "texture": "#2"},
				"south": {"uv": [0, 0, 6, 0.3], "texture": "#2"},
				"west": {"uv": [0, 0, 6, 0.3], "texture": "#2"},
				"up": {"uv": [0, 9.03906, 6, 14.92188], "texture": "#2"},
				"down": {"uv": [0, 9.03906, 6, 14.92188], "texture": "#2"}
			}
		},
		{
			"from": [4.7, 6.7, 4.7],
			"to": [11.3, 7, 11.3],
			"faces": {
				"north": {"uv": [0, 14.61719, 6, 14.91719], "texture": "#2"},
				"east": {"uv": [0, 14.61719, 6, 14.91719], "texture": "#2"},
				"south": {"uv": [0, 14.61719, 6, 14.91719], "texture": "#2"},
				"west": {"uv": [0, 14.61719, 6, 14.91719], "texture": "#2"},
				"up": {"uv": [0.18203, 9.01328, 5.84375, 14.79141], "texture": "#2"},
				"down": {"uv": [0.18203, 9.01328, 5.84375, 14.79141], "texture": "#2"}
			}
		}
	],
	"display": {
		"thirdperson_righthand": {
			"rotation": [49, 0, 0],
			"scale": [0.47461, 0.47461, 0.47461]
		},
		"thirdperson_lefthand": {
			"rotation": [61.25, 0, 0],
			"scale": [0.54688, 0.54688, 0.54688]
		},
		"firstperson_righthand": {
			"translation": [0, 4.25, 0]
		},
		"firstperson_lefthand": {
			"translation": [0, 4.75, 0]
		},
		"ground": {
			"translation": [0, 1.25, 0],
			"scale": [0.6582, 0.6582, 0.6582]
		},
		"gui": {
			"rotation": [22.5, -14.5, 0],
			"translation": [0, 4, 0],
			"scale": [1.23633, 1.23633, 1.23633]
		},
		"fixed": {
			"translation": [0, 4, -0.5]
		}
	},
	"groups": [
		{
			"name": "group",
			"origin": [7.71229, 3.47821, 8.35],
			"color": 0,
			"children": []
		},
		{
			"name": "group",
			"origin": [0, 0, 0],
			"color": 0,
			"children": [0]
		},
		{
			"name": "group",
			"origin": [0, 0, 0],
			"color": 0,
			"children": [
				1,
				2,
				3,
				4,
				5,
				{
					"name": "group",
					"origin": [10.85, 5.16298, 5.78883],
					"color": 0,
					"children": [6, 7, 8, 9, 10, 11, 12, 13, 14, 15, 16, 17, 18, 19, 20, 21, 22, 23, 24, 25, 26, 27, 28, 29]
				},
				30,
				31,
				32,
				33,
				34,
				35,
				36,
				37,
				38,
				39
			]
		},
		{
			"name": "r1",
			"origin": [8.05321, 10.29752, 8.69703],
			"color": 0,
			"children": []
		}
	]
}