{
	"credit": "Made with Blockbench",
	"textures": {
		"1": "block/door/oak_door_tx",
		"2": "block/door/hinges_and_lock_oak_door"
	},
	"elements": [
		{
			"from": [15.79375, 0.25, 14.85],
			"to": [16, 16.175, 16],
			"rotation": {"angle": 0, "axis": "y", "origin": [10.34624, 5.62453, 15.00172]},
			"faces": {
				"north": {"uv": [8.375, 0, 8.48125, 15.875], "texture": "#1"},
				"east": {"uv": [4.563, 0.063, 6.313, 16], "texture": "#1"},
				"south": {"uv": [0, 0, 0.20625, 15.925], "texture": "#1"},
				"west": {"uv": [0, 0.125, 1.15, 16.05], "texture": "#1"},
				"up": {"uv": [0, 0, 3.2, 16], "texture": "#1"},
				"down": {"uv": [0, 0, 3.2, 16], "texture": "#1"}
			}
		},
		{
			"from": [0, 0, 14.85],
			"to": [0.20625, 16.175, 16],
			"rotation": {"angle": 0, "axis": "y", "origin": [5.65376, 5.62453, 15.00172]},
			"faces": {
				"north": {"uv": [8.48125, 0, 8.375, 15.875], "texture": "#1"},
				"east": {"uv": [12.172, 0, 10.422, 16], "texture": "#1"},
				"south": {"uv": [0.20625, 0, 0, 16], "texture": "#1"},
				"west": {"uv": [6.313, 0.063, 4.563, 16], "texture": "#1"},
				"up": {"uv": [3.2, 0, 0, 16], "texture": "#1"},
				"down": {"uv": [3.2, 0, 0, 16], "texture": "#1"}
			}
		},
		{
			"from": [-1.075, 0.125, 14.6],
			"to": [0.19688, 15.775, 16.20625],
			"rotation": {"angle": 0, "axis": "y", "origin": [10.33374, 5.62453, 15.00172]},
			"faces": {
				"north": {"uv": [10.78906, 0, 12.06094, 15.65], "texture": "#1"},
				"east": {"uv": [5.89375, 0, 7.5, 15.65], "texture": "#1"},
				"south": {"uv": [2.75, 0, 4.02188, 15.65], "texture": "#1"},
				"west": {"uv": [10, 0, 11.60625, 15.65], "texture": "#1"},
				"up": {"uv": [5.89375, 0.95, 7.5, 2.22188], "rotation": 90, "texture": "#1"},
				"down": {"uv": [0, 0, 1.60625, 1.27188], "rotation": 270, "texture": "#1"}
			}
		},
		{
			"from": [15.79375, 0, 14.6],
			"to": [17.01875, 15.775, 16.20625],
			"rotation": {"angle": 0, "axis": "y", "origin": [10.33374, 5.62453, 15.00172]},
			"faces": {
				"north": {"uv": [11.975, 0, 10.75, 15.775], "texture": "#1"},
				"east": {"uv": [11.60625, 0, 10, 15.775], "texture": "#1"},
				"south": {"uv": [7.6, 0, 6.375, 15.775], "texture": "#1"},
				"west": {"uv": [7.5, 0, 5.89375, 15.775], "texture": "#1"},
				"up": {"uv": [5.89375, 2.175, 7.5, 0.95], "rotation": 90, "texture": "#1"},
				"down": {"uv": [0, 1.225, 1.60625, 0], "rotation": 270, "texture": "#1"}
			}
		},
		{
			"from": [-1.075, 15.775, 14.6],
			"to": [17.01875, 16.825, 16.20625],
			"rotation": {"angle": 0, "axis": "y", "origin": [10.33374, 5.62453, 15.00172]},
			"faces": {
				"north": {"uv": [1.05, 0, 0, 16], "rotation": 270, "texture": "#1"},
				"east": {"uv": [0, 1.05, 1.60625, 0], "rotation": 180, "texture": "#1"},
				"south": {"uv": [4.75, 0, 5.8, 16], "rotation": 270, "texture": "#1"},
				"west": {"uv": [0, 1.05, 1.60625, 0], "texture": "#1"},
				"up": {"uv": [9.98125, 0, 8.375, 16], "rotation": 90, "texture": "#1"},
				"down": {"uv": [1.60625, 0, 0, 16], "rotation": 90, "texture": "#1"}
			}
		},
		{
			"from": [-0.0125, 16.175, 14.85],
			"to": [16.00313, 16.50625, 16],
			"rotation": {"angle": 0, "axis": "y", "origin": [10.33374, 5.62453, 15.00172]},
			"faces": {
				"north": {"uv": [0, 0, 0.23125, 16], "rotation": 270, "texture": "#1"},
				"east": {"uv": [0, 1.75, 0.23125, 0], "rotation": 270, "texture": "#1"},
				"south": {"uv": [0.10625, 0, 0, 16], "rotation": 90, "texture": "#1"},
				"west": {"uv": [0, 1.75, 0.23125, 0], "rotation": 270, "texture": "#1"},
				"up": {"uv": [6.125, 0, 7.275, 16], "rotation": 270, "texture": "#1"},
				"down": {"uv": [1.75, 0, 0, 16], "rotation": 90, "texture": "#1"}
			}
		},
		{
			"from": [0, -16, 14.85],
			"to": [0.20625, 0, 16],
			"rotation": {"angle": 0, "axis": "y", "origin": [8.01484, -8, 15.58906]},
			"faces": {
				"north": {"uv": [11.544, 0, 8.375, 16], "texture": "#1"},
				"east": {"uv": [12, 0, 10.25, 16], "texture": "#1"},
				"south": {"uv": [0.20625, 0, 0, 16], "texture": "#1"},
				"west": {"uv": [6.313, 0.063, 4.563, 16], "texture": "#1"},
				"up": {"uv": [3.2, 0, 0, 16], "texture": "#1"},
				"down": {"uv": [0, 15.90625, 1.75, 16], "texture": "#1"}
			}
		},
		{
			"from": [15.79375, -16, 14.85],
			"to": [16, -1.75, 16],
			"rotation": {"angle": 0, "axis": "y", "origin": [7.98516, -8, 15.58906]},
			"faces": {
				"north": {"uv": [8.375, 0, 11.544, 16], "texture": "#1"},
				"east": {"uv": [4.563, 0.063, 6.313, 16], "texture": "#1"},
				"south": {"uv": [0, 0, 0.20625, 14.25], "texture": "#1"},
				"west": {"uv": [0, 0, 1.15, 14.25], "texture": "#1"},
				"up": {"uv": [0, 0, 3.2, 16], "texture": "#1"},
				"down": {"uv": [1.75, 15.90625, 0, 16], "texture": "#1"}
			}
		},
		{
			"from": [15.9875, -1.875, 14.85],
			"to": [16.09375, 0.5625, 16],
			"rotation": {"angle": 0, "axis": "y", "origin": [8.07891, 6.25, 15.58906]},
			"faces": {
				"north": {"uv": [8.375, 0, 11.544, 16], "texture": "#missing"},
				"east": {"uv": [4.563, 0.063, 6.313, 16], "texture": "#missing"},
				"south": {"uv": [0, 0, 0.10625, 2.4375], "texture": "#missing"},
				"west": {"uv": [0, 0, 16, 16], "texture": "#missing"},
				"up": {"uv": [0, 0, 3.2, 16], "texture": "#missing"},
				"down": {"uv": [1.75, 15.90625, 0, 16], "texture": "#missing"}
			}
		},
		{
			"from": [15.79375, -1.75, 14.84375],
			"to": [16, 0.25, 16],
			"rotation": {"angle": 0, "axis": "y", "origin": [7.98516, 6.25, 17.08906]},
			"faces": {
				"north": {"uv": [8.375, 0, 11.544, 16], "texture": "#missing"},
				"east": {"uv": [4.563, 0.063, 6.313, 16], "texture": "#missing"},
				"south": {"uv": [0, 0, 0.20625, 2], "texture": "#missing"},
				"west": {"uv": [0, 0.17969, 1.15625, 1.92969], "texture": "#missing"},
				"up": {"uv": [0, 0, 3.2, 16], "texture": "#missing"},
				"down": {"uv": [1.75, 15.90625, 0, 16], "texture": "#missing"}
			}
		},
		{
			"from": [-1.075, -15.875, 14.6],
			"to": [0.19688, 0.125, 16.20625],
			"rotation": {"angle": 0, "axis": "y", "origin": [7.97109, -7.875, 15.58906]},
			"faces": {
				"north": {"uv": [10.75, 0, 12.02188, 16], "texture": "#1"},
				"east": {"uv": [5.89375, 0, 7.5, 16], "texture": "#1"},
				"south": {"uv": [2.75, 0, 4.02188, 16], "texture": "#1"},
				"west": {"uv": [10, 0, 11.60625, 16], "texture": "#1"},
				"up": {"uv": [5.89375, 0.95, 7.5, 2.22188], "rotation": 90, "texture": "#1"},
				"down": {"uv": [0, 15.91875, 1.60625, 17.19063], "rotation": 270, "texture": "#1"}
			}
		},
		{
			"from": [15.79375, -16, 14.6],
			"to": [17.01875, 0, 16.20625],
			"rotation": {"angle": 0, "axis": "y", "origin": [7.97266, -8, 15.58906]},
			"faces": {
				"north": {"uv": [11.975, 0, 10.75, 16], "texture": "#1"},
				"east": {"uv": [11.60625, 0, 10, 16], "texture": "#1"},
				"south": {"uv": [7.6, 0, 6.375, 16], "texture": "#1"},
				"west": {"uv": [7.5, 0, 5.89375, 16], "texture": "#1"},
				"up": {"uv": [5.89375, 2.175, 7.5, 0.95], "rotation": 90, "texture": "#1"},
				"down": {"uv": [0, 17.14375, 1.60625, 15.91875], "rotation": 270, "texture": "#1"}
			}
		},
		{
			"from": [0.4, -16, 0],
			"to": [1, 0, 14.2],
			"faces": {
				"north": {"uv": [0, 0, 0.6, 16], "texture": "#1"},
				"east": {"uv": [0, 0, 12.48906, 16], "texture": "#1"},
				"south": {"uv": [0, 0, 0.6, 16], "texture": "#1"},
				"west": {"uv": [0, 0, 14.2, 16], "texture": "#1"},
				"up": {"uv": [0, 0, 0.6, 14.2], "texture": "#1"},
				"down": {"uv": [0, 0, 0.6, 14.2], "texture": "#1"}
			}
		},
		{
			"from": [0.4, 0, 0],
			"to": [1, 15.9, 14.2],
			"faces": {
				"north": {"uv": [0, 0, 0.6, 15.9], "texture": "#1"},
				"east": {"uv": [0, 0, 12.04375, 15.9], "texture": "#1"},
				"south": {"uv": [0, 0, 0.6, 15.9], "texture": "#1"},
				"west": {"uv": [0, 0, 14.2, 15.9], "texture": "#1"},
				"up": {"uv": [0, 0, 0.6, 14.2], "texture": "#1"},
				"down": {"uv": [0, 0, 0.6, 14.2], "texture": "#1"}
			}
		},
		{
			"from": [-0.5, -0.1, -0.1],
			"to": [1.9, 0.2, 0],
			"faces": {
				"north": {"uv": [11.18422, 0.13125, 13.14125, 0.31719], "texture": "#2"},
				"east": {"uv": [11.18422, 0.13125, 11.24125, 0.31719], "texture": "#2"},
				"south": {"uv": [11.18422, 0.13125, 13.14125, 0.31719], "texture": "#2"},
				"west": {"uv": [11.18422, 0.13125, 11.24125, 0.31719], "texture": "#2"},
				"up": {"uv": [11.18422, 0.21719, 13.58422, 0.11719], "texture": "#2"},
				"down": {"uv": [11.18422, 0.13125, 13.24125, 0.11719], "texture": "#2"}
			}
		},
		{
			"from": [1.8, -0.1, -0.1],
			"to": [2, 0.2, 1.8],
			"faces": {
				"north": {"uv": [11.12953, 0.36718, 13.47016, 0.15312], "texture": "#2"},
				"east": {"uv": [11.12953, 0.36718, 11.57016, 0.15312], "texture": "#2"},
				"south": {"uv": [11.12953, 0.36718, 13.47016, 0.15312], "texture": "#2"},
				"west": {"uv": [11.12953, 0.36718, 11.57016, 0.15312], "texture": "#2"},
				"up": {"uv": [11.29984, 0.3875, 13.19984, 0.1875], "rotation": 90, "texture": "#2"},
				"down": {"uv": [11.12953, 0.36718, 13.47016, 0.25312], "texture": "#2"}
			}
		},
		{
			"from": [1.7, -0.1, -0.1],
			"to": [1.8, 0.2, 0.3],
			"rotation": {"angle": 45, "axis": "y", "origin": [1.75, 0.05, 0.05]},
			"faces": {
				"north": {"uv": [11.12953, 0.36718, 11.57016, 0.15312], "texture": "#2"},
				"east": {"uv": [11.12953, 0.36718, 13.47016, 0.15312], "texture": "#2"},
				"south": {"uv": [11.12953, 0.36718, 11.57016, 0.15312], "texture": "#2"},
				"west": {"uv": [11.12953, 0.36718, 13.47016, 0.15312], "texture": "#2"},
				"up": {"uv": [11.17641, 0, 11.57641, 0.1], "rotation": 90, "texture": "#2"},
				"down": {"uv": [11.12953, 0.36718, 13.47016, 0.25312], "rotation": 270, "texture": "#2"}
			}
		},
		{
			"from": [-0.43848, -0.1, 0.08284],
			"to": [-0.38848, 0.2, 0.58284],
			"rotation": {"angle": -45, "axis": "y", "origin": [-0.08848, 0.05, 0.33284]},
			"faces": {
				"north": {"uv": [11.18422, 0.13125, 11.24125, 0.31719], "texture": "#2"},
				"east": {"uv": [11.18422, 0.13125, 13.14125, 0.31719], "texture": "#2"},
				"south": {"uv": [11.18422, 0.13125, 11.24125, 0.31719], "texture": "#2"},
				"west": {"uv": [11.18422, 0.13125, 13.14125, 0.31719], "texture": "#2"},
				"up": {"uv": [11.18422, 0.11719, 11.68422, 0.06719], "rotation": 90, "texture": "#2"},
				"down": {"uv": [11.18422, 0.13125, 11.34125, 0.06719], "rotation": 270, "texture": "#2"}
			}
		},
		{
			"from": [-0.50919, -0.1, -0.08787],
			"to": [-0.30919, 0.2, 1.81213],
			"rotation": {"angle": 0, "axis": "y", "origin": [-0.15919, 0.05, 0.26213]},
			"faces": {
				"north": {"uv": [11.18422, 0.13125, 11.24125, 0.31719], "texture": "#2"},
				"east": {"uv": [11.18422, 0.13125, 13.14125, 0.31719], "texture": "#2"},
				"south": {"uv": [11.18422, 0.13125, 11.24125, 0.31719], "texture": "#2"},
				"west": {"uv": [11.18422, 0.13125, 13.14125, 0.31719], "texture": "#2"},
				"up": {"uv": [11.18422, 0.13125, 13.08422, 0.33125], "rotation": 90, "texture": "#2"},
				"down": {"uv": [11.18422, 0.18594, 12.74125, 0.27187], "rotation": 270, "texture": "#2"}
			}
		},
		{
			"from": [0.24375, 0, 1.79063],
			"to": [1.24375, 15.975, 4.95938],
			"rotation": {"angle": 0, "axis": "y", "origin": [0.59203, 5.62453, 4.00064]},
			"faces": {
				"north": {"uv": [4.2, 0, 3.2, 15.975], "texture": "#1"},
				"east": {"uv": [12.55156, 0, 9.38281, 15.975], "texture": "#1"},
				"south": {"uv": [4.2, 0, 3.2, 15.975], "texture": "#1"},
				"west": {"uv": [12.41875, 0, 9.25, 15.975], "texture": "#1"},
				"up": {"uv": [12.76875, 0, 9.6, 1], "rotation": 90, "texture": "#1"},
				"down": {"uv": [12.76875, 15, 9.6, 16], "rotation": 270, "texture": "#1"}
			}
		},
		{
			"from": [0.24375, 0, -1.50937],
			"to": [1.24375, 15.975, 1.65938],
			"rotation": {"angle": 0, "axis": "y", "origin": [0.59203, 5.62453, 4.00064]},
			"faces": {
				"north": {"uv": [4.2, 0, 3.2, 15.975], "texture": "#1"},
				"east": {"uv": [12.55156, 0, 9.38281, 15.975], "texture": "#1"},
				"south": {"uv": [4.2, 0, 3.2, 15.975], "texture": "#1"},
				"west": {"uv": [12.41875, 0, 9.25, 15.975], "texture": "#1"},
				"up": {"uv": [12.76875, 0, 9.6, 1], "rotation": 90, "texture": "#1"},
				"down": {"uv": [12.76875, 15, 9.6, 16], "rotation": 270, "texture": "#1"}
			}
		},
		{
			"from": [0.24375, 0, 5.09063],
			"to": [1.24375, 15.975, 8.25938],
			"rotation": {"angle": 0, "axis": "y", "origin": [0.59203, 5.62453, 4.00064]},
			"faces": {
				"north": {"uv": [4.2, 0, 3.2, 15.975], "texture": "#1"},
				"east": {"uv": [9.18438, 0, 6.01563, 15.975], "texture": "#1"},
				"south": {"uv": [4.2, 0, 3.2, 15.975], "texture": "#1"},
				"west": {"uv": [9.23125, 0, 6.0625, 15.975], "texture": "#1"},
				"up": {"uv": [12.76875, 0, 9.6, 1], "rotation": 90, "texture": "#1"},
				"down": {"uv": [12.76875, 15, 9.6, 16], "rotation": 270, "texture": "#1"}
			}
		},
		{
			"from": [0.24375, 0, 8.39063],
			"to": [1.24375, 15.975, 11.55938],
			"rotation": {"angle": 0, "axis": "y", "origin": [0.59203, 5.62453, 4.00064]},
			"faces": {
				"north": {"uv": [4.2, 0, 3.2, 15.975], "texture": "#1"},
				"east": {"uv": [7.39531, 0, 4.22656, 15.975], "texture": "#1"},
				"south": {"uv": [4.2, 0, 3.2, 15.975], "texture": "#1"},
				"west": {"uv": [7.44219, 0.025, 4.27344, 16], "texture": "#1"},
				"up": {"uv": [12.76875, 0, 9.6, 1], "rotation": 90, "texture": "#1"},
				"down": {"uv": [12.76875, 15, 9.6, 16], "rotation": 270, "texture": "#1"}
			}
		},
		{
			"from": [0.24375, 0, 11.69063],
			"to": [1.24375, 15.975, 14.85938],
			"rotation": {"angle": 0, "axis": "y", "origin": [0.59203, 5.62453, 4.00064]},
			"faces": {
				"north": {"uv": [4.2, 0, 3.2, 15.975], "texture": "#1"},
				"east": {"uv": [3.16875, 0, 0, 15.975], "texture": "#1"},
				"south": {"uv": [4.2, 0, 3.2, 15.975], "texture": "#1"},
				"west": {"uv": [3.16875, 0, 0, 15.975], "texture": "#1"},
				"up": {"uv": [12.76875, 0, 9.6, 1], "rotation": 90, "texture": "#1"},
				"down": {"uv": [12.76875, 15, 9.6, 16], "rotation": 270, "texture": "#1"}
			}
		},
		{
			"from": [0.24375, -16, -1.50937],
			"to": [1.24375, 0, 1.65938],
			"rotation": {"angle": 0, "axis": "y", "origin": [0.59203, 5.62453, 4.00064]},
			"faces": {
				"north": {"uv": [4.2, 0, 3.2, 15.975], "texture": "#1"},
				"east": {"uv": [3.16875, 0, 0, 16], "texture": "#1"},
				"south": {"uv": [4.2, 0, 3.2, 15.975], "texture": "#1"},
				"west": {"uv": [3.16875, 0.025, 0, 16], "texture": "#1"},
				"up": {"uv": [12.76875, 0, 9.6, 1], "rotation": 90, "texture": "#1"},
				"down": {"uv": [12.76875, 15, 9.6, 16], "rotation": 270, "texture": "#1"}
			}
		},
		{
			"from": [0.24375, -16, 1.79063],
			"to": [1.24375, 0, 4.95938],
			"rotation": {"angle": 0, "axis": "y", "origin": [0.59203, 5.62453, 4.00064]},
			"faces": {
				"north": {"uv": [4.2, 0, 3.2, 15.975], "texture": "#1"},
				"east": {"uv": [12.55156, 0, 9.38281, 16], "texture": "#1"},
				"south": {"uv": [4.2, 0, 3.2, 15.975], "texture": "#1"},
				"west": {"uv": [12.41875, 0, 9.25, 15.975], "texture": "#1"},
				"up": {"uv": [12.76875, 0, 9.6, 1], "rotation": 90, "texture": "#1"},
				"down": {"uv": [12.76875, 15, 9.6, 16], "rotation": 270, "texture": "#1"}
			}
		},
		{
			"from": [0.24375, -16, 5.09063],
			"to": [1.24375, 0, 8.25938],
			"rotation": {"angle": 0, "axis": "y", "origin": [0.59203, 5.62453, 4.00064]},
			"faces": {
				"north": {"uv": [4.2, 0, 3.2, 15.975], "texture": "#1"},
				"east": {"uv": [9.18438, 0, 6.01563, 16], "texture": "#1"},
				"south": {"uv": [4.2, 0, 3.2, 15.975], "texture": "#1"},
				"west": {"uv": [9.18438, 0.025, 6.01563, 16], "texture": "#1"},
				"up": {"uv": [12.76875, 0, 9.6, 1], "rotation": 90, "texture": "#1"},
				"down": {"uv": [12.76875, 15, 9.6, 16], "rotation": 270, "texture": "#1"}
			}
		},
		{
			"from": [0.24375, -16, 8.39063],
			"to": [1.24375, 0, 11.55938],
			"rotation": {"angle": 0, "axis": "y", "origin": [0.59203, 5.62453, 4.00064]},
			"faces": {
				"north": {"uv": [4.2, 0, 3.2, 15.975], "texture": "#1"},
				"east": {"uv": [5.86406, 0.025, 2.69531, 16.025], "texture": "#1"},
				"south": {"uv": [4.2, 0, 3.2, 15.975], "texture": "#1"},
				"west": {"uv": [5.85625, 0.025, 2.6875, 16], "texture": "#1"},
				"up": {"uv": [12.76875, 0, 9.6, 1], "rotation": 90, "texture": "#1"},
				"down": {"uv": [12.76875, 15, 9.6, 16], "rotation": 270, "texture": "#1"}
			}
		},
		{
			"from": [0.24375, -16, 11.69063],
			"to": [1.24375, 0, 14.85938],
			"rotation": {"angle": 0, "axis": "y", "origin": [0.59203, 5.62453, 4.00064]},
			"faces": {
				"north": {"uv": [4.2, 0, 3.2, 15.975], "texture": "#1"},
				"east": {"uv": [3.16875, 0, 0, 16], "texture": "#1"},
				"south": {"uv": [4.2, 0, 3.2, 15.975], "texture": "#1"},
				"west": {"uv": [3.16875, 0, 0, 15.975], "texture": "#1"},
				"up": {"uv": [12.76875, 0, 9.6, 1], "rotation": 90, "texture": "#1"},
				"down": {"uv": [12.76875, 15, 9.6, 16], "rotation": 270, "texture": "#1"}
			}
		},
		{
			"from": [0.24375, 0, 1.79063],
			"to": [1.24375, 15.975, 4.95938],
			"rotation": {"angle": 0, "axis": "y", "origin": [0.59203, 5.62453, 4.00064]},
			"faces": {
				"north": {"uv": [4.2, 0, 3.2, 15.975], "texture": "#1"},
				"east": {"uv": [12.55156, 0, 9.38281, 15.975], "texture": "#1"},
				"south": {"uv": [4.2, 0, 3.2, 15.975], "texture": "#1"},
				"west": {"uv": [12.41875, 0, 9.25, 15.975], "texture": "#1"},
				"up": {"uv": [12.76875, 0, 9.6, 1], "rotation": 90, "texture": "#1"},
				"down": {"uv": [12.76875, 15, 9.6, 16], "rotation": 270, "texture": "#1"}
			}
		},
		{
			"from": [0.24375, 0, 5.09063],
			"to": [1.24375, 15.975, 8.25938],
			"rotation": {"angle": 0, "axis": "y", "origin": [0.59203, 5.62453, 4.00064]},
			"faces": {
				"north": {"uv": [4.2, 0, 3.2, 15.975], "texture": "#1"},
				"east": {"uv": [9.18438, 0, 6.01563, 15.975], "texture": "#1"},
				"south": {"uv": [4.2, 0, 3.2, 15.975], "texture": "#1"},
				"west": {"uv": [12.41875, 0, 9.25, 15.975], "texture": "#1"},
				"up": {"uv": [12.76875, 0, 9.6, 1], "rotation": 90, "texture": "#1"},
				"down": {"uv": [12.76875, 15, 9.6, 16], "rotation": 270, "texture": "#1"}
			}
		},
		{
			"from": [0.24375, 0, 8.39063],
			"to": [1.24375, 15.975, 11.55938],
			"rotation": {"angle": 0, "axis": "y", "origin": [0.59203, 5.62453, 4.00064]},
			"faces": {
				"north": {"uv": [4.2, 0, 3.2, 15.975], "texture": "#1"},
				"east": {"uv": [3.16875, 0, 0, 15.975], "texture": "#1"},
				"south": {"uv": [4.2, 0, 3.2, 15.975], "texture": "#1"},
				"west": {"uv": [12.41875, 0, 9.25, 15.975], "texture": "#1"},
				"up": {"uv": [12.76875, 0, 9.6, 1], "rotation": 90, "texture": "#1"},
				"down": {"uv": [12.76875, 15, 9.6, 16], "rotation": 270, "texture": "#1"}
			}
		},
		{
			"from": [0.24375, 0, 11.69063],
			"to": [1.24375, 15.975, 14.85938],
			"rotation": {"angle": 0, "axis": "y", "origin": [0.59203, 5.62453, 4.00064]},
			"faces": {
				"north": {"uv": [4.2, 0, 3.2, 15.975], "texture": "#1"},
				"east": {"uv": [12.41875, 0, 9.25, 15.975], "texture": "#1"},
				"south": {"uv": [4.2, 0, 3.2, 15.975], "texture": "#1"},
				"west": {"uv": [12.41875, 0, 9.25, 15.975], "texture": "#1"},
				"up": {"uv": [12.76875, 0, 9.6, 1], "rotation": 90, "texture": "#1"},
				"down": {"uv": [12.76875, 15, 9.6, 16], "rotation": 270, "texture": "#1"}
			}
		},
		{
			"from": [0.22, -3.4, -0.5],
			"to": [0.22, 1.8, 0.6],
			"faces": {
				"north": {"uv": [4.78431, 1.33333, 11.52941, 16], "texture": "#2"},
				"east": {"uv": [4.78431, 1.33333, 11.52941, 16], "texture": "#2"},
				"south": {"uv": [4.78431, 1.33333, 11.52941, 16], "texture": "#2"},
				"west": {"uv": [4.78431, 1.33333, 11.52941, 16], "texture": "#2"},
				"up": {"uv": [4.78431, 1.33333, 11.52941, 16], "texture": "#2"},
				"down": {"uv": [4.78431, 1.33333, 11.52941, 16], "texture": "#2"}
			}
		},
		{
			"from": [0.2, -3.4, -0.5],
			"to": [0.2, 1.8, 0.6],
			"faces": {
				"north": {"uv": [4.78431, 1.33333, 11.52941, 16], "texture": "#2"},
				"east": {"uv": [4.78431, 1.33333, 11.52941, 16], "texture": "#2"},
				"south": {"uv": [4.78431, 1.33333, 11.52941, 16], "texture": "#2"},
				"west": {"uv": [4.78431, 1.33333, 11.52941, 16], "texture": "#2"},
				"up": {"uv": [4.78431, 1.33333, 11.52941, 16], "texture": "#2"},
				"down": {"uv": [4.78431, 1.33333, 11.52941, 16], "texture": "#2"}
			}
		},
		{
			"from": [0.18, -3.4, -0.5],
			"to": [0.18, 1.8, 0.6],
			"faces": {
				"north": {"uv": [4.78431, 1.33333, 11.52941, 16], "texture": "#2"},
				"east": {"uv": [4.78431, 1.33333, 11.52941, 16], "texture": "#2"},
				"south": {"uv": [4.78431, 1.33333, 11.52941, 16], "texture": "#2"},
				"west": {"uv": [4.78431, 1.33333, 11.52941, 16], "texture": "#2"},
				"up": {"uv": [4.78431, 1.33333, 11.52941, 16], "texture": "#2"},
				"down": {"uv": [4.78431, 1.33333, 11.52941, 16], "texture": "#2"}
			}
		},
		{
			"from": [0.16, -3.4, -0.5],
			"to": [0.16, 1.8, 0.6],
			"faces": {
				"north": {"uv": [4.78431, 1.33333, 11.52941, 16], "texture": "#2"},
				"east": {"uv": [4.78431, 1.33333, 11.52941, 16], "texture": "#2"},
				"south": {"uv": [4.78431, 1.33333, 11.52941, 16], "texture": "#2"},
				"west": {"uv": [4.78431, 1.33333, 11.52941, 16], "texture": "#2"},
				"up": {"uv": [4.78431, 1.33333, 11.52941, 16], "texture": "#2"},
				"down": {"uv": [4.78431, 1.33333, 11.52941, 16], "texture": "#2"}
			}
		},
		{
			"from": [0.14, -3.4, -0.5],
			"to": [0.14, 1.8, 0.6],
			"faces": {
				"north": {"uv": [4.78431, 1.33333, 11.52941, 16], "texture": "#2"},
				"east": {"uv": [4.78431, 1.33333, 11.52941, 16], "texture": "#2"},
				"south": {"uv": [4.78431, 1.33333, 11.52941, 16], "texture": "#2"},
				"west": {"uv": [4.78431, 1.33333, 11.52941, 16], "texture": "#2"},
				"up": {"uv": [4.78431, 1.33333, 11.52941, 16], "texture": "#2"},
				"down": {"uv": [4.78431, 1.33333, 11.52941, 16], "texture": "#2"}
			}
		},
		{
			"from": [1.28, -3.4, -0.5],
			"to": [1.28, 1.8, 0.6],
			"rotation": {"angle": 0, "axis": "y", "origin": [3.22, -0.8, 0.05]},
			"faces": {
				"north": {"uv": [4.78431, 1.33333, 11.52941, 16], "texture": "#2"},
				"east": {"uv": [4.78431, 1.33333, 11.52941, 16], "texture": "#2"},
				"south": {"uv": [4.78431, 1.33333, 11.52941, 16], "texture": "#2"},
				"west": {"uv": [4.78431, 1.33333, 11.52941, 16], "texture": "#2"},
				"up": {"uv": [4.78431, 1.33333, 11.52941, 16], "rotation": 180, "texture": "#2"},
				"down": {"uv": [4.78431, 1.33333, 11.52941, 16], "rotation": 180, "texture": "#2"}
			}
		},
		{
			"from": [1.3, -3.4, -0.5],
			"to": [1.3, 1.8, 0.6],
			"rotation": {"angle": 0, "axis": "y", "origin": [3.22, -0.8, 0.05]},
			"faces": {
				"north": {"uv": [4.78431, 1.33333, 11.52941, 16], "texture": "#2"},
				"east": {"uv": [4.78431, 1.33333, 11.52941, 16], "texture": "#2"},
				"south": {"uv": [4.78431, 1.33333, 11.52941, 16], "texture": "#2"},
				"west": {"uv": [4.78431, 1.33333, 11.52941, 16], "texture": "#2"},
				"up": {"uv": [4.78431, 1.33333, 11.52941, 16], "rotation": 180, "texture": "#2"},
				"down": {"uv": [4.78431, 1.33333, 11.52941, 16], "rotation": 180, "texture": "#2"}
			}
		},
		{
			"from": [1.32, -3.4, -0.5],
			"to": [1.32, 1.8, 0.6],
			"rotation": {"angle": 0, "axis": "y", "origin": [3.22, -0.8, 0.05]},
			"faces": {
				"north": {"uv": [4.78431, 1.33333, 11.52941, 16], "texture": "#2"},
				"east": {"uv": [4.78431, 1.33333, 11.52941, 16], "texture": "#2"},
				"south": {"uv": [4.78431, 1.33333, 11.52941, 16], "texture": "#2"},
				"west": {"uv": [4.78431, 1.33333, 11.52941, 16], "texture": "#2"},
				"up": {"uv": [4.78431, 1.33333, 11.52941, 16], "rotation": 180, "texture": "#2"},
				"down": {"uv": [4.78431, 1.33333, 11.52941, 16], "rotation": 180, "texture": "#2"}
			}
		},
		{
			"from": [1.34, -3.4, -0.5],
			"to": [1.34, 1.8, 0.6],
			"rotation": {"angle": 0, "axis": "y", "origin": [3.22, -0.8, 0.05]},
			"faces": {
				"north": {"uv": [4.78431, 1.33333, 11.52941, 16], "texture": "#2"},
				"east": {"uv": [4.78431, 1.33333, 11.52941, 16], "texture": "#2"},
				"south": {"uv": [4.78431, 1.33333, 11.52941, 16], "texture": "#2"},
				"west": {"uv": [4.78431, 1.33333, 11.52941, 16], "texture": "#2"},
				"up": {"uv": [4.78431, 1.33333, 11.52941, 16], "rotation": 180, "texture": "#2"},
				"down": {"uv": [4.78431, 1.33333, 11.52941, 16], "rotation": 180, "texture": "#2"}
			}
		},
		{
			"from": [1.36, -3.4, -0.5],
			"to": [1.36, 1.8, 0.6],
			"rotation": {"angle": 0, "axis": "y", "origin": [3.22, -0.8, 0.05]},
			"faces": {
				"north": {"uv": [4.78431, 1.33333, 11.52941, 16], "texture": "#2"},
				"east": {"uv": [4.78431, 1.33333, 11.52941, 16], "texture": "#2"},
				"south": {"uv": [4.78431, 1.33333, 11.52941, 16], "texture": "#2"},
				"west": {"uv": [4.78431, 1.33333, 11.52941, 16], "texture": "#2"},
				"up": {"uv": [4.78431, 1.33333, 11.52941, 16], "rotation": 180, "texture": "#2"},
				"down": {"uv": [4.78431, 1.33333, 11.52941, 16], "rotation": 180, "texture": "#2"}
			}
		}
	],
	"display": {
		"thirdperson_righthand": {
			"scale": [0.17578, 0.17578, 0.17578]
		},
		"thirdperson_lefthand": {
			"scale": [0.10938, 0.10938, 0.10938]
		},
		"firstperson_righthand": {
			"rotation": [0, 49.75, 0],
			"translation": [1, 2.75, 0],
			"scale": [0.21875, 0.21875, 0.21875]
		},
		"firstperson_lefthand": {
			"rotation": [0, 40.5, 0],
			"translation": [0.75, 2.25, 0],
			"scale": [0.18164, 0.18164, 0.18164]
		},
		"ground": {
			"scale": [0.14648, 0.14648, 0.14648]
		},
		"gui": {
			"rotation": [47.25, 67.04, -24.95],
			"translation": [0, 3.5, 0],
			"scale": [0.41211, 0.41211, 0.41211]
		},
		"fixed": {
			"rotation": [180, -53.75, 180],
			"translation": [0, 0, 0.25],
			"scale": [0.42578, 0.42578, 0.42578]
		}
	}
}