{
	"credit": "Made with Blockbench",
	"textures": {
		"0": "entity/armorstand/wood"
	},
	"elements": [
		{
			"name": "base",
			"from": [2, -7, 2],
			"to": [14, -6, 14],
			"faces": {
				"north": {"uv": [3, 11, 6, 11.25], "texture": "#0"},
				"east": {"uv": [0, 11, 3, 11.25], "texture": "#0"},
				"south": {"uv": [9, 11, 12, 11.25], "texture": "#0"},
				"west": {"uv": [6, 11, 9, 11.25], "texture": "#0"},
				"up": {"uv": [6, 11, 3, 8], "texture": "#0"},
				"down": {"uv": [9, 8, 6, 11], "texture": "#0"}
			}
		},
		{
			"name": "waist",
			"from": [4, 5, 7],
			"to": [12, 7, 9],
			"faces": {
				"north": {"uv": [0.5, 12.5, 2.5, 13], "texture": "#0"},
				"east": {"uv": [0, 12.5, 0.5, 13], "texture": "#0"},
				"south": {"uv": [3, 12.5, 5, 13], "texture": "#0"},
				"west": {"uv": [2.5, 12.5, 3, 13], "texture": "#0"},
				"up": {"uv": [2.5, 12.5, 0.5, 12], "texture": "#0"},
				"down": {"uv": [4.5, 12, 2.5, 12.5], "texture": "#0"}
			}
		},
		{
			"name": "left",
			"from": [9, 7, 7],
			"to": [11, 14, 9],
			"faces": {
				"north": {"uv": [4.5, 0.5, 5, 2.25], "texture": "#0"},
				"east": {"uv": [4, 0.5, 4.5, 2.25], "texture": "#0"},
				"south": {"uv": [5.5, 0.5, 6, 2.25], "texture": "#0"},
				"west": {"uv": [5, 0.5, 5.5, 2.25], "texture": "#0"},
				"up": {"uv": [5, 0.5, 4.5, 0], "texture": "#0"},
				"down": {"uv": [5.5, 0, 5, 0.5], "texture": "#0"}
			}
		},
		{
			"name": "right",
			"from": [5, 7, 7],
			"to": [7, 14, 9],
			"faces": {
				"north": {"uv": [12.5, 4.5, 13, 6.25], "texture": "#0"},
				"east": {"uv": [12, 4.5, 12.5, 6.25], "texture": "#0"},
				"south": {"uv": [13.5, 4.5, 14, 6.25], "texture": "#0"},
				"west": {"uv": [13, 4.5, 13.5, 6.25], "texture": "#0"},
				"up": {"uv": [13, 4.5, 12.5, 4], "texture": "#0"},
				"down": {"uv": [13.5, 4, 13, 4.5], "texture": "#0"}
			}
		},
		{
			"name": "right_leg",
			"from": [9.05, -6, 7],
			"to": [11.05, 5, 9],
			"faces": {
				"north": {"uv": [2.5, 0.5, 3, 3.25], "texture": "#0"},
				"east": {"uv": [2, 0.5, 2.5, 3.25], "texture": "#0"},
				"south": {"uv": [3.5, 0.5, 4, 3.25], "texture": "#0"},
				"west": {"uv": [3, 0.5, 3.5, 3.25], "texture": "#0"},
				"up": {"uv": [3, 0.5, 2.5, 0], "texture": "#0"},
				"down": {"uv": [3.5, 0, 3, 0.5], "texture": "#0"}
			}
		},
		{
			"name": "left_leg",
			"from": [5.1, -6, 7],
			"to": [7.1, 5, 9],
			"faces": {
				"north": {"uv": [11, 4.5, 10.5, 7.25], "texture": "#0"},
				"east": {"uv": [11.5, 4.5, 11, 7.25], "texture": "#0"},
				"south": {"uv": [12, 4.5, 11.5, 7.25], "texture": "#0"},
				"west": {"uv": [10.5, 4.5, 10, 7.25], "texture": "#0"},
				"up": {"uv": [10.5, 4.5, 11, 4], "texture": "#0"},
				"down": {"uv": [11, 4, 11.5, 4.5], "texture": "#0"}
			}
		},
		{
			"name": "body",
			"from": [2, 14, 6.5],
			"to": [14, 17, 9.5],
			"faces": {
				"north": {"uv": [0.75, 7.25, 3.75, 8], "texture": "#0"},
				"east": {"uv": [0, 7.25, 0.75, 8], "texture": "#0"},
				"south": {"uv": [4.5, 7.25, 7.5, 8], "texture": "#0"},
				"west": {"uv": [3.75, 7.25, 4.5, 8], "texture": "#0"},
				"up": {"uv": [3.75, 7.25, 0.75, 6.5], "texture": "#0"},
				"down": {"uv": [6.75, 6.5, 3.75, 7.25], "texture": "#0"}
			}
		},
		{
			"name": "head",
			"from": [7, 16, 7],
			"to": [9, 23, 9],
			"faces": {
				"north": {"uv": [0.5, 0.5, 1, 2.25], "texture": "#0"},
				"east": {"uv": [0, 0.5, 0.5, 2.25], "texture": "#0"},
				"south": {"uv": [1.5, 0.5, 2, 2.25], "texture": "#0"},
				"west": {"uv": [1, 0.5, 1.5, 2.25], "texture": "#0"},
				"up": {"uv": [1, 0.5, 0.5, 0], "texture": "#0"},
				"down": {"uv": [1.5, 0, 1, 0.5], "texture": "#0"}
			}
		}
	],
	"gui_light": "front",
	"display": {
		"thirdperson_righthand": {
			"rotation": [18, 0, 0],
			"translation": [0, 3, 1],
			"scale": [0.275, 0.275, 0.275]
		},
		"thirdperson_lefthand": {
			"rotation": [18, 0, 0],
			"translation": [0, 3, 1],
			"scale": [0.275, 0.275, 0.275]
		},
		"firstperson_righthand": {
			"rotation": [-15, 0, 0],
			"translation": [1.13, 3.2, 1.13],
			"scale": [0.34, 0.34, 0.34]
		},
		"firstperson_lefthand": {
			"rotation": [-15, 0, 0],
			"translation": [1.13, 3.2, 1.13],
			"scale": [0.34, 0.34, 0.34]
		},
		"ground": {
			"translation": [0, 3, 0],
			"scale": [0.25, 0.25, 0.25]
		},
		"gui": {
			"rotation": [21, -26, 0],
			"translation": [0, 0.75, 0],
			"scale": [0.67, 0.48, 0.69]
		},
		"head": {
			"rotation": [0, 180, 0],
			"translation": [0, 13, 7],
			"scale": [0.275, 0.275, 0.275]
		},
		"fixed": {
			"scale": [0.5, 0.5, 0.5]
		}
	}
}