{
	"credit": "Made with Blockbench",
	"textures": {
		"boat": "entity/boat/bamboo"
	},
	"elements": [
		{
			"name": "paddle_right1",
			"from": [-3.101, -4.75, 9.25],
			"to": [-2.101, 2.25, 15.25],
			"rotation": {"angle": -22.5, "axis": "z", "origin": [-2.1, 8.5, 11.75]},
			"faces": {
				"north": {"uv": [5.875, 7.75, 6, 9.25], "texture": "#boat"},
				"east": {"uv": [5, 7.75, 5.875, 9.25], "texture": "#boat"},
				"south": {"uv": [6.875, 7.75, 7, 9.25], "texture": "#boat"},
				"west": {"uv": [6, 7.75, 6.875, 9.25], "texture": "#boat"},
				"up": {"uv": [6, 7.75, 5.875, 6], "texture": "#boat"},
				"down": {"uv": [6.125, 6, 6, 7.75], "texture": "#boat"}
			}
		},
		{
			"name": "paddle_right",
			"from": [-3.1, -2.75, 10.25],
			"to": [-1.1, 15.25, 12.25],
			"rotation": {"angle": -22.5, "axis": "z", "origin": [-2.1, 8.5, 11.75]},
			"faces": {
				"north": {"uv": [7.25, 10.5, 7.5, 11], "texture": "#boat"},
				"east": {"uv": [5, 10.5, 7.25, 11], "texture": "#boat"},
				"south": {"uv": [9.75, 10.5, 10, 11], "texture": "#boat"},
				"west": {"uv": [7.5, 10.5, 9.75, 11], "texture": "#boat"},
				"up": {"uv": [7.5, 10.5, 7.25, 6], "texture": "#boat"},
				"down": {"uv": [7.75, 6, 7.5, 10.5], "texture": "#boat"}
			}
		},
		{
			"name": "paddle_left1",
			"from": [18.001, -4.75, 9.25],
			"to": [19.001, 2.25, 15.25],
			"rotation": {"angle": 22.5, "axis": "z", "origin": [18.2505, 8.5, 11.75]},
			"faces": {
				"north": {"uv": [0.875, 7.75, 1, 9.25], "texture": "#boat"},
				"east": {"uv": [0, 7.75, 0.875, 9.25], "texture": "#boat"},
				"south": {"uv": [1.875, 7.75, 2, 9.25], "texture": "#boat"},
				"west": {"uv": [1, 7.75, 1.875, 9.25], "texture": "#boat"},
				"up": {"uv": [1, 7.75, 0.875, 6], "texture": "#boat"},
				"down": {"uv": [1.125, 6, 1, 7.75], "texture": "#boat"}
			}
		},
		{
			"name": "paddle_left",
			"from": [17, -2.75, 10.25],
			"to": [19, 15.25, 12.25],
			"rotation": {"angle": 22.5, "axis": "z", "origin": [18.2505, 8.5, 11.75]},
			"faces": {
				"north": {"uv": [2.25, 10.5, 2.5, 11], "texture": "#boat"},
				"east": {"uv": [0, 10.5, 2.25, 11], "texture": "#boat"},
				"south": {"uv": [4.75, 10.5, 5, 11], "texture": "#boat"},
				"west": {"uv": [2.5, 10.5, 4.75, 11], "texture": "#boat"},
				"up": {"uv": [2.5, 10.5, 2.25, 6], "texture": "#boat"},
				"down": {"uv": [2.75, 6, 2.5, 10.5], "texture": "#boat"}
			}
		},
		{
			"name": "bottom",
			"from": [-2, 4, -6],
			"to": [18, 8, 22],
			"rotation": {"angle": 0, "axis": "y", "origin": [8, 2, 8]},
			"faces": {
				"north": {"uv": [4, 1, 4.5, 6], "rotation": 270, "texture": "#boat"},
				"east": {"uv": [4, 1, 0.5, 0], "rotation": 180, "texture": "#boat"},
				"south": {"uv": [0, 1, 0.5, 6], "rotation": 90, "texture": "#boat"},
				"west": {"uv": [7.5, 0, 4, 1], "texture": "#boat"},
				"up": {"uv": [4.5, 1, 8, 6], "rotation": 90, "texture": "#boat"},
				"down": {"uv": [0.5, 1, 4, 6], "rotation": 90, "texture": "#boat"}
			}
		},
		{
			"name": "bottom1",
			"from": [0, 0, -6],
			"to": [16, 4, 22],
			"rotation": {"angle": 0, "axis": "y", "origin": [8, 2, 8]},
			"faces": {
				"north": {"uv": [4, 1, 4.5, 5], "rotation": 270, "texture": "#boat"},
				"east": {"uv": [4, 1, 0.5, 0], "rotation": 180, "texture": "#boat"},
				"south": {"uv": [0, 1, 0.5, 5], "rotation": 90, "texture": "#boat"},
				"west": {"uv": [7.5, 0, 4, 1], "texture": "#boat"},
				"up": {"uv": [4.5, 1, 8, 5], "rotation": 90, "texture": "#boat"},
				"down": {"uv": [0.5, 1, 4, 5], "rotation": 90, "texture": "#boat"}
			}
		}
	],
	"gui_light": "front",
	"display": {
		"thirdperson_righthand": {
			"rotation": [39, 180, 0],
			"translation": [0, 3.5, 0],
			"scale": [0.275, 0.275, 0.275]
		},
		"thirdperson_lefthand": {
			"rotation": [39, 180, 0],
			"translation": [0, 3.5, 0],
			"scale": [0.275, 0.275, 0.275]
		},
		"firstperson_righthand": {
			"rotation": [0, 180, -12],
			"translation": [1.13, 3.2, 1.13],
			"scale": [0.34, 0.34, 0.34]
		},
		"firstperson_lefthand": {
			"rotation": [0, 180, -12],
			"translation": [1.13, 3.2, 1.13],
			"scale": [0.34, 0.34, 0.34]
		},
		"ground": {
			"translation": [0, 3, 0],
			"scale": [0.25, 0.25, 0.25]
		},
		"gui": {
			"rotation": [41, 125, 0],
			"scale": [0.46, 0.46, 0.42]
		},
		"head": {
			"rotation": [0, 180, 0],
			"translation": [0, 13, 7],
			"scale": [0.275, 0.275, 0.275]
		},
		"fixed": {
			"rotation": [-90, 90, 0],
			"translation": [0, 0, -3],
			"scale": [0.5, 0.5, 0.5]
		}
	}
}