{
	"texture_size": [64, 32],
	"textures": {
		"0": "block/minecart",
		"outside": "block/hopper_outside",
		"inside": "block/hopper_inside",
		"top": "block/hopper_top"
	},
	"elements": [
		{
			"name": "bone",
			"from": [14, 0, 0],
			"to": [16, 10, 16],
			"faces": {
				"north": {"uv": [0, 0, 4, 5], "texture": "#0"},
				"east": {"uv": [0.5, 0, 4.5, 5], "texture": "#0"},
				"south": {"uv": [3.25, 3.5, 7.25, 8.5], "texture": "#0"},
				"west": {"uv": [10, 0, 14, 5], "texture": "#0"},
				"up": {"uv": [8, 7, 8.5, 15], "texture": "#0"},
				"down": {"uv": [3.5, 7, 4, 15], "texture": "#0"}
			}
		},
		{
			"name": "bone",
			"from": [2, 0, 0],
			"to": [14, 2, 16],
			"faces": {
				"north": {"uv": [0, 0, 4, 5], "texture": "#0"},
				"east": {"uv": [0, 0, 0.5, 5], "texture": "#0"},
				"south": {"uv": [3.25, 3.5, 7.25, 8.5], "texture": "#0"},
				"west": {"uv": [0, 0, 0.5, 5], "texture": "#0"},
				"up": {"uv": [5, 7, 8, 15], "texture": "#0"},
				"down": {"uv": [0.5, 7, 3.5, 15], "texture": "#0"}
			}
		},
		{
			"name": "bone",
			"from": [0, 0, -2],
			"to": [16, 10, 0],
			"faces": {
				"north": {"uv": [5.5, 0, 9.5, 5], "texture": "#0"},
				"east": {"uv": [4.5, 0, 5, 5], "texture": "#0"},
				"south": {"uv": [9.5, 5, 13.5, 10], "texture": "#0"},
				"west": {"uv": [0, 0, 0.5, 5], "texture": "#0"},
				"up": {"uv": [4.5, 6, 8.5, 7], "texture": "#0"},
				"down": {"uv": [0, 15, 4, 16], "texture": "#0"}
			}
		},
		{
			"name": "bone",
			"from": [0, 0, 16],
			"to": [16, 10, 18],
			"faces": {
				"north": {"uv": [9.5, 5, 13.5, 10], "texture": "#0"},
				"east": {"uv": [0, 0, 0.5, 5], "texture": "#0"},
				"south": {"uv": [5.5, 0, 9.5, 5], "texture": "#0"},
				"west": {"uv": [4.5, 0, 5, 5], "texture": "#0"},
				"up": {"uv": [4.5, 15, 8.5, 16], "texture": "#0"},
				"down": {"uv": [0, 6, 4, 7], "texture": "#0"}
			}
		},
		{
			"name": "bone",
			"from": [0, 0, 0],
			"to": [2, 10, 16],
			"faces": {
				"north": {"uv": [0, 0, 4, 5], "texture": "#0"},
				"east": {"uv": [10, 0, 14, 5], "texture": "#0"},
				"south": {"uv": [3.25, 3.5, 7.25, 8.5], "texture": "#0"},
				"west": {"uv": [0.5, 0, 4.5, 5], "texture": "#0"},
				"up": {"uv": [4.5, 7, 5, 15], "texture": "#0"},
				"down": {"uv": [0, 7, 0.5, 15], "texture": "#0"}
			}
		},
		{
			"from": [6.5, -0.25, 6.5],
			"to": [9.5, 2.75, 9.5],
			"rotation": {"angle": 0, "axis": "y", "origin": [12.5, 6, 12.5]},
			"faces": {
				"north": {"uv": [6, 12, 10, 16], "texture": "#outside"},
				"east": {"uv": [6, 12, 10, 16], "texture": "#outside"},
				"south": {"uv": [6, 12, 10, 16], "texture": "#outside"},
				"west": {"uv": [6, 12, 10, 16], "texture": "#outside"},
				"up": {"uv": [6, 6, 10, 10], "texture": "#outside"},
				"down": {"uv": [6, 6, 10, 10], "texture": "#outside"}
			}
		},
		{
			"from": [5, 2.75, 5],
			"to": [11, 7.25, 11],
			"rotation": {"angle": 0, "axis": "y", "origin": [11, 9, 11]},
			"faces": {
				"north": {"uv": [4, 6, 12, 12], "texture": "#outside"},
				"east": {"uv": [4, 6, 12, 12], "texture": "#outside"},
				"south": {"uv": [4, 6, 12, 12], "texture": "#outside"},
				"west": {"uv": [4, 6, 12, 12], "texture": "#outside"},
				"up": {"uv": [4, 4, 12, 12], "texture": "#outside"},
				"down": {"uv": [4, 4, 12, 12], "texture": "#outside"}
			}
		},
		{
			"from": [2, 7.25, 2],
			"to": [14, 8, 14],
			"rotation": {"angle": 0, "axis": "y", "origin": [8, 13.5, 8]},
			"faces": {
				"north": {"uv": [0, 5, 16, 6], "texture": "#outside"},
				"east": {"uv": [0, 5, 16, 6], "texture": "#outside"},
				"south": {"uv": [0, 5, 16, 6], "texture": "#outside"},
				"west": {"uv": [0, 5, 16, 6], "texture": "#outside"},
				"up": {"uv": [0, 0, 16, 16], "texture": "#inside"},
				"down": {"uv": [0, 0, 16, 16], "texture": "#outside"}
			}
		},
		{
			"from": [2, 8, 12.5],
			"to": [14, 11.75, 14],
			"rotation": {"angle": 0, "axis": "y", "origin": [8, 6, 18.5]},
			"faces": {
				"north": {"uv": [0, 0, 16, 5], "texture": "#outside"},
				"east": {"uv": [0, 0, 2, 5], "texture": "#outside"},
				"south": {"uv": [0, 0, 16, 5], "texture": "#outside"},
				"west": {"uv": [14, 0, 16, 5], "texture": "#outside"},
				"up": {"uv": [0, 14, 16, 16], "texture": "#top"}
			}
		},
		{
			"from": [2, 8, 2],
			"to": [3.5, 11.75, 12.5],
			"rotation": {"angle": 0, "axis": "y", "origin": [8, 14.25, 8]},
			"faces": {
				"north": {"uv": [14, 0, 16, 5], "texture": "#outside"},
				"east": {"uv": [0, 0, 14, 5], "texture": "#outside"},
				"west": {"uv": [0, 0, 14, 5], "texture": "#outside"},
				"up": {"uv": [0, 0, 2, 14], "texture": "#top"}
			}
		},
		{
			"from": [3.5, 8, 2],
			"to": [14, 11.75, 3.5],
			"rotation": {"angle": 0, "axis": "y", "origin": [8, 14.25, 8]},
			"faces": {
				"north": {"uv": [0, 0, 14, 5], "texture": "#outside"},
				"east": {"uv": [14, 0, 16, 5], "texture": "#outside"},
				"south": {"uv": [0, 0, 14, 5], "texture": "#outside"},
				"up": {"uv": [0, 0, 2, 14], "rotation": 90, "texture": "#top"}
			}
		},
		{
			"from": [12.5, 8, 3.5],
			"to": [14, 11.75, 12.5],
			"rotation": {"angle": 0, "axis": "y", "origin": [18.5, 14.25, 9.5]},
			"faces": {
				"east": {"uv": [2, 0, 14, 5], "texture": "#outside"},
				"west": {"uv": [2, 0, 14, 5], "texture": "#outside"},
				"up": {"uv": [14, 2, 16, 14], "texture": "#top"}
			}
		}
	],
	"gui_light": "front",
	"display": {
		"thirdperson_righthand": {
			"rotation": [39, 180, 0],
			"translation": [0, 3.5, 0],
			"scale": [0.3, 0.3, 0.3]
		},
		"thirdperson_lefthand": {
			"rotation": [39, 180, 0],
			"translation": [0, 3.5, 0],
			"scale": [0.3, 0.3, 0.3]
		},
		"firstperson_righthand": {
			"rotation": [0, 180, -12],
			"translation": [1.13, 3.2, 1.13],
			"scale": [0.36, 0.34, 0.34]
		},
		"firstperson_lefthand": {
			"rotation": [0, 180, -12],
			"translation": [1.13, 3.2, 1.13],
			"scale": [0.36, 0.34, 0.34]
		},
		"ground": {
			"translation": [0, 3, 0],
			"scale": [0.25, 0.25, 0.25]
		},
		"gui": {
			"rotation": [41, 125, 0],
			"translation": [0, 0.5, 0],
			"scale": [0.57, 0.57, 0.57]
		},
		"head": {
			"rotation": [0, 180, 0],
			"translation": [0, 13, 7],
			"scale": [0.275, 0.275, 0.275]
		},
		"fixed": {
			"rotation": [-90, 90, 0],
			"translation": [0, 0, -3],
			"scale": [0.5, 0.5, 0.5]
		}
	}
}