{
	"texture_size": [64, 32],
	"textures": {
		"0": "block/minecart"
	},
	"elements": [
		{
			"name": "bone",
			"from": [14, 0, 0],
			"to": [16, 10, 16],
			"faces": {
				"north": {"uv": [0, 0, 4, 5], "texture": "#0"},
				"east": {"uv": [0.5, 0, 4.5, 5], "texture": "#0"},
				"south": {"uv": [3.25, 3.5, 7.25, 8.5], "texture": "#0"},
				"west": {"uv": [10, 0, 14, 5], "texture": "#0"},
				"up": {"uv": [8, 7, 8.5, 15], "texture": "#0"},
				"down": {"uv": [3.5, 7, 4, 15], "texture": "#0"}
			}
		},
		{
			"name": "bone",
			"from": [2, 0, 0],
			"to": [14, 2, 16],
			"faces": {
				"north": {"uv": [0, 0, 4, 5], "texture": "#0"},
				"east": {"uv": [0, 0, 0.5, 5], "texture": "#0"},
				"south": {"uv": [3.25, 3.5, 7.25, 8.5], "texture": "#0"},
				"west": {"uv": [0, 0, 0.5, 5], "texture": "#0"},
				"up": {"uv": [5, 7, 8, 15], "texture": "#0"},
				"down": {"uv": [0.5, 7, 3.5, 15], "texture": "#0"}
			}
		},
		{
			"name": "bone",
			"from": [0, 0, -2],
			"to": [16, 10, 0],
			"faces": {
				"north": {"uv": [5.5, 0, 9.5, 5], "texture": "#0"},
				"east": {"uv": [4.5, 0, 5, 5], "texture": "#0"},
				"south": {"uv": [9.5, 5, 13.5, 10], "texture": "#0"},
				"west": {"uv": [0, 0, 0.5, 5], "texture": "#0"},
				"up": {"uv": [4.5, 6, 8.5, 7], "texture": "#0"},
				"down": {"uv": [0, 15, 4, 16], "texture": "#0"}
			}
		},
		{
			"name": "bone",
			"from": [0, 0, 16],
			"to": [16, 10, 18],
			"faces": {
				"north": {"uv": [9.5, 5, 13.5, 10], "texture": "#0"},
				"east": {"uv": [0, 0, 0.5, 5], "texture": "#0"},
				"south": {"uv": [5.5, 0, 9.5, 5], "texture": "#0"},
				"west": {"uv": [4.5, 0, 5, 5], "texture": "#0"},
				"up": {"uv": [4.5, 15, 8.5, 16], "texture": "#0"},
				"down": {"uv": [0, 6, 4, 7], "texture": "#0"}
			}
		},
		{
			"name": "bone",
			"from": [0, 0, 0],
			"to": [2, 10, 16],
			"faces": {
				"north": {"uv": [0, 0, 4, 5], "texture": "#0"},
				"east": {"uv": [10, 0, 14, 5], "texture": "#0"},
				"south": {"uv": [3.25, 3.5, 7.25, 8.5], "texture": "#0"},
				"west": {"uv": [0.5, 0, 4.5, 5], "texture": "#0"},
				"up": {"uv": [4.5, 7, 5, 15], "texture": "#0"},
				"down": {"uv": [0, 7, 0.5, 15], "texture": "#0"}
			}
		}
	],
	"gui_light": "front",
	"display": {
		"thirdperson_righthand": {
			"rotation": [39, 180, 0],
			"translation": [0, 3.5, 0],
			"scale": [0.3, 0.3, 0.3]
		},
		"thirdperson_lefthand": {
			"rotation": [39, 180, 0],
			"translation": [0, 3.5, 0],
			"scale": [0.3, 0.3, 0.3]
		},
		"firstperson_righthand": {
			"rotation": [0, 180, -12],
			"translation": [1.13, 3.2, 1.13],
			"scale": [0.36, 0.34, 0.34]
		},
		"firstperson_lefthand": {
			"rotation": [0, 180, -12],
			"translation": [1.13, 3.2, 1.13],
			"scale": [0.36, 0.34, 0.34]
		},
		"ground": {
			"translation": [0, 3, 0],
			"scale": [0.25, 0.25, 0.25]
		},
		"gui": {
			"rotation": [41, 125, 0],
			"translation": [0, 0.5, 0],
			"scale": [0.57, 0.57, 0.57]
		},
		"head": {
			"rotation": [0, 180, 0],
			"translation": [0, 13, 7],
			"scale": [0.275, 0.275, 0.275]
		},
		"fixed": {
			"rotation": [-90, 90, 0],
			"translation": [0, 0, -3],
			"scale": [0.5, 0.5, 0.5]
		}
	}
}