{
	"credit": "Made with Blockbench",
	"textures": {
		"0": "entity/signs/acacia"
	},
	"elements": [
		{
			"name": "board",
			"from": [-4, 5, 6],
			"to": [20, 20, 10],
			"faces": {
				"north": {"uv": [0.5, 1, 6.5, 7], "texture": "#0"},
				"east": {"uv": [0, 1, 0.5, 7], "texture": "#0"},
				"south": {"uv": [7, 1, 13, 7], "texture": "#0"},
				"west": {"uv": [6.5, 1, 7, 7], "texture": "#0"},
				"up": {"uv": [6.5, 1, 0.5, 0], "texture": "#0"},
				"down": {"uv": [12.5, 0, 6.5, 1], "texture": "#0"}
			}
		},
		{
			"name": "stick",
			"from": [6.7, -6, 6.7],
			"to": [9.3, 6, 9.3],
			"faces": {
				"north": {"uv": [0.5, 8, 1, 15], "texture": "#0"},
				"east": {"uv": [0, 8, 0.5, 15], "texture": "#0"},
				"south": {"uv": [1.5, 8, 2, 15], "texture": "#0"},
				"west": {"uv": [1, 8, 1.5, 15], "texture": "#0"},
				"up": {"uv": [1, 8, 0.5, 7], "texture": "#0"},
				"down": {"uv": [1.5, 7, 1, 8], "texture": "#0"}
			}
		}
	],
	"gui_light": "front",
	"display": {
		"thirdperson_righthand": {
			"translation": [0, 3, 0.75],
			"scale": [0.4, 0.4, 0.4]
		},
		"thirdperson_lefthand": {
			"translation": [0, 3, 0.75],
			"scale": [0.4, 0.4, 0.4]
		},
		"firstperson_righthand": {
			"rotation": [-20, -70, 0],
			"scale": [0.3, 0.3, 0.3]
		},
		"firstperson_lefthand": {
			"rotation": [-20, -70, 0],
			"scale": [0.3, 0.3, 0.3]
		},
		"ground": {
			"translation": [0, 2, 0],
			"scale": [0.26, 0.26, 0.26]
		},
		"gui": {
			"rotation": [30, -19, 0],
			"translation": [0, -0.5, 0],
			"scale": [0.55, 0.55, 0.55]
		},
		"head": {
			"translation": [0, 10.5, 0]
		},
		"fixed": {
			"translation": [0, 0, 0.75],
			"scale": [0.5, 0.5, 0.5]
		}
	}
}