{
    "variants": {
        "facing=east,half=lower,hinge=left,open=false":   { "model": "block/wooden_stuff/birch/door/left", "y": 0   },
        "facing=south,half=lower,hinge=left,open=false":  { "model": "block/wooden_stuff/birch/door/left", "y": 90  },
        "facing=west,half=lower,hinge=left,open=false":   { "model": "block/wooden_stuff/birch/door/left", "y": 180 },
        "facing=north,half=lower,hinge=left,open=false":  { "model": "block/wooden_stuff/birch/door/left", "y": 270 },
        "facing=south,half=lower,hinge=right,open=true":  { "model": "block/wooden_stuff/birch/door/left", "y": 0   },
        "facing=west,half=lower,hinge=right,open=true":   { "model": "block/wooden_stuff/birch/door/left", "y": 90  },
        "facing=north,half=lower,hinge=right,open=true":  { "model": "block/wooden_stuff/birch/door/left", "y": 180 },
        "facing=east,half=lower,hinge=right,open=true":   { "model": "block/wooden_stuff/birch/door/left", "y": 270 },

        "facing=east,half=lower,hinge=right,open=false":  { "model": "block/wooden_stuff/birch/door/right", "y": 0   },
        "facing=south,half=lower,hinge=right,open=false": { "model": "block/wooden_stuff/birch/door/right", "y": 90  },
        "facing=west,half=lower,hinge=right,open=false":  { "model": "block/wooden_stuff/birch/door/right", "y": 180 },
        "facing=north,half=lower,hinge=right,open=false": { "model": "block/wooden_stuff/birch/door/right", "y": 270 },  
        "facing=north,half=lower,hinge=left,open=true":   { "model": "block/wooden_stuff/birch/door/right", "y": 0   },
        "facing=east,half=lower,hinge=left,open=true":    { "model": "block/wooden_stuff/birch/door/right", "y": 90  },
        "facing=south,half=lower,hinge=left,open=true":   { "model": "block/wooden_stuff/birch/door/right", "y": 180 },
        "facing=west,half=lower,hinge=left,open=true":    { "model": "block/wooden_stuff/birch/door/right", "y": 270 },


        "facing=east,half=upper,hinge=left,open=false":   { "model": "block/wooden_stuff/birch/door/empty"},
        "facing=south,half=upper,hinge=left,open=false":  { "model": "block/wooden_stuff/birch/door/empty"},
        "facing=west,half=upper,hinge=left,open=false":   { "model": "block/wooden_stuff/birch/door/empty"},
        "facing=north,half=upper,hinge=left,open=false":  { "model": "block/wooden_stuff/birch/door/empty"},
        "facing=east,half=upper,hinge=right,open=false":  { "model": "block/wooden_stuff/birch/door/empty"},
        "facing=south,half=upper,hinge=right,open=false": { "model": "block/wooden_stuff/birch/door/empty"},
        "facing=west,half=upper,hinge=right,open=false":  { "model": "block/wooden_stuff/birch/door/empty"},
        "facing=north,half=upper,hinge=right,open=false": { "model": "block/wooden_stuff/birch/door/empty"},
        "facing=east,half=upper,hinge=left,open=true":    { "model": "block/wooden_stuff/birch/door/empty"},
        "facing=south,half=upper,hinge=left,open=true":   { "model": "block/wooden_stuff/birch/door/empty"},
        "facing=west,half=upper,hinge=left,open=true":    { "model": "block/wooden_stuff/birch/door/empty"},
        "facing=north,half=upper,hinge=left,open=true":   { "model": "block/wooden_stuff/birch/door/empty"},
        "facing=east,half=upper,hinge=right,open=true":   { "model": "block/wooden_stuff/birch/door/empty"},
        "facing=south,half=upper,hinge=right,open=true":  { "model": "block/wooden_stuff/birch/door/empty"},
        "facing=west,half=upper,hinge=right,open=true":   { "model": "block/wooden_stuff/birch/door/empty"},
        "facing=north,half=upper,hinge=right,open=true":  { "model": "block/wooden_stuff/birch/door/empty"}
    }
}
