{
    "variants": {
        "facing=north,half=bottom,open=false": { "model": "block/wooden_stuff/birch/trapdoor/trapdoor", "y": 180 },
        "facing=south,half=bottom,open=false": { "model": "block/wooden_stuff/birch/trapdoor/trapdoor", "y": 180 },
        "facing=east,half=bottom,open=false":  { "model": "block/wooden_stuff/birch/trapdoor/trapdoor", "y": 270 },
        "facing=west,half=bottom,open=false":  { "model": "block/wooden_stuff/birch/trapdoor/trapdoor", "y": 270 },
        "facing=north,half=top,open=false":    { "model": "block/wooden_stuff/birch/trapdoor/trapdoor", "x": 180, "z": 180, "y": 0 },
        "facing=south,half=top,open=false":    { "model": "block/wooden_stuff/birch/trapdoor/trapdoor", "x": 180, "z": 180, "y": 0 },
        "facing=east,half=top,open=false":     { "model": "block/wooden_stuff/birch/trapdoor/trapdoor", "x": 180, "z": 180, "y": 90 },
        "facing=west,half=top,open=false":     { "model": "block/wooden_stuff/birch/trapdoor/trapdoor", "x": 180, "z": 180, "y": 90 },
        "facing=north,half=bottom,open=true":  { "model": "block/wooden_stuff/birch/trapdoor/trapdoor", "z": 180, "x": 90 },
        "facing=south,half=bottom,open=true":  { "model": "block/wooden_stuff/birch/trapdoor/trapdoor", "z": 180, "y": 180, "x": 90 },
        "facing=east,half=bottom,open=true":   { "model": "block/wooden_stuff/birch/trapdoor/trapdoor", "z": 180, "y": 90, "x": 90 },
        "facing=west,half=bottom,open=true":   { "model": "block/wooden_stuff/birch/trapdoor/trapdoor", "z": 180, "y": 270, "x": 90 },
        "facing=north,half=top,open=true":     { "model": "block/wooden_stuff/birch/trapdoor/trapdoor", "z": 180, "x": 90 },
        "facing=south,half=top,open=true":     { "model": "block/wooden_stuff/birch/trapdoor/trapdoor", "z": 180, "y": 180, "x": 90 },
        "facing=east,half=top,open=true":      { "model": "block/wooden_stuff/birch/trapdoor/trapdoor", "z": 180, "y": 90, "x": 90 },
        "facing=west,half=top,open=true":      { "model": "block/wooden_stuff/birch/trapdoor/trapdoor", "z": 180, "y": 270, "x": 90 }
    }
}
