{
  "multipart": [
  	{ 
		"when": { "half": "top" },      
	  	"apply": [ 
			{ "model": "block/stone_stuff/cobblestone/stairs/slope_top" }
	  	]
	},
	{ 
		"when": { "facing": "east", "half": "top", "shape": "straight" },      
	  	"apply": [ 
			{ "model": "block/stone_stuff/cobblestone/stairs/slope_straight_0" }
	  	]
	},
	{ 
  		"when": { "facing": "south", "half": "top", "shape": "straight" }, 
  		"apply": [
  			{ "model": "block/stone_stuff/cobblestone/stairs/slope_straight_90" }
  		]
  	},
  	{ 
  		"when": { "facing": "west", "half": "top", "shape": "straight" }, 
  		"apply": [
  			{ "model": "block/stone_stuff/cobblestone/stairs/slope_straight_180" }
  		]
  	},
  	{ 
  		"when": { "facing": "north", "half": "top", "shape": "straight" }, 
  		"apply": [
  			{ "model": "block/stone_stuff/cobblestone/stairs/slope_straight_270" }
  		]
  	},

  	{ 
  		"when": { "OR": [{ "facing": "east", "half": "top", "shape": "outer_right" }, {"facing": "south", "half": "top", "shape": "outer_left"} ] },      
  	  	"apply": [ 
  		    { "model": "block/stone_stuff/cobblestone/stairs/slope_outer_0" }
  	  	]
  	},
    { 
      "when": { "OR": [{ "facing": "south", "half": "top", "shape": "outer_right" }, {"facing": "west", "half": "top", "shape": "outer_left"} ] },      
        "apply": [ 
          { "model": "block/stone_stuff/cobblestone/stairs/slope_outer_90" }
        ]
    },
    { 
      "when": { "OR": [{ "facing": "west", "half": "top", "shape": "outer_right" }, {"facing": "north", "half": "top", "shape": "outer_left"} ] },      
        "apply": [ 
          { "model": "block/stone_stuff/cobblestone/stairs/slope_outer_180" }
        ]
    },
    { 
      "when": { "OR": [{ "facing": "north", "half": "top", "shape": "outer_right" }, {"facing": "east", "half": "top", "shape": "outer_left"} ] },      
        "apply": [ 
          { "model": "block/stone_stuff/cobblestone/stairs/slope_outer_270" }
        ]
    },

    { 
      "when": { "OR": [{ "facing": "east", "half": "top", "shape": "inner_right" }, {"facing": "south", "half": "top", "shape": "inner_left"} ] },      
        "apply": [ 
          { "model": "block/stone_stuff/cobblestone/stairs/slope_inner_0" }
        ]
    },
    { 
      "when": { "OR": [{ "facing": "south", "half": "top", "shape": "inner_right" }, {"facing": "west", "half": "top", "shape": "inner_left"} ] },      
        "apply": [ 
          { "model": "block/stone_stuff/cobblestone/stairs/slope_inner_90" }
        ]
    },
    { 
      "when": { "OR": [{ "facing": "west", "half": "top", "shape": "inner_right" }, {"facing": "north", "half": "top", "shape": "inner_left"} ] },      
        "apply": [ 
          { "model": "block/stone_stuff/cobblestone/stairs/slope_inner_180" }
        ]
    },
    { 
      "when": { "OR": [{ "facing": "north", "half": "top", "shape": "inner_right" }, {"facing": "east", "half": "top", "shape": "inner_left"} ] },      
        "apply": [ 
          { "model": "block/stone_stuff/cobblestone/stairs/slope_inner_270" }
        ]
    },

  	{ 
  		"when": { "facing": "east", "half": "bottom", "shape": "straight" }, 
  		"apply": [
  			{ "model": "block/stone_stuff/cobblestone/stairs/stairs_straight_1", "y": 0,   "uvlock": true },
            { "model": "block/stone_stuff/cobblestone/stairs/stairs_straight_2", "y": 0,   "uvlock": true },
            { "model": "block/stone_stuff/cobblestone/stairs/stairs_straight_3", "y": 0,   "uvlock": true },
            { "model": "block/stone_stuff/cobblestone/stairs/stairs_straight_4", "y": 0,   "uvlock": true }
  		]
  	},
  	{ 
  		"when": { "facing": "south", "half": "bottom", "shape": "straight" }, 
  		"apply": [
  			{ "model": "block/stone_stuff/cobblestone/stairs/stairs_straight_1", "y": 90,   "uvlock": true },
            { "model": "block/stone_stuff/cobblestone/stairs/stairs_straight_2", "y": 90,   "uvlock": true },
            { "model": "block/stone_stuff/cobblestone/stairs/stairs_straight_3", "y": 90,   "uvlock": true },
            { "model": "block/stone_stuff/cobblestone/stairs/stairs_straight_4", "y": 90,   "uvlock": true }
  		]
  	},
  	{ 
  		"when": { "facing": "west", "half": "bottom", "shape": "straight" }, 
  		"apply": [
  			{ "model": "block/stone_stuff/cobblestone/stairs/stairs_straight_1", "y": 180,   "uvlock": true },
            { "model": "block/stone_stuff/cobblestone/stairs/stairs_straight_2", "y": 180,   "uvlock": true },
            { "model": "block/stone_stuff/cobblestone/stairs/stairs_straight_3", "y": 180,   "uvlock": true },
            { "model": "block/stone_stuff/cobblestone/stairs/stairs_straight_4", "y": 180,   "uvlock": true }
  		]
  	},
  	{ 
  		"when": { "facing": "north", "half": "bottom", "shape": "straight" }, 
  		"apply": [
  			{ "model": "block/stone_stuff/cobblestone/stairs/stairs_straight_1", "y": 270,   "uvlock": true },
            { "model": "block/stone_stuff/cobblestone/stairs/stairs_straight_2", "y": 270,   "uvlock": true },
            { "model": "block/stone_stuff/cobblestone/stairs/stairs_straight_3", "y": 270,   "uvlock": true },
            { "model": "block/stone_stuff/cobblestone/stairs/stairs_straight_4", "y": 270,   "uvlock": true }
  		]
  	},


    { 
      "when": { "OR": [{ "facing": "east", "half": "bottom", "shape": "outer_right" }, {"facing": "south", "half": "bottom", "shape": "outer_left"} ] },      
        "apply": [ 
          { "model": "block/stone_stuff/cobblestone/stairs/stairs_outer", "y": 0,   "uvlock": true }
        ]
    },
    { 
      "when": { "OR": [{ "facing": "south", "half": "bottom", "shape": "outer_right" }, {"facing": "west", "half": "bottom", "shape": "outer_left"} ] },      
        "apply": [ 
          { "model": "block/stone_stuff/cobblestone/stairs/stairs_outer", "y": 90,   "uvlock": true }
        ]
    },
    { 
      "when": { "OR": [{ "facing": "west", "half": "bottom", "shape": "outer_right" }, {"facing": "north", "half": "bottom", "shape": "outer_left"} ] },      
        "apply": [ 
          { "model": "block/stone_stuff/cobblestone/stairs/stairs_outer", "y": 180,   "uvlock": true }
        ]
    },
    { 
      "when": { "OR": [{ "facing": "north", "half": "bottom", "shape": "outer_right" }, {"facing": "east", "half": "bottom", "shape": "outer_left"} ] },      
        "apply": [ 
          { "model": "block/stone_stuff/cobblestone/stairs/stairs_outer", "y": 270,   "uvlock": true }
        ]
    },

    { 
      "when": { "OR": [{ "facing": "east", "half": "bottom", "shape": "inner_right" }, {"facing": "south", "half": "bottom", "shape": "inner_left"} ] },      
        "apply": [ 
          { "model": "block/stone_stuff/cobblestone/stairs/stairs_inner", "y": 0,   "uvlock": true }
        ]
    },
    { 
      "when": { "OR": [{ "facing": "south", "half": "bottom", "shape": "inner_right" }, {"facing": "west", "half": "bottom", "shape": "inner_left"} ] },      
        "apply": [ 
          { "model": "block/stone_stuff/cobblestone/stairs/stairs_inner", "y": 90,   "uvlock": true }
        ]
    },
    { 
      "when": { "OR": [{ "facing": "west", "half": "bottom", "shape": "inner_right" }, {"facing": "north", "half": "bottom", "shape": "inner_left"} ] },      
        "apply": [ 
          { "model": "block/stone_stuff/cobblestone/stairs/stairs_inner", "y": 180,   "uvlock": true }
        ]
    },
    { 
      "when": { "OR": [{ "facing": "north", "half": "bottom", "shape": "inner_right" }, {"facing": "east", "half": "bottom", "shape": "inner_left"} ] },      
        "apply": [ 
          { "model": "block/stone_stuff/cobblestone/stairs/stairs_inner", "y": 270, "uvlock": true}
        ]
    }


  ]
}
