{
  "variants": {
    "type=bottom": [
      { "model": "minecraft:block/stone_stuff/deepslate/cobbled_slab/slab_1" },
      { "model": "minecraft:block/stone_stuff/deepslate/cobbled_slab/slab_2" },
      { "model": "minecraft:block/stone_stuff/deepslate/cobbled_slab/slab_3" },
      { "model": "minecraft:block/stone_stuff/deepslate/cobbled_slab/slab_4" }
    ],
    "type=double": [
      { "model": "minecraft:block/stone_stuff/deepslate/cobbled_slab/both_1" },
      { "model": "minecraft:block/stone_stuff/deepslate/cobbled_slab/both_2" },
      { "model": "minecraft:block/stone_stuff/deepslate/cobbled_slab/both_3" },
      { "model": "minecraft:block/stone_stuff/deepslate/cobbled_slab/both_4" }
    ],
    "type=top": [
      { "model": "minecraft:block/stone_stuff/deepslate/cobbled_slab/top_1" },
      { "model": "minecraft:block/stone_stuff/deepslate/cobbled_slab/top_2" },
      { "model": "minecraft:block/stone_stuff/deepslate/cobbled_slab/top_3" },
      { "model": "minecraft:block/stone_stuff/deepslate/cobbled_slab/top_4" }
    ]
  }
}