{
  "variants": {
    "axis=x": [
      { "model": "minecraft:block/wooden_stuff/mangrove/log/log_1", "x": 90, "y": 90 },
      { "model": "minecraft:block/wooden_stuff/mangrove/log/log_2", "x": 90, "y": 90 },
      { "model": "minecraft:block/wooden_stuff/mangrove/log/log_3", "x": 90, "y": 90 },
      { "model": "minecraft:block/wooden_stuff/mangrove/log/log_4", "x": 90, "y": 90 }
    ],
    "axis=y": [
      { "model": "minecraft:block/wooden_stuff/mangrove/log/log_1" },
      { "model": "minecraft:block/wooden_stuff/mangrove/log/log_2" },
      { "model": "minecraft:block/wooden_stuff/mangrove/log/log_3" },
      { "model": "minecraft:block/wooden_stuff/mangrove/log/log_4" }
    ],
    "axis=z": [
      { "model": "minecraft:block/wooden_stuff/mangrove/log/log_1", "x": 90 },
      { "model": "minecraft:block/wooden_stuff/mangrove/log/log_2", "x": 90 },
      { "model": "minecraft:block/wooden_stuff/mangrove/log/log_3", "x": 90 },
      { "model": "minecraft:block/wooden_stuff/mangrove/log/log_4", "x": 90 }
    ]
  }
}
