{
  "variants": {
    "facing=south,in_wall=false,open=false": { "model": "minecraft:block/wooden_stuff/mangrove/fence/fence_gate",           "y": 0   },
    "facing=south,in_wall=false,open=true":  { "model": "minecraft:block/wooden_stuff/mangrove/fence/fence_gate_open",      "y": 0   },
    "facing=south,in_wall=true,open=false":  { "model": "minecraft:block/wooden_stuff/mangrove/fence/wall_gate",      "y": 0   },
    "facing=south,in_wall=true,open=true":   { "model": "minecraft:block/wooden_stuff/mangrove/fence/wall_gate_open", "y": 0   },
    "facing=west,in_wall=false,open=false":  { "model": "minecraft:block/wooden_stuff/mangrove/fence/fence_gate",           "y": 90  },
    "facing=west,in_wall=false,open=true":   { "model": "minecraft:block/wooden_stuff/mangrove/fence/fence_gate_open",      "y": 90  },
    "facing=west,in_wall=true,open=false":   { "model": "minecraft:block/wooden_stuff/mangrove/fence/wall_gate",      "y": 90  },
    "facing=west,in_wall=true,open=true":    { "model": "minecraft:block/wooden_stuff/mangrove/fence/wall_gate_open", "y": 90  },
    "facing=north,in_wall=false,open=false": { "model": "minecraft:block/wooden_stuff/mangrove/fence/fence_gate",           "y": 180 },
    "facing=north,in_wall=false,open=true":  { "model": "minecraft:block/wooden_stuff/mangrove/fence/fence_gate_open",      "y": 180 },
    "facing=north,in_wall=true,open=false":  { "model": "minecraft:block/wooden_stuff/mangrove/fence/wall_gate",      "y": 180 },
    "facing=north,in_wall=true,open=true":   { "model": "minecraft:block/wooden_stuff/mangrove/fence/wall_gate_open", "y": 180 },
    "facing=east,in_wall=false,open=false":  { "model": "minecraft:block/wooden_stuff/mangrove/fence/fence_gate",           "y": 270 },
    "facing=east,in_wall=false,open=true":   { "model": "minecraft:block/wooden_stuff/mangrove/fence/fence_gate_open",      "y": 270 },
    "facing=east,in_wall=true,open=false":   { "model": "minecraft:block/wooden_stuff/mangrove/fence/wall_gate",      "y": 270 },
    "facing=east,in_wall=true,open=true":    { "model": "minecraft:block/wooden_stuff/mangrove/fence/wall_gate_open", "y": 270 }
  }
}
