{
  "variants": {
    "face=wall,facing=north,powered=false": { "model": "minecraft:block/wooden_stuff/mangrove/button/button", "y": 0   },
    "face=wall,facing=east,powered=false":  { "model": "minecraft:block/wooden_stuff/mangrove/button/button", "y": 90  },
    "face=wall,facing=south,powered=false": { "model": "minecraft:block/wooden_stuff/mangrove/button/button", "y": 180 },
    "face=wall,facing=west,powered=false":  { "model": "minecraft:block/wooden_stuff/mangrove/button/button", "y": 270 },

    "face=wall,facing=north,powered=true": { "model": "minecraft:block/wooden_stuff/mangrove/button/button_pressed", "y": 0   },
    "face=wall,facing=east,powered=true":  { "model": "minecraft:block/wooden_stuff/mangrove/button/button_pressed", "y": 90  },
    "face=wall,facing=south,powered=true": { "model": "minecraft:block/wooden_stuff/mangrove/button/button_pressed", "y": 180 },
    "face=wall,facing=west,powered=true":  { "model": "minecraft:block/wooden_stuff/mangrove/button/button_pressed", "y": 270 },

    "face=ceiling,powered=false": { "model": "minecraft:block/wooden_stuff/mangrove/button/button_ceiling" },
    "face=ceiling,powered=true":  { "model": "minecraft:block/wooden_stuff/mangrove/button/button_ceiling_pressed" },

    "face=floor,powered=false": { "model": "minecraft:block/wooden_stuff/mangrove/button/button_floor" },
    "face=floor,powered=true":  { "model": "minecraft:block/wooden_stuff/mangrove/button/button_floor_pressed" }
  }
}
