{
  "variants": {
    "type=bottom": [
      { "model": "minecraft:block/wooden_stuff/mangrove/slab/slab_1" },
      { "model": "minecraft:block/wooden_stuff/mangrove/slab/slab_2" },
      { "model": "minecraft:block/wooden_stuff/mangrove/slab/slab_3" },
      { "model": "minecraft:block/wooden_stuff/mangrove/slab/slab_4" }
    ],
    "type=double": [
      { "model": "minecraft:block/wooden_stuff/mangrove/slab/slab_double_1" },
      { "model": "minecraft:block/wooden_stuff/mangrove/slab/slab_double_2" },
      { "model": "minecraft:block/wooden_stuff/mangrove/slab/slab_double_3" },
      { "model": "minecraft:block/wooden_stuff/mangrove/slab/slab_double_4" }
    ],
    "type=top": [
      { "model": "minecraft:block/wooden_stuff/mangrove/slab/slab_top_1" },
      { "model": "minecraft:block/wooden_stuff/mangrove/slab/slab_top_2" },
      { "model": "minecraft:block/wooden_stuff/mangrove/slab/slab_top_3" },
      { "model": "minecraft:block/wooden_stuff/mangrove/slab/slab_top_4" }
    ]
  }
}
