{
  "multipart": [
    {
      "apply": { "model": "minecraft:block/wooden_stuff/mangrove/fence/post" }
    },
    {
      "when": { "north": "true" },
      "apply": { "model": "minecraft:block/wooden_stuff/mangrove/fence/side" }
    },
    {
      "when": { "east": "true" },
      "apply": { "model": "minecraft:block/wooden_stuff/mangrove/fence/side", "y": 90 }
    },
    {
      "when": { "south": "true" },
      "apply": { "model": "minecraft:block/wooden_stuff/mangrove/fence/side", "y": 180 }
    },
    {
      "when": { "west": "true" },
      "apply": { "model": "minecraft:block/wooden_stuff/mangrove/fence/side", "y": 270 }
    }
  ]
}
