{
  "variants": {
    "": [
      { "model": "minecraft:block/nature_stuff/leaves/mangrove/leaves_1" },
      { "model": "minecraft:block/nature_stuff/leaves/mangrove/leaves_1", "y": 90 },
      { "model": "minecraft:block/nature_stuff/leaves/mangrove/leaves_1", "y": 180 },
      { "model": "minecraft:block/nature_stuff/leaves/mangrove/leaves_1", "y": 270 },
      { "model": "minecraft:block/nature_stuff/leaves/mangrove/leaves_2" },
      { "model": "minecraft:block/nature_stuff/leaves/mangrove/leaves_2", "y": 90 },
      { "model": "minecraft:block/nature_stuff/leaves/mangrove/leaves_2", "y": 180 },
      { "model": "minecraft:block/nature_stuff/leaves/mangrove/leaves_2", "y": 270 },
      { "model": "minecraft:block/nature_stuff/leaves/mangrove/leaves_3" },
      { "model": "minecraft:block/nature_stuff/leaves/mangrove/leaves_3", "y": 90 },
      { "model": "minecraft:block/nature_stuff/leaves/mangrove/leaves_3", "y": 180 },
      { "model": "minecraft:block/nature_stuff/leaves/mangrove/leaves_3", "y": 270 },
      { "model": "minecraft:block/nature_stuff/leaves/mangrove/leaves_4" },
      { "model": "minecraft:block/nature_stuff/leaves/mangrove/leaves_4", "y": 90 },
      { "model": "minecraft:block/nature_stuff/leaves/mangrove/leaves_4", "y": 180 },
      { "model": "minecraft:block/nature_stuff/leaves/mangrove/leaves_4", "y": 270 }
    ]
  }
}