{
  "variants": {
    "facing=down": [
      { "model": "minecraft:block/stone_stuff/amethyst/crystall/medium_1", "x": 180 },
      { "model": "minecraft:block/stone_stuff/amethyst/crystall/medium_2", "x": 180 },
      { "model": "minecraft:block/stone_stuff/amethyst/crystall/medium_3", "x": 180 },
      { "model": "minecraft:block/stone_stuff/amethyst/crystall/medium_4", "x": 180 },
      { "model": "minecraft:block/stone_stuff/amethyst/crystall/medium_5", "x": 180 },
      { "model": "minecraft:block/stone_stuff/amethyst/crystall/medium_6", "x": 180 },
      { "model": "minecraft:block/stone_stuff/amethyst/crystall/medium_7", "x": 180 },
      { "model": "minecraft:block/stone_stuff/amethyst/crystall/medium_8", "x": 180 }
    ],
    "facing=east": [
      { "model": "minecraft:block/stone_stuff/amethyst/crystall/medium_1", "x": 90, "y": 90 },
      { "model": "minecraft:block/stone_stuff/amethyst/crystall/medium_2", "x": 90, "y": 90 },
      { "model": "minecraft:block/stone_stuff/amethyst/crystall/medium_3", "x": 90, "y": 90 },
      { "model": "minecraft:block/stone_stuff/amethyst/crystall/medium_4", "x": 90, "y": 90 },
      { "model": "minecraft:block/stone_stuff/amethyst/crystall/medium_5", "x": 90, "y": 90 },
      { "model": "minecraft:block/stone_stuff/amethyst/crystall/medium_6", "x": 90, "y": 90 },
      { "model": "minecraft:block/stone_stuff/amethyst/crystall/medium_7", "x": 90, "y": 90 },
      { "model": "minecraft:block/stone_stuff/amethyst/crystall/medium_8", "x": 90, "y": 90 }
    ],
    "facing=north": [
      { "model": "minecraft:block/stone_stuff/amethyst/crystall/medium_1", "x": 90 },
      { "model": "minecraft:block/stone_stuff/amethyst/crystall/medium_2", "x": 90 },
      { "model": "minecraft:block/stone_stuff/amethyst/crystall/medium_3", "x": 90 },
      { "model": "minecraft:block/stone_stuff/amethyst/crystall/medium_4", "x": 90 },
      { "model": "minecraft:block/stone_stuff/amethyst/crystall/medium_5", "x": 90 },
      { "model": "minecraft:block/stone_stuff/amethyst/crystall/medium_6", "x": 90 },
      { "model": "minecraft:block/stone_stuff/amethyst/crystall/medium_7", "x": 90 },
      { "model": "minecraft:block/stone_stuff/amethyst/crystall/medium_8", "x": 90 }
    ],
    "facing=south": [
      { "model": "minecraft:block/stone_stuff/amethyst/crystall/medium_1", "x": 90, "y": 180 },
      { "model": "minecraft:block/stone_stuff/amethyst/crystall/medium_2", "x": 90, "y": 180 },
      { "model": "minecraft:block/stone_stuff/amethyst/crystall/medium_3", "x": 90, "y": 180 },
      { "model": "minecraft:block/stone_stuff/amethyst/crystall/medium_4", "x": 90, "y": 180 },
      { "model": "minecraft:block/stone_stuff/amethyst/crystall/medium_5", "x": 90, "y": 180 },
      { "model": "minecraft:block/stone_stuff/amethyst/crystall/medium_6", "x": 90, "y": 180 },
      { "model": "minecraft:block/stone_stuff/amethyst/crystall/medium_7", "x": 90, "y": 180 },
      { "model": "minecraft:block/stone_stuff/amethyst/crystall/medium_8", "x": 90, "y": 180 }
    ],
    "facing=up": [
      { "model": "minecraft:block/stone_stuff/amethyst/crystall/medium_1", "y": 0 },
      { "model": "minecraft:block/stone_stuff/amethyst/crystall/medium_2", "y": 0 },
      { "model": "minecraft:block/stone_stuff/amethyst/crystall/medium_3", "y": 0 },
      { "model": "minecraft:block/stone_stuff/amethyst/crystall/medium_4", "y": 0 },
      { "model": "minecraft:block/stone_stuff/amethyst/crystall/medium_5", "y": 0 },
      { "model": "minecraft:block/stone_stuff/amethyst/crystall/medium_6", "y": 0 },
      { "model": "minecraft:block/stone_stuff/amethyst/crystall/medium_7", "y": 0 },
      { "model": "minecraft:block/stone_stuff/amethyst/crystall/medium_8", "y": 0 }
    ],
    "facing=west": [ 
      { "model": "minecraft:block/stone_stuff/amethyst/crystall/medium_1", "x": 90, "y": 270 },
      { "model": "minecraft:block/stone_stuff/amethyst/crystall/medium_2", "x": 90, "y": 270 },
      { "model": "minecraft:block/stone_stuff/amethyst/crystall/medium_3", "x": 90, "y": 270 },
      { "model": "minecraft:block/stone_stuff/amethyst/crystall/medium_4", "x": 90, "y": 270 },
      { "model": "minecraft:block/stone_stuff/amethyst/crystall/medium_5", "x": 90, "y": 270 },
      { "model": "minecraft:block/stone_stuff/amethyst/crystall/medium_6", "x": 90, "y": 270 },
      { "model": "minecraft:block/stone_stuff/amethyst/crystall/medium_7", "x": 90, "y": 270 },
      { "model": "minecraft:block/stone_stuff/amethyst/crystall/medium_8", "x": 90, "y": 270 }
    ]    
  }
}