{
  "variants": {
    "age=0": [
      { "model": "minecraft:block/nature_stuff/crops/melon/stem_stage0_1", "y": 0   },
      { "model": "minecraft:block/nature_stuff/crops/melon/stem_stage0_1", "y": 90  },
      { "model": "minecraft:block/nature_stuff/crops/melon/stem_stage0_1", "y": 180 },
      { "model": "minecraft:block/nature_stuff/crops/melon/stem_stage0_1", "y": 270 },
      { "model": "minecraft:block/nature_stuff/crops/melon/stem_stage0_2", "y": 0   },
      { "model": "minecraft:block/nature_stuff/crops/melon/stem_stage0_2", "y": 90  },
      { "model": "minecraft:block/nature_stuff/crops/melon/stem_stage0_2", "y": 180 },
      { "model": "minecraft:block/nature_stuff/crops/melon/stem_stage0_2", "y": 270 },
      { "model": "minecraft:block/nature_stuff/crops/melon/stem_stage0_3", "y": 0   },
      { "model": "minecraft:block/nature_stuff/crops/melon/stem_stage0_3", "y": 90  },
      { "model": "minecraft:block/nature_stuff/crops/melon/stem_stage0_3", "y": 180 },
      { "model": "minecraft:block/nature_stuff/crops/melon/stem_stage0_3", "y": 270 }
    ],
    "age=1": [
      { "model": "minecraft:block/nature_stuff/crops/melon/stem_stage1_1", "y": 0   },
      { "model": "minecraft:block/nature_stuff/crops/melon/stem_stage1_1", "y": 90  },
      { "model": "minecraft:block/nature_stuff/crops/melon/stem_stage1_1", "y": 180 },
      { "model": "minecraft:block/nature_stuff/crops/melon/stem_stage1_1", "y": 270 },
      { "model": "minecraft:block/nature_stuff/crops/melon/stem_stage1_2", "y": 0   },
      { "model": "minecraft:block/nature_stuff/crops/melon/stem_stage1_2", "y": 90  },
      { "model": "minecraft:block/nature_stuff/crops/melon/stem_stage1_2", "y": 180 },
      { "model": "minecraft:block/nature_stuff/crops/melon/stem_stage1_2", "y": 270 },
      { "model": "minecraft:block/nature_stuff/crops/melon/stem_stage1_3", "y": 0   },
      { "model": "minecraft:block/nature_stuff/crops/melon/stem_stage1_3", "y": 90  },
      { "model": "minecraft:block/nature_stuff/crops/melon/stem_stage1_3", "y": 180 },
      { "model": "minecraft:block/nature_stuff/crops/melon/stem_stage1_3", "y": 270 }
    ],
    "age=2": [
      { "model": "minecraft:block/nature_stuff/crops/melon/stem_stage2_1", "y": 0   },
      { "model": "minecraft:block/nature_stuff/crops/melon/stem_stage2_1", "y": 90  },
      { "model": "minecraft:block/nature_stuff/crops/melon/stem_stage2_1", "y": 180 },
      { "model": "minecraft:block/nature_stuff/crops/melon/stem_stage2_1", "y": 270 },
      { "model": "minecraft:block/nature_stuff/crops/melon/stem_stage2_2", "y": 0   },
      { "model": "minecraft:block/nature_stuff/crops/melon/stem_stage2_2", "y": 90  },
      { "model": "minecraft:block/nature_stuff/crops/melon/stem_stage2_2", "y": 180 },
      { "model": "minecraft:block/nature_stuff/crops/melon/stem_stage2_2", "y": 270 },
      { "model": "minecraft:block/nature_stuff/crops/melon/stem_stage2_3", "y": 0   },
      { "model": "minecraft:block/nature_stuff/crops/melon/stem_stage2_3", "y": 90  },
      { "model": "minecraft:block/nature_stuff/crops/melon/stem_stage2_3", "y": 180 },
      { "model": "minecraft:block/nature_stuff/crops/melon/stem_stage2_3", "y": 270 }
    ],
    "age=3": [
      { "model": "minecraft:block/nature_stuff/crops/melon/stem_stage3_1", "y": 0   },
      { "model": "minecraft:block/nature_stuff/crops/melon/stem_stage3_1", "y": 90  },
      { "model": "minecraft:block/nature_stuff/crops/melon/stem_stage3_1", "y": 180 },
      { "model": "minecraft:block/nature_stuff/crops/melon/stem_stage3_1", "y": 270 },
      { "model": "minecraft:block/nature_stuff/crops/melon/stem_stage3_2", "y": 0   },
      { "model": "minecraft:block/nature_stuff/crops/melon/stem_stage3_2", "y": 90  },
      { "model": "minecraft:block/nature_stuff/crops/melon/stem_stage3_2", "y": 180 },
      { "model": "minecraft:block/nature_stuff/crops/melon/stem_stage3_2", "y": 270 },
      { "model": "minecraft:block/nature_stuff/crops/melon/stem_stage3_3", "y": 0   },
      { "model": "minecraft:block/nature_stuff/crops/melon/stem_stage3_3", "y": 90  },
      { "model": "minecraft:block/nature_stuff/crops/melon/stem_stage3_3", "y": 180 },
      { "model": "minecraft:block/nature_stuff/crops/melon/stem_stage3_3", "y": 270 }
    ],
    "age=4": [
      { "model": "minecraft:block/nature_stuff/crops/melon/stem_stage4_1", "y": 0   },
      { "model": "minecraft:block/nature_stuff/crops/melon/stem_stage4_1", "y": 90  },
      { "model": "minecraft:block/nature_stuff/crops/melon/stem_stage4_1", "y": 180 },
      { "model": "minecraft:block/nature_stuff/crops/melon/stem_stage4_1", "y": 270 },
      { "model": "minecraft:block/nature_stuff/crops/melon/stem_stage4_2", "y": 0   },
      { "model": "minecraft:block/nature_stuff/crops/melon/stem_stage4_2", "y": 90  },
      { "model": "minecraft:block/nature_stuff/crops/melon/stem_stage4_2", "y": 180 },
      { "model": "minecraft:block/nature_stuff/crops/melon/stem_stage4_2", "y": 270 },
      { "model": "minecraft:block/nature_stuff/crops/melon/stem_stage4_3", "y": 0   },
      { "model": "minecraft:block/nature_stuff/crops/melon/stem_stage4_3", "y": 90  },
      { "model": "minecraft:block/nature_stuff/crops/melon/stem_stage4_3", "y": 180 },
      { "model": "minecraft:block/nature_stuff/crops/melon/stem_stage4_3", "y": 270 }
    ],
    "age=5": [
      { "model": "minecraft:block/nature_stuff/crops/melon/stem_stage5_1", "y": 0   },
      { "model": "minecraft:block/nature_stuff/crops/melon/stem_stage5_1", "y": 90  },
      { "model": "minecraft:block/nature_stuff/crops/melon/stem_stage5_1", "y": 180 },
      { "model": "minecraft:block/nature_stuff/crops/melon/stem_stage5_1", "y": 270 },
      { "model": "minecraft:block/nature_stuff/crops/melon/stem_stage5_2", "y": 0   },
      { "model": "minecraft:block/nature_stuff/crops/melon/stem_stage5_2", "y": 90  },
      { "model": "minecraft:block/nature_stuff/crops/melon/stem_stage5_2", "y": 180 },
      { "model": "minecraft:block/nature_stuff/crops/melon/stem_stage5_2", "y": 270 },
      { "model": "minecraft:block/nature_stuff/crops/melon/stem_stage5_3", "y": 0   },
      { "model": "minecraft:block/nature_stuff/crops/melon/stem_stage5_3", "y": 90  },
      { "model": "minecraft:block/nature_stuff/crops/melon/stem_stage5_3", "y": 180 },
      { "model": "minecraft:block/nature_stuff/crops/melon/stem_stage5_3", "y": 270 }
    ],
    "age=6": [
      { "model": "minecraft:block/nature_stuff/crops/melon/stem_stage6_1", "y": 0   },
      { "model": "minecraft:block/nature_stuff/crops/melon/stem_stage6_1", "y": 90  },
      { "model": "minecraft:block/nature_stuff/crops/melon/stem_stage6_1", "y": 180 },
      { "model": "minecraft:block/nature_stuff/crops/melon/stem_stage6_1", "y": 270 },
      { "model": "minecraft:block/nature_stuff/crops/melon/stem_stage6_2", "y": 0   },
      { "model": "minecraft:block/nature_stuff/crops/melon/stem_stage6_2", "y": 90  },
      { "model": "minecraft:block/nature_stuff/crops/melon/stem_stage6_2", "y": 180 },
      { "model": "minecraft:block/nature_stuff/crops/melon/stem_stage6_2", "y": 270 },
      { "model": "minecraft:block/nature_stuff/crops/melon/stem_stage6_3", "y": 0   },
      { "model": "minecraft:block/nature_stuff/crops/melon/stem_stage6_3", "y": 90  },
      { "model": "minecraft:block/nature_stuff/crops/melon/stem_stage6_3", "y": 180 },
      { "model": "minecraft:block/nature_stuff/crops/melon/stem_stage6_3", "y": 270 }
    ],
    "age=7": [
      { "model": "minecraft:block/nature_stuff/crops/melon/stem_stage7_1", "y": 0   },
      { "model": "minecraft:block/nature_stuff/crops/melon/stem_stage7_1", "y": 90  },
      { "model": "minecraft:block/nature_stuff/crops/melon/stem_stage7_1", "y": 180 },
      { "model": "minecraft:block/nature_stuff/crops/melon/stem_stage7_1", "y": 270 },
      { "model": "minecraft:block/nature_stuff/crops/melon/stem_stage7_2", "y": 0   },
      { "model": "minecraft:block/nature_stuff/crops/melon/stem_stage7_2", "y": 90  },
      { "model": "minecraft:block/nature_stuff/crops/melon/stem_stage7_2", "y": 180 },
      { "model": "minecraft:block/nature_stuff/crops/melon/stem_stage7_2", "y": 270 },
      { "model": "minecraft:block/nature_stuff/crops/melon/stem_stage7_3", "y": 0   },
      { "model": "minecraft:block/nature_stuff/crops/melon/stem_stage7_3", "y": 90  },
      { "model": "minecraft:block/nature_stuff/crops/melon/stem_stage7_3", "y": 180 },
      { "model": "minecraft:block/nature_stuff/crops/melon/stem_stage7_3", "y": 270 }
    ]
  }
}