{
  "variants": {
    "": [
      { "model": "minecraft:block/stone_stuff/stone_bricks/mossy_stone_bricks_1" },
      { "model": "minecraft:block/stone_stuff/stone_bricks/mossy_stone_bricks_2" },
      { "model": "minecraft:block/stone_stuff/stone_bricks/mossy_stone_bricks_3" },
      { "model": "minecraft:block/stone_stuff/stone_bricks/mossy_stone_bricks_4" },
      { "model": "minecraft:block/stone_stuff/stone_bricks/mossy_stone_bricks_5" },
      { "model": "minecraft:block/stone_stuff/stone_bricks/mossy_stone_bricks_6" },
      { "model": "minecraft:block/stone_stuff/stone_bricks/mossy_stone_bricks_7" },
      { "model": "minecraft:block/stone_stuff/stone_bricks/mossy_stone_bricks_8" },
      { "model": "minecraft:block/stone_stuff/stone_bricks/mossy_stone_bricks_9" },
      { "model": "minecraft:block/stone_stuff/stone_bricks/mossy_stone_bricks_10" },
      { "model": "minecraft:block/stone_stuff/stone_bricks/mossy_stone_bricks_11" },
      { "model": "minecraft:block/stone_stuff/stone_bricks/mossy_stone_bricks_12" },
      { "model": "minecraft:block/stone_stuff/stone_bricks/mossy_stone_bricks_13" },
      { "model": "minecraft:block/stone_stuff/stone_bricks/mossy_stone_bricks_14" },
      { "model": "minecraft:block/stone_stuff/stone_bricks/mossy_stone_bricks_15" },
      { "model": "minecraft:block/stone_stuff/stone_bricks/mossy_stone_bricks_16" }
    ]
  }
}