{
  "variants": {
    "type=bottom": [
      { "model": "minecraft:block/stone_stuff/cobblestone/mossy_slab/cobblestone_slab_1" },
      { "model": "minecraft:block/stone_stuff/cobblestone/mossy_slab/cobblestone_slab_2" },
      { "model": "minecraft:block/stone_stuff/cobblestone/mossy_slab/cobblestone_slab_3" },
      { "model": "minecraft:block/stone_stuff/cobblestone/mossy_slab/cobblestone_slab_4" }
    ],
    "type=double": [
      { "model": "minecraft:block/stone_stuff/cobblestone/mossy_slab/cobblestone_slab_both_1" },
      { "model": "minecraft:block/stone_stuff/cobblestone/mossy_slab/cobblestone_slab_both_2" },
      { "model": "minecraft:block/stone_stuff/cobblestone/mossy_slab/cobblestone_slab_both_3" },
      { "model": "minecraft:block/stone_stuff/cobblestone/mossy_slab/cobblestone_slab_both_4" }
    ],
    "type=top": [
      { "model": "minecraft:block/stone_stuff/cobblestone/mossy_slab/cobblestone_slab_top_1" },
      { "model": "minecraft:block/stone_stuff/cobblestone/mossy_slab/cobblestone_slab_top_2" },
      { "model": "minecraft:block/stone_stuff/cobblestone/mossy_slab/cobblestone_slab_top_3" },
      { "model": "minecraft:block/stone_stuff/cobblestone/mossy_slab/cobblestone_slab_top_4" }
    ]
  }
}