{
  "variants": {
    "type=bottom": [
      { "model": "minecraft:block/stone_stuff/stone_bricks/mossy_slab/slab_1" },
      { "model": "minecraft:block/stone_stuff/stone_bricks/mossy_slab/slab_2" },
      { "model": "minecraft:block/stone_stuff/stone_bricks/mossy_slab/slab_3" },
      { "model": "minecraft:block/stone_stuff/stone_bricks/mossy_slab/slab_4" }
    ],
    "type=double": [
      { "model": "minecraft:block/stone_stuff/stone_bricks/mossy_slab/double_1" },
      { "model": "minecraft:block/stone_stuff/stone_bricks/mossy_slab/double_2" },
      { "model": "minecraft:block/stone_stuff/stone_bricks/mossy_slab/double_3" },
      { "model": "minecraft:block/stone_stuff/stone_bricks/mossy_slab/double_4" }
    ],
    "type=top": [
      { "model": "minecraft:block/stone_stuff/stone_bricks/mossy_slab/top_1" },
      { "model": "minecraft:block/stone_stuff/stone_bricks/mossy_slab/top_2" },
      { "model": "minecraft:block/stone_stuff/stone_bricks/mossy_slab/top_3" },
      { "model": "minecraft:block/stone_stuff/stone_bricks/mossy_slab/top_4" }
    ]
  }
}