{
	"credit": "Made with Blockbench",
	"textures": {
		"0": "block/acacia_trapdoor",
		"particle": "block/acacia_trapdoor"
	},
	"elements": [
		{
			"from": [0, 14, 1],
			"to": [1, 16, 15],
			"rotation": {"angle": 0, "axis": "y", "origin": [0, 15, 14]},
			"faces": {
				"north": {"uv": [0, 0, 1, 3.9375], "texture": "#0"},
				"east": {"uv": [0, 0, 1, 16], "rotation": 270, "texture": "#0"},
				"south": {"uv": [0, 0, 1, 3.9375], "texture": "#0"},
				"west": {"uv": [0, 0, 0.90625, 16], "rotation": 90, "texture": "#0"},
				"up": {"uv": [0, 0.96094, 1, 15.00781], "texture": "#0"},
				"down": {"uv": [0, 0, 1, 16], "texture": "#0"}
			}
		},
		{
			"from": [15, 14, 1],
			"to": [16, 16, 15],
			"rotation": {"angle": 0, "axis": "y", "origin": [0, 15, 14]},
			"faces": {
				"north": {"uv": [0, 0, 1, 0.26563], "texture": "#0"},
				"east": {"uv": [0, 0, 0.90625, 15.00781], "rotation": 270, "texture": "#0"},
				"south": {"uv": [0, 0, 1, 0.26563], "texture": "#0"},
				"west": {"uv": [0, 0, 0.88281, 15.00781], "rotation": 90, "texture": "#0"},
				"up": {"uv": [0, 0.96094, 1, 15.00781], "rotation": 180, "texture": "#0"},
				"down": {"uv": [0, 0, 0.85156, 15.00781], "texture": "#0"}
			}
		},
		{
			"from": [0, 14, 0],
			"to": [16, 16, 1],
			"rotation": {"angle": 0, "axis": "y", "origin": [16, 15.5, 7.5]},
			"faces": {
				"north": {"uv": [0, 0, 0.9375, 16], "rotation": 270, "texture": "#0"},
				"east": {"uv": [0, 0, 1, 1], "texture": "#0"},
				"south": {"uv": [0, 0, 0.85156, 16], "rotation": 90, "texture": "#0"},
				"west": {"uv": [0, 0, 1, 1], "texture": "#0"},
				"up": {"uv": [0, 0, 1, 16], "rotation": 90, "texture": "#0"},
				"down": {"uv": [0, 0, 1, 16], "rotation": 90, "texture": "#0"}
			}
		},
		{
			"from": [0, 14, 15],
			"to": [16, 16, 16],
			"rotation": {"angle": 0, "axis": "y", "origin": [8, 15.5, 15.5]},
			"faces": {
				"north": {"uv": [0, 0, 0.85156, 16], "rotation": 270, "texture": "#0"},
				"east": {"uv": [0, 0, 1, 1], "texture": "#0"},
				"south": {"uv": [0, 0, 0.90625, 16], "rotation": 270, "texture": "#0"},
				"west": {"uv": [0, 0, 1, 1], "texture": "#0"},
				"up": {"uv": [0, 0, 15.90625, 1], "rotation": 180, "texture": "#0"},
				"down": {"uv": [0, 0, 0.85156, 16], "rotation": 270, "texture": "#0"}
			}
		},
		{
			"from": [1, 15.9, 0.9],
			"to": [15, 15.9, 15],
			"rotation": {"angle": 0, "axis": "x", "origin": [8, 26.75, 15]},
			"faces": {
				"north": {"uv": [0, 0, 15.00781, 15.02344], "texture": "#0"},
				"east": {"uv": [0, 0, 15.00781, 15.02344], "texture": "#0"},
				"south": {"uv": [0, 0, 15.00781, 15.02344], "texture": "#0"},
				"west": {"uv": [0, 0, 15.00781, 15.02344], "texture": "#0"},
				"up": {"uv": [1.00781, 1.00781, 15.00781, 15.02344], "rotation": 180, "texture": "#0"},
				"down": {"uv": [1.00781, 1.00781, 15.00781, 15.02344], "texture": "#0"}
			}
		},
		{
			"from": [1, 15.8, 0.9],
			"to": [15, 15.8, 15],
			"rotation": {"angle": 0, "axis": "x", "origin": [8, 26.75, 15]},
			"faces": {
				"north": {"uv": [0, 0, 15.00781, 15.02344], "texture": "#0"},
				"east": {"uv": [0, 0, 15.00781, 15.02344], "texture": "#0"},
				"south": {"uv": [0, 0, 15.00781, 15.02344], "texture": "#0"},
				"west": {"uv": [0, 0, 15.00781, 15.02344], "texture": "#0"},
				"up": {"uv": [1.00781, 1.00781, 15.00781, 15.02344], "rotation": 180, "texture": "#0"},
				"down": {"uv": [1.00781, 1.00781, 15.00781, 15.02344], "texture": "#0"}
			}
		},
		{
			"from": [1, 15.7, 0.9],
			"to": [15, 15.7, 15],
			"rotation": {"angle": 0, "axis": "x", "origin": [8, 26.75, 15]},
			"faces": {
				"north": {"uv": [0, 0, 15.00781, 15.02344], "texture": "#0"},
				"east": {"uv": [0, 0, 15.00781, 15.02344], "texture": "#0"},
				"south": {"uv": [0, 0, 15.00781, 15.02344], "texture": "#0"},
				"west": {"uv": [0, 0, 15.00781, 15.02344], "texture": "#0"},
				"up": {"uv": [1.00781, 1.00781, 15.00781, 15.02344], "rotation": 180, "texture": "#0"},
				"down": {"uv": [1.00781, 1.00781, 15.00781, 15.02344], "texture": "#0"}
			}
		},
		{
			"from": [1, 15.6, 0.9],
			"to": [15, 15.6, 15],
			"rotation": {"angle": 0, "axis": "x", "origin": [8, 26.75, 15]},
			"faces": {
				"north": {"uv": [0, 0, 15.00781, 15.02344], "texture": "#0"},
				"east": {"uv": [0, 0, 15.00781, 15.02344], "texture": "#0"},
				"south": {"uv": [0, 0, 15.00781, 15.02344], "texture": "#0"},
				"west": {"uv": [0, 0, 15.00781, 15.02344], "texture": "#0"},
				"up": {"uv": [1.00781, 1.00781, 15.00781, 15.02344], "rotation": 180, "texture": "#0"},
				"down": {"uv": [1.00781, 1.00781, 15.00781, 15.02344], "texture": "#0"}
			}
		},
		{
			"from": [1, 15.5, 0.9],
			"to": [15, 15.5, 15],
			"rotation": {"angle": 0, "axis": "x", "origin": [8, 26.75, 15]},
			"faces": {
				"north": {"uv": [0, 0, 15.00781, 15.02344], "texture": "#0"},
				"east": {"uv": [0, 0, 15.00781, 15.02344], "texture": "#0"},
				"south": {"uv": [0, 0, 15.00781, 15.02344], "texture": "#0"},
				"west": {"uv": [0, 0, 15.00781, 15.02344], "texture": "#0"},
				"up": {"uv": [1.00781, 1.00781, 15.00781, 15.02344], "rotation": 180, "texture": "#0"},
				"down": {"uv": [1.00781, 1.00781, 15.00781, 15.02344], "texture": "#0"}
			}
		},
		{
			"from": [1, 15.4, 0.9],
			"to": [15, 15.4, 15],
			"rotation": {"angle": 0, "axis": "x", "origin": [8, 26.75, 15]},
			"faces": {
				"north": {"uv": [0, 0, 15.00781, 15.02344], "texture": "#0"},
				"east": {"uv": [0, 0, 15.00781, 15.02344], "texture": "#0"},
				"south": {"uv": [0, 0, 15.00781, 15.02344], "texture": "#0"},
				"west": {"uv": [0, 0, 15.00781, 15.02344], "texture": "#0"},
				"up": {"uv": [1.00781, 1.00781, 15.00781, 15.02344], "rotation": 180, "texture": "#0"},
				"down": {"uv": [1.00781, 1.00781, 15.00781, 15.02344], "texture": "#0"}
			}
		},
		{
			"from": [6.9, 16, 2.4],
			"to": [8.9, 16.05, 3.3],
			"rotation": {"angle": 0, "axis": "x", "origin": [7.9, 16.025, 2.85]},
			"faces": {
				"north": {"uv": [0, 0, 2, 0.05], "texture": "#0"},
				"east": {"uv": [0, 0, 0.9, 0.05], "texture": "#0"},
				"south": {"uv": [0, 0, 2, 0.05], "texture": "#0"},
				"west": {"uv": [0, 0, 0.9, 0.05], "texture": "#0"},
				"up": {"uv": [6.73438, 15.55117, 8.83398, 16], "texture": "#0"},
				"down": {"uv": [0, 0, 2, 0.9], "texture": "#0"}
			}
		},
		{
			"from": [7.4, 16, 5.4],
			"to": [8.4, 16.25, 5.7],
			"rotation": {"angle": 0, "axis": "y", "origin": [7.9, 16.025, 4.26833]},
			"faces": {
				"north": {"uv": [6.60938, 15.47656, 8.96875, 16], "texture": "#0"},
				"east": {"uv": [6.60938, 15.47656, 8.96875, 16], "texture": "#0"},
				"south": {"uv": [6.60938, 15.47656, 8.96875, 16], "texture": "#0"},
				"west": {"uv": [6.60938, 15.47656, 8.96875, 16], "texture": "#0"},
				"up": {"uv": [6.60938, 15.47656, 8.96875, 16], "texture": "#0"},
				"down": {"uv": [6.60938, 15.47656, 8.96875, 16], "texture": "#0"}
			}
		},
		{
			"from": [7.09546, 16, 5.22008],
			"to": [7.49546, 16.25, 5.52008],
			"rotation": {"angle": -22.5, "axis": "y", "origin": [6.99546, 16.125, 5.37008]},
			"faces": {
				"north": {"uv": [6.60938, 15.47656, 8.96875, 16], "texture": "#0"},
				"east": {"uv": [6.60938, 15.47656, 8.96875, 16], "texture": "#0"},
				"south": {"uv": [6.60938, 15.47656, 8.96875, 16], "texture": "#0"},
				"west": {"uv": [6.60938, 15.47656, 8.96875, 16], "texture": "#0"},
				"up": {"uv": [6.60938, 15.47656, 8.96875, 16], "texture": "#0"},
				"down": {"uv": [6.60938, 15.47656, 8.96875, 16], "texture": "#0"}
			}
		},
		{
			"from": [7.81406, 16, 5.48236],
			"to": [8.21406, 16.25, 5.78236],
			"rotation": {"angle": 22.5, "axis": "y", "origin": [7.9, 16.025, 4.26833]},
			"faces": {
				"north": {"uv": [6.60938, 15.47656, 8.96875, 16], "texture": "#0"},
				"east": {"uv": [6.60938, 15.47656, 8.96875, 16], "texture": "#0"},
				"south": {"uv": [6.60938, 15.47656, 8.96875, 16], "texture": "#0"},
				"west": {"uv": [6.60938, 15.47656, 8.96875, 16], "texture": "#0"},
				"up": {"uv": [6.60938, 15.47656, 8.96875, 16], "texture": "#0"},
				"down": {"uv": [6.60938, 15.47656, 8.96875, 16], "texture": "#0"}
			}
		},
		{
			"from": [6.59509, 16, 5.14944],
			"to": [7.19509, 16.25, 5.44944],
			"rotation": {"angle": -45, "axis": "y", "origin": [6.99509, 16.125, 5.29944]},
			"faces": {
				"north": {"uv": [6.60938, 15.47656, 8.96875, 16], "texture": "#0"},
				"east": {"uv": [6.60938, 15.47656, 8.96875, 16], "texture": "#0"},
				"south": {"uv": [6.60938, 15.47656, 8.96875, 16], "texture": "#0"},
				"west": {"uv": [6.60938, 15.47656, 8.96875, 16], "texture": "#0"},
				"up": {"uv": [6.60938, 15.47656, 8.96875, 16], "texture": "#0"},
				"down": {"uv": [6.60938, 15.47656, 8.96875, 16], "texture": "#0"}
			}
		},
		{
			"from": [7.61076, 16, 5.4873],
			"to": [8.21076, 16.25, 5.7873],
			"rotation": {"angle": 45, "axis": "y", "origin": [7.9, 16.025, 4.26833]},
			"faces": {
				"north": {"uv": [6.60938, 15.47656, 8.96875, 16], "texture": "#0"},
				"east": {"uv": [6.60938, 15.47656, 8.96875, 16], "texture": "#0"},
				"south": {"uv": [6.60938, 15.47656, 8.96875, 16], "texture": "#0"},
				"west": {"uv": [6.60938, 15.47656, 8.96875, 16], "texture": "#0"},
				"up": {"uv": [6.60938, 15.47656, 8.96875, 16], "texture": "#0"},
				"down": {"uv": [6.60938, 15.47656, 8.96875, 16], "texture": "#0"}
			}
		},
		{
			"from": [6.37773, 16, 3.96251],
			"to": [6.67773, 16.25, 4.56251],
			"rotation": {"angle": 22.5, "axis": "y", "origin": [7.9, 16.025, 4.26833]},
			"faces": {
				"north": {"uv": [6.60938, 15.47656, 8.96875, 16], "texture": "#0"},
				"east": {"uv": [6.60938, 15.47656, 8.96875, 16], "texture": "#0"},
				"south": {"uv": [6.60938, 15.47656, 8.96875, 16], "texture": "#0"},
				"west": {"uv": [6.60938, 15.47656, 8.96875, 16], "texture": "#0"},
				"up": {"uv": [6.60938, 15.47656, 8.96875, 16], "rotation": 90, "texture": "#0"},
				"down": {"uv": [6.60938, 15.47656, 8.96875, 16], "rotation": 270, "texture": "#0"}
			}
		},
		{
			"from": [9.12227, 16, 3.96251],
			"to": [9.42227, 16.25, 4.56251],
			"rotation": {"angle": -22.5, "axis": "y", "origin": [7.9, 16.025, 4.26833]},
			"faces": {
				"north": {"uv": [6.60938, 15.47656, 8.96875, 16], "texture": "#0"},
				"east": {"uv": [6.60938, 15.47656, 8.96875, 16], "texture": "#0"},
				"south": {"uv": [6.60938, 15.47656, 8.96875, 16], "texture": "#0"},
				"west": {"uv": [6.60938, 15.47656, 8.96875, 16], "texture": "#0"},
				"up": {"uv": [6.60938, 15.47656, 8.96875, 16], "rotation": 90, "texture": "#0"},
				"down": {"uv": [6.60938, 15.47656, 8.96875, 16], "rotation": 270, "texture": "#0"}
			}
		},
		{
			"from": [6.37657, 16, 3.96833],
			"to": [6.67657, 16.25, 4.56833],
			"rotation": {"angle": 0, "axis": "y", "origin": [7.9, 16.025, 4.26833]},
			"faces": {
				"north": {"uv": [6.60938, 15.47656, 8.96875, 16], "texture": "#0"},
				"east": {"uv": [6.60938, 15.47656, 8.96875, 16], "texture": "#0"},
				"south": {"uv": [6.60938, 15.47656, 8.96875, 16], "texture": "#0"},
				"west": {"uv": [6.60938, 15.47656, 8.96875, 16], "texture": "#0"},
				"up": {"uv": [6.60938, 15.47656, 8.96875, 16], "rotation": 90, "texture": "#0"},
				"down": {"uv": [6.60938, 15.47656, 8.96875, 16], "rotation": 270, "texture": "#0"}
			}
		},
		{
			"from": [9.12343, 16, 3.96833],
			"to": [9.42343, 16.25, 4.56833],
			"rotation": {"angle": 0, "axis": "y", "origin": [7.9, 16.025, 4.26833]},
			"faces": {
				"north": {"uv": [6.60938, 15.47656, 8.96875, 16], "texture": "#0"},
				"east": {"uv": [6.60938, 15.47656, 8.96875, 16], "texture": "#0"},
				"south": {"uv": [6.60938, 15.47656, 8.96875, 16], "texture": "#0"},
				"west": {"uv": [6.60938, 15.47656, 8.96875, 16], "texture": "#0"},
				"up": {"uv": [6.60938, 15.47656, 8.96875, 16], "rotation": 90, "texture": "#0"},
				"down": {"uv": [6.60938, 15.47656, 8.96875, 16], "rotation": 270, "texture": "#0"}
			}
		},
		{
			"from": [6.37773, 16, 3.97416],
			"to": [6.67773, 16.25, 4.57416],
			"rotation": {"angle": -22.5, "axis": "y", "origin": [7.9, 16.025, 4.26833]},
			"faces": {
				"north": {"uv": [6.60938, 15.47656, 8.96875, 16], "texture": "#0"},
				"east": {"uv": [6.60938, 15.47656, 8.96875, 16], "texture": "#0"},
				"south": {"uv": [6.60938, 15.47656, 8.96875, 16], "texture": "#0"},
				"west": {"uv": [6.60938, 15.47656, 8.96875, 16], "texture": "#0"},
				"up": {"uv": [6.60938, 15.47656, 8.96875, 16], "rotation": 270, "texture": "#0"},
				"down": {"uv": [6.60938, 15.47656, 8.96875, 16], "rotation": 90, "texture": "#0"}
			}
		},
		{
			"from": [7.58924, 16, 2.74937],
			"to": [8.18924, 16.25, 3.04937],
			"rotation": {"angle": 45, "axis": "y", "origin": [7.9, 16.025, 4.26833]},
			"faces": {
				"north": {"uv": [6.60938, 15.47656, 8.96875, 16], "texture": "#0"},
				"east": {"uv": [6.60938, 15.47656, 8.96875, 16], "texture": "#0"},
				"south": {"uv": [6.60938, 15.47656, 8.96875, 16], "texture": "#0"},
				"west": {"uv": [6.60938, 15.47656, 8.96875, 16], "texture": "#0"},
				"up": {"uv": [6.60938, 15.47656, 8.96875, 16], "rotation": 180, "texture": "#0"},
				"down": {"uv": [6.60938, 15.47656, 8.96875, 16], "rotation": 180, "texture": "#0"}
			}
		},
		{
			"from": [7.58593, 16, 2.75431],
			"to": [7.98593, 16.25, 3.05431],
			"rotation": {"angle": 22.5, "axis": "y", "origin": [7.9, 16.025, 4.26833]},
			"faces": {
				"north": {"uv": [6.60938, 15.47656, 8.96875, 16], "texture": "#0"},
				"east": {"uv": [6.60938, 15.47656, 8.96875, 16], "texture": "#0"},
				"south": {"uv": [6.60938, 15.47656, 8.96875, 16], "texture": "#0"},
				"west": {"uv": [6.60938, 15.47656, 8.96875, 16], "texture": "#0"},
				"up": {"uv": [6.60938, 15.47656, 8.96875, 16], "rotation": 180, "texture": "#0"},
				"down": {"uv": [6.60938, 15.47656, 8.96875, 16], "rotation": 180, "texture": "#0"}
			}
		},
		{
			"from": [7.4, 16, 2.83667],
			"to": [8.4, 16.25, 3.13667],
			"rotation": {"angle": 0, "axis": "y", "origin": [7.9, 16.025, 4.26833]},
			"faces": {
				"north": {"uv": [6.60938, 15.47656, 8.96875, 16], "texture": "#0"},
				"east": {"uv": [6.60938, 15.47656, 8.96875, 16], "texture": "#0"},
				"south": {"uv": [6.60938, 15.47656, 8.96875, 16], "texture": "#0"},
				"west": {"uv": [6.60938, 15.47656, 8.96875, 16], "texture": "#0"},
				"up": {"uv": [6.60938, 15.47656, 8.96875, 16], "rotation": 180, "texture": "#0"},
				"down": {"uv": [6.60938, 15.47656, 8.96875, 16], "rotation": 180, "texture": "#0"}
			}
		},
		{
			"from": [7.81406, 16, 2.75431],
			"to": [8.21406, 16.25, 3.05431],
			"rotation": {"angle": -22.5, "axis": "y", "origin": [7.9, 16.025, 4.26833]},
			"faces": {
				"north": {"uv": [6.60938, 15.47656, 8.96875, 16], "texture": "#0"},
				"east": {"uv": [6.60938, 15.47656, 8.96875, 16], "texture": "#0"},
				"south": {"uv": [6.60938, 15.47656, 8.96875, 16], "texture": "#0"},
				"west": {"uv": [6.60938, 15.47656, 8.96875, 16], "texture": "#0"},
				"up": {"uv": [6.60938, 15.47656, 8.96875, 16], "rotation": 180, "texture": "#0"},
				"down": {"uv": [6.60938, 15.47656, 8.96875, 16], "rotation": 180, "texture": "#0"}
			}
		},
		{
			"from": [9.11897, 16, 3.9791],
			"to": [9.41897, 16.25, 4.5791],
			"rotation": {"angle": 45, "axis": "y", "origin": [7.9, 16.025, 4.26833]},
			"faces": {
				"north": {"uv": [6.60938, 15.47656, 8.96875, 16], "texture": "#0"},
				"east": {"uv": [6.60938, 15.47656, 8.96875, 16], "texture": "#0"},
				"south": {"uv": [6.60938, 15.47656, 8.96875, 16], "texture": "#0"},
				"west": {"uv": [6.60938, 15.47656, 8.96875, 16], "texture": "#0"},
				"up": {"uv": [6.60938, 15.47656, 8.96875, 16], "rotation": 270, "texture": "#0"},
				"down": {"uv": [6.60938, 15.47656, 8.96875, 16], "rotation": 90, "texture": "#0"}
			}
		},
		{
			"from": [9.12227, 16, 3.97416],
			"to": [9.42227, 16.25, 4.57416],
			"rotation": {"angle": 22.5, "axis": "y", "origin": [7.9, 16.025, 4.26833]},
			"faces": {
				"north": {"uv": [6.60938, 15.47656, 8.96875, 16], "texture": "#0"},
				"east": {"uv": [6.60938, 15.47656, 8.96875, 16], "texture": "#0"},
				"south": {"uv": [6.60938, 15.47656, 8.96875, 16], "texture": "#0"},
				"west": {"uv": [6.60938, 15.47656, 8.96875, 16], "texture": "#0"},
				"up": {"uv": [6.60938, 15.47656, 8.96875, 16], "rotation": 270, "texture": "#0"},
				"down": {"uv": [6.60938, 15.47656, 8.96875, 16], "rotation": 90, "texture": "#0"}
			}
		}
	]
}