{
	"credit": "Made with Blockbench",
	"textures": {
		"2": "block/door/acacia_door_tx",
		"3": "block/door/hinges_and_lock_acacia_door",
		"4": "block/door/metal",
		"particle": "block/door/metal"
	},
	"elements": [
		{
			"from": [0.215, -0.75, 0.135],
			"to": [0.215, 0.75, 0.635],
			"rotation": {"angle": 0, "axis": "y", "origin": [0.45, 5.5, 0.635]},
			"faces": {
				"north": {"uv": [0, 0, 0.5, 0], "rotation": 90, "texture": "#3"},
				"east": {"uv": [3.104, 2.304, 12.756, 6.184], "rotation": 90, "texture": "#3"},
				"south": {"uv": [0, 0, 0.5, 0], "rotation": 90, "texture": "#3"},
				"west": {"uv": [0, 0, 0.5, 1], "rotation": 270, "texture": "#3"},
				"up": {"uv": [0, 0, 0, 1], "texture": "#3"},
				"down": {"uv": [2.56, 0, 12.224, 1], "rotation": 180, "texture": "#3"}
			}
		},
		{
			"from": [0.235, -0.75, 0.135],
			"to": [0.235, 0.75, 0.635],
			"rotation": {"angle": 0, "axis": "y", "origin": [0.45, 5.5, 0.635]},
			"faces": {
				"north": {"uv": [0, 0, 0.5, 0], "rotation": 90, "texture": "#3"},
				"east": {"uv": [3.104, 2.304, 12.756, 6.184], "rotation": 90, "texture": "#3"},
				"south": {"uv": [0, 0, 0.5, 0], "rotation": 90, "texture": "#3"},
				"west": {"uv": [0, 0, 0.5, 1], "rotation": 270, "texture": "#3"},
				"up": {"uv": [0, 0, 0, 1], "texture": "#3"},
				"down": {"uv": [2.56, 0, 12.224, 1], "rotation": 180, "texture": "#3"}
			}
		},
		{
			"from": [0.255, -0.75, 0.135],
			"to": [0.255, 0.75, 0.635],
			"rotation": {"angle": 0, "axis": "y", "origin": [0.45, 5.5, 0.635]},
			"faces": {
				"north": {"uv": [0, 0, 0.5, 0], "rotation": 90, "texture": "#3"},
				"east": {"uv": [3.104, 2.304, 12.756, 6.184], "rotation": 90, "texture": "#3"},
				"south": {"uv": [0, 0, 0.5, 0], "rotation": 90, "texture": "#3"},
				"west": {"uv": [0, 0, 0.5, 1], "rotation": 270, "texture": "#3"},
				"up": {"uv": [0, 0, 0, 1], "texture": "#3"},
				"down": {"uv": [2.56, 0, 12.224, 1], "rotation": 180, "texture": "#3"}
			}
		},
		{
			"from": [0.38889, -0.75, 0.47034],
			"to": [0.38889, 0.75, 0.77034],
			"rotation": {"angle": 45, "axis": "y", "origin": [0.45, 5.5, 0.635]},
			"faces": {
				"north": {"uv": [0, 0, 0.5, 0], "rotation": 90, "texture": "#3"},
				"east": {"uv": [13.752, 6.348, 15.2, 16], "rotation": 180, "texture": "#3"},
				"south": {"uv": [0, 0, 0.5, 0], "rotation": 90, "texture": "#3"},
				"west": {"uv": [13.716, 6.212, 15.232, 16], "rotation": 180, "texture": "#3"},
				"up": {"uv": [0, 0, 0, 1], "texture": "#3"},
				"down": {"uv": [3.648, 0, 13.312, 1], "rotation": 180, "texture": "#3"}
			}
		},
		{
			"from": [0.40889, -0.75, 0.47034],
			"to": [0.40889, 0.75, 0.77034],
			"rotation": {"angle": 45, "axis": "y", "origin": [0.45, 5.5, 0.635]},
			"faces": {
				"north": {"uv": [0, 0, 0.5, 0], "rotation": 90, "texture": "#3"},
				"east": {"uv": [13.752, 6.348, 15.2, 16], "rotation": 180, "texture": "#3"},
				"south": {"uv": [0, 0, 0.5, 0], "rotation": 90, "texture": "#3"},
				"west": {"uv": [0, 0, 0.5, 1], "rotation": 270, "texture": "#3"},
				"up": {"uv": [0, 0, 0, 1], "texture": "#3"},
				"down": {"uv": [3.648, 0, 13.312, 1], "rotation": 180, "texture": "#3"}
			}
		},
		{
			"from": [0.42889, -0.75, 0.47034],
			"to": [0.42889, 0.75, 0.77034],
			"rotation": {"angle": 45, "axis": "y", "origin": [0.45, 5.5, 0.635]},
			"faces": {
				"north": {"uv": [0, 0, 0.5, 0], "rotation": 90, "texture": "#3"},
				"east": {"uv": [13.752, 6.348, 15.2, 16], "rotation": 180, "texture": "#3"},
				"south": {"uv": [0, 0, 0.5, 0], "rotation": 90, "texture": "#3"},
				"west": {"uv": [0, 0, 0.5, 1], "rotation": 270, "texture": "#3"},
				"up": {"uv": [0, 0, 0, 1], "texture": "#3"},
				"down": {"uv": [3.648, 0, 13.312, 1], "rotation": 180, "texture": "#3"}
			}
		},
		{
			"from": [0.44889, -0.75, 0.47034],
			"to": [0.44889, 0.75, 0.77034],
			"rotation": {"angle": 45, "axis": "y", "origin": [0.45, 5.5, 0.635]},
			"faces": {
				"north": {"uv": [0, 0, 0.5, 0], "rotation": 90, "texture": "#3"},
				"east": {"uv": [13.752, 6.348, 15.2, 16], "rotation": 180, "texture": "#3"},
				"south": {"uv": [0, 0, 0.5, 0], "rotation": 90, "texture": "#3"},
				"west": {"uv": [0, 0, 0.5, 1], "rotation": 270, "texture": "#3"},
				"up": {"uv": [0, 0, 0, 1], "texture": "#3"},
				"down": {"uv": [3.648, 0, 13.312, 1], "rotation": 180, "texture": "#3"}
			}
		},
		{
			"from": [0.38889, 10.25, 0.47034],
			"to": [0.38889, 11.75, 0.77034],
			"rotation": {"angle": 45, "axis": "y", "origin": [0.45, 5.5, 0.635]},
			"faces": {
				"north": {"uv": [0, 0, 0.5, 0], "rotation": 90, "texture": "#3"},
				"east": {"uv": [13.752, 6.348, 15.2, 16], "rotation": 180, "texture": "#3"},
				"south": {"uv": [0, 0, 0.5, 0], "rotation": 90, "texture": "#3"},
				"west": {"uv": [13.716, 6.212, 15.232, 16], "rotation": 180, "texture": "#3"},
				"up": {"uv": [0, 0, 0, 1], "texture": "#3"},
				"down": {"uv": [3.648, 0, 13.312, 1], "rotation": 180, "texture": "#3"}
			}
		},
		{
			"from": [0.40889, 10.25, 0.47034],
			"to": [0.40889, 11.75, 0.77034],
			"rotation": {"angle": 45, "axis": "y", "origin": [0.45, 5.5, 0.635]},
			"faces": {
				"north": {"uv": [0, 0, 0.5, 0], "rotation": 90, "texture": "#3"},
				"east": {"uv": [13.752, 6.348, 15.2, 16], "rotation": 180, "texture": "#3"},
				"south": {"uv": [0, 0, 0.5, 0], "rotation": 90, "texture": "#3"},
				"west": {"uv": [0, 0, 0.5, 1], "rotation": 270, "texture": "#3"},
				"up": {"uv": [0, 0, 0, 1], "texture": "#3"},
				"down": {"uv": [3.648, 0, 13.312, 1], "rotation": 180, "texture": "#3"}
			}
		},
		{
			"from": [0.42889, 10.25, 0.47034],
			"to": [0.42889, 11.75, 0.77034],
			"rotation": {"angle": 45, "axis": "y", "origin": [0.45, 5.5, 0.635]},
			"faces": {
				"north": {"uv": [0, 0, 0.5, 0], "rotation": 90, "texture": "#3"},
				"east": {"uv": [13.752, 6.348, 15.2, 16], "rotation": 180, "texture": "#3"},
				"south": {"uv": [0, 0, 0.5, 0], "rotation": 90, "texture": "#3"},
				"west": {"uv": [0, 0, 0.5, 1], "rotation": 270, "texture": "#3"},
				"up": {"uv": [0, 0, 0, 1], "texture": "#3"},
				"down": {"uv": [3.648, 0, 13.312, 1], "rotation": 180, "texture": "#3"}
			}
		},
		{
			"from": [0.44889, 10.25, 0.47034],
			"to": [0.44889, 11.75, 0.77034],
			"rotation": {"angle": 45, "axis": "y", "origin": [0.45, 5.5, 0.635]},
			"faces": {
				"north": {"uv": [0, 0, 0.5, 0], "rotation": 90, "texture": "#3"},
				"east": {"uv": [13.752, 6.348, 15.2, 16], "rotation": 180, "texture": "#3"},
				"south": {"uv": [0, 0, 0.5, 0], "rotation": 90, "texture": "#3"},
				"west": {"uv": [0, 0, 0.5, 1], "rotation": 270, "texture": "#3"},
				"up": {"uv": [0, 0, 0, 1], "texture": "#3"},
				"down": {"uv": [3.648, 0, 13.312, 1], "rotation": 180, "texture": "#3"}
			}
		},
		{
			"from": [0.195, -0.75, 0.135],
			"to": [0.195, 0.75, 0.635],
			"rotation": {"angle": 0, "axis": "y", "origin": [0.45, 5.5, 0.635]},
			"faces": {
				"north": {"uv": [0, 0, 0.5, 0], "rotation": 90, "texture": "#3"},
				"east": {"uv": [3.104, 2.304, 12.756, 6.184], "rotation": 90, "texture": "#3"},
				"south": {"uv": [0, 0, 0.5, 0], "rotation": 90, "texture": "#3"},
				"west": {"uv": [0, 0, 0.5, 1], "rotation": 270, "texture": "#3"},
				"up": {"uv": [0, 0, 0, 1], "texture": "#3"},
				"down": {"uv": [2.56, 0, 12.224, 1], "rotation": 180, "texture": "#3"}
			}
		},
		{
			"from": [0.215, 10.25, 0.135],
			"to": [0.215, 11.75, 0.635],
			"rotation": {"angle": 0, "axis": "y", "origin": [0.45, 5.5, 0.635]},
			"faces": {
				"north": {"uv": [0, 0, 0.5, 0], "rotation": 90, "texture": "#3"},
				"east": {"uv": [3.104, 2.304, 12.756, 6.184], "rotation": 90, "texture": "#3"},
				"south": {"uv": [0, 0, 0.5, 0], "rotation": 90, "texture": "#3"},
				"west": {"uv": [0, 0, 0.5, 1], "rotation": 270, "texture": "#3"},
				"up": {"uv": [0, 0, 0, 1], "texture": "#3"},
				"down": {"uv": [2.56, 0, 12.224, 1], "rotation": 180, "texture": "#3"}
			}
		},
		{
			"from": [0.195, 10.25, 0.135],
			"to": [0.195, 11.75, 0.635],
			"rotation": {"angle": 0, "axis": "y", "origin": [0.45, 5.5, 0.635]},
			"faces": {
				"north": {"uv": [0, 0, 0.5, 0], "rotation": 90, "texture": "#3"},
				"east": {"uv": [3.104, 2.304, 12.756, 6.184], "rotation": 90, "texture": "#3"},
				"south": {"uv": [0, 0, 0.5, 0], "rotation": 90, "texture": "#3"},
				"west": {"uv": [0, 0, 0.5, 1], "rotation": 270, "texture": "#3"},
				"up": {"uv": [0, 0, 0, 1], "texture": "#3"},
				"down": {"uv": [2.56, 0, 12.224, 1], "rotation": 180, "texture": "#3"}
			}
		},
		{
			"from": [0.235, 10.25, 0.135],
			"to": [0.235, 11.75, 0.635],
			"rotation": {"angle": 0, "axis": "y", "origin": [0.45, 5.5, 0.635]},
			"faces": {
				"north": {"uv": [0, 0, 0.5, 0], "rotation": 90, "texture": "#3"},
				"east": {"uv": [3.104, 2.304, 12.756, 6.184], "rotation": 90, "texture": "#3"},
				"south": {"uv": [0, 0, 0.5, 0], "rotation": 90, "texture": "#3"},
				"west": {"uv": [0, 0, 0.5, 1], "rotation": 270, "texture": "#3"},
				"up": {"uv": [0, 0, 0, 1], "texture": "#3"},
				"down": {"uv": [2.56, 0, 12.224, 1], "rotation": 180, "texture": "#3"}
			}
		},
		{
			"from": [0.255, 10.25, 0.135],
			"to": [0.255, 11.75, 0.635],
			"rotation": {"angle": 0, "axis": "y", "origin": [0.45, 5.5, 0.635]},
			"faces": {
				"north": {"uv": [0, 0, 0.5, 0], "rotation": 90, "texture": "#3"},
				"east": {"uv": [3.104, 2.304, 12.756, 6.184], "rotation": 90, "texture": "#3"},
				"south": {"uv": [0, 0, 0.5, 0], "rotation": 90, "texture": "#3"},
				"west": {"uv": [0, 0, 0.5, 1], "rotation": 270, "texture": "#3"},
				"up": {"uv": [0, 0, 0, 1], "texture": "#3"},
				"down": {"uv": [2.56, 0, 12.224, 1], "rotation": 180, "texture": "#3"}
			}
		},
		{
			"from": [0.405, 10.25, 0.885],
			"to": [1.005, 11.75, 0.885],
			"rotation": {"angle": 0, "axis": "y", "origin": [0.45, 5.5, 0.635]},
			"faces": {
				"north": {"uv": [3.104, 2.304, 12.756, 6.184], "rotation": 270, "texture": "#3"},
				"east": {"uv": [0, 0, 0.5, 0], "rotation": 270, "texture": "#3"},
				"south": {"uv": [0, 0, 0.5, 1], "rotation": 90, "texture": "#3"},
				"west": {"uv": [0, 0, 0.5, 0], "rotation": 270, "texture": "#3"},
				"up": {"uv": [2.56, 0, 12.224, 1], "rotation": 90, "texture": "#3"},
				"down": {"uv": [0, 0, 0, 1], "rotation": 90, "texture": "#3"}
			}
		},
		{
			"from": [0.405, 10.25, 0.865],
			"to": [1.005, 11.75, 0.865],
			"rotation": {"angle": 0, "axis": "y", "origin": [0.45, 5.5, 0.635]},
			"faces": {
				"north": {"uv": [3.104, 2.304, 12.756, 6.184], "rotation": 270, "texture": "#3"},
				"east": {"uv": [0, 0, 0.5, 0], "rotation": 270, "texture": "#3"},
				"south": {"uv": [0, 0, 0.5, 1], "rotation": 90, "texture": "#3"},
				"west": {"uv": [0, 0, 0.5, 0], "rotation": 270, "texture": "#3"},
				"up": {"uv": [2.56, 0, 12.224, 1], "rotation": 90, "texture": "#3"},
				"down": {"uv": [0, 0, 0, 1], "rotation": 90, "texture": "#3"}
			}
		},
		{
			"from": [0.405, 10.25, 0.845],
			"to": [1.005, 11.75, 0.845],
			"rotation": {"angle": 0, "axis": "y", "origin": [0.45, 5.5, 0.635]},
			"faces": {
				"north": {"uv": [3.104, 2.304, 12.756, 6.184], "rotation": 270, "texture": "#3"},
				"east": {"uv": [0, 0, 0.5, 0], "rotation": 270, "texture": "#3"},
				"south": {"uv": [0, 0, 0.5, 1], "rotation": 90, "texture": "#3"},
				"west": {"uv": [0, 0, 0.5, 0], "rotation": 270, "texture": "#3"},
				"up": {"uv": [2.56, 0, 12.224, 1], "rotation": 90, "texture": "#3"},
				"down": {"uv": [0, 0, 0, 1], "rotation": 90, "texture": "#3"}
			}
		},
		{
			"from": [0.405, -0.75, 0.885],
			"to": [1.005, 0.75, 0.885],
			"rotation": {"angle": 0, "axis": "y", "origin": [0.45, 5.5, 0.635]},
			"faces": {
				"north": {"uv": [3.104, 2.304, 12.756, 6.184], "rotation": 270, "texture": "#3"},
				"east": {"uv": [0, 0, 0.5, 0], "rotation": 270, "texture": "#3"},
				"south": {"uv": [0, 0, 0.5, 1], "rotation": 90, "texture": "#3"},
				"west": {"uv": [0, 0, 0.5, 0], "rotation": 270, "texture": "#3"},
				"up": {"uv": [2.56, 0, 12.224, 1], "rotation": 90, "texture": "#3"},
				"down": {"uv": [0, 0, 0, 1], "rotation": 90, "texture": "#3"}
			}
		},
		{
			"from": [0.405, 10.25, 0.805],
			"to": [1.005, 11.75, 0.805],
			"rotation": {"angle": 0, "axis": "y", "origin": [0.45, 5.5, 0.635]},
			"faces": {
				"north": {"uv": [3.104, 2.304, 12.756, 6.184], "rotation": 270, "texture": "#3"},
				"east": {"uv": [0, 0, 0.5, 0], "rotation": 270, "texture": "#3"},
				"south": {"uv": [0, 0, 0.5, 1], "rotation": 90, "texture": "#3"},
				"west": {"uv": [0, 0, 0.5, 0], "rotation": 270, "texture": "#3"},
				"up": {"uv": [2.56, 0, 12.224, 1], "rotation": 90, "texture": "#3"},
				"down": {"uv": [0, 0, 0, 1], "rotation": 90, "texture": "#3"}
			}
		},
		{
			"from": [0.405, 10.25, 0.825],
			"to": [1.005, 11.75, 0.825],
			"rotation": {"angle": 0, "axis": "y", "origin": [0.45, 5.5, 0.635]},
			"faces": {
				"north": {"uv": [3.104, 2.304, 12.756, 6.184], "rotation": 270, "texture": "#3"},
				"east": {"uv": [0, 0, 0.5, 0], "rotation": 270, "texture": "#3"},
				"south": {"uv": [0, 0, 0.5, 1], "rotation": 90, "texture": "#3"},
				"west": {"uv": [0, 0, 0.5, 0], "rotation": 270, "texture": "#3"},
				"up": {"uv": [2.56, 0, 12.224, 1], "rotation": 90, "texture": "#3"},
				"down": {"uv": [0, 0, 0, 1], "rotation": 90, "texture": "#3"}
			}
		},
		{
			"from": [-2.075, 15.775, -0.8],
			"to": [18.01875, 17.925, 0.70625],
			"rotation": {"angle": 0, "axis": "y", "origin": [10.33374, 5.62453, 15.00172]},
			"faces": {
				"north": {"uv": [0, 2.15, 15.46094, 0], "texture": "#2"},
				"east": {"uv": [0, 2.15, 1.10625, 0], "rotation": 180, "texture": "#2"},
				"south": {"uv": [0, 2.15, 15.41406, 0], "texture": "#2"},
				"west": {"uv": [0, 2.15, 1.10625, 0], "texture": "#2"},
				"up": {"uv": [1.10625, 0, 0, 16], "rotation": 90, "texture": "#2"},
				"down": {"uv": [1.10625, 0, 0, 16], "rotation": 90, "texture": "#2"}
			}
		},
		{
			"from": [15.79375, 0, -0.8],
			"to": [18.01875, 15.78, 0.70625],
			"rotation": {"angle": 0, "axis": "y", "origin": [10.33374, 5.62453, 15.00172]},
			"faces": {
				"north": {"uv": [0, 0.22, 2.225, 16], "texture": "#2"},
				"east": {"uv": [0, 0, 1.10625, 15.78], "texture": "#2"},
				"south": {"uv": [0, 0, 2.225, 15.78], "texture": "#2"},
				"west": {"uv": [0, 0, 1.10625, 15.78], "texture": "#2"},
				"up": {"uv": [2.10625, 3.175, 1, 0.95], "rotation": 90, "texture": "#2"},
				"down": {"uv": [1, 2.225, 2.10625, 0], "rotation": 270, "texture": "#2"}
			}
		},
		{
			"from": [-2.075, 0.125, -0.8],
			"to": [0.19688, 15.775, 0.70625],
			"rotation": {"angle": 0, "axis": "y", "origin": [10.33374, 5.62453, 15.00172]},
			"faces": {
				"north": {"uv": [0, 0, 2.27188, 15.65], "texture": "#2"},
				"east": {"uv": [0, 0, 1.10625, 15.65], "texture": "#2"},
				"south": {"uv": [0, 0, 2.27188, 15.65], "texture": "#2"},
				"west": {"uv": [0, 0, 1.10625, 15.65], "texture": "#2"},
				"up": {"uv": [5.89375, 0.95, 7, 3.22188], "rotation": 90, "texture": "#2"},
				"down": {"uv": [0, 0, 1.10625, 2.27188], "rotation": 270, "texture": "#2"}
			}
		},
		{
			"from": [0, 0, -0.95],
			"to": [0.20625, 16.175, -0.8],
			"rotation": {"angle": 0, "axis": "y", "origin": [5.65376, 5.62453, 15.00172]},
			"faces": {
				"north": {"uv": [8.48125, 0, 8.375, 15.875], "texture": "#2"},
				"east": {"uv": [12.172, 0, 10.422, 16], "texture": "#2"},
				"south": {"uv": [0.89844, 3.1875, 0, 16], "texture": "#2"},
				"west": {"uv": [6.313, 0.063, 4.563, 16], "texture": "#2"},
				"up": {"uv": [3.2, 0, 0, 16], "texture": "#2"},
				"down": {"uv": [3.2, 0, 0, 16], "texture": "#2"}
			}
		},
		{
			"from": [-0.0125, 16.175, -0.95],
			"to": [16.00313, 16.50625, -0.8],
			"rotation": {"angle": 0, "axis": "y", "origin": [10.33374, 5.62453, 15.00172]},
			"faces": {
				"north": {"uv": [0, 0, 0.23125, 16], "rotation": 270, "texture": "#2"},
				"east": {"uv": [0, 1.75, 0.23125, 0], "rotation": 270, "texture": "#2"},
				"south": {"uv": [0.89844, 3.1875, 0, 16], "rotation": 90, "texture": "#2"},
				"west": {"uv": [0, 1.75, 0.23125, 0], "rotation": 270, "texture": "#2"},
				"up": {"uv": [6.125, 0, 7.275, 16], "rotation": 270, "texture": "#2"},
				"down": {"uv": [1.75, 0, 0, 16], "rotation": 90, "texture": "#2"}
			}
		},
		{
			"from": [15.79375, 0.25, -0.95],
			"to": [16, 16.175, -0.8],
			"rotation": {"angle": 0, "axis": "y", "origin": [10.34624, 5.62453, 15.00172]},
			"faces": {
				"north": {"uv": [8.375, 0, 8.48125, 15.875], "texture": "#2"},
				"east": {"uv": [4.563, 0.063, 6.313, 16], "texture": "#2"},
				"south": {"uv": [0, 3.1875, 0.89844, 15.925], "texture": "#2"},
				"west": {"uv": [0, 0.125, 1.15, 16.05], "texture": "#2"},
				"up": {"uv": [0, 0, 3.2, 16], "texture": "#2"},
				"down": {"uv": [0, 0, 3.2, 16], "texture": "#2"}
			}
		},
		{
			"from": [0.405, -0.75, 0.865],
			"to": [1.005, 0.75, 0.865],
			"rotation": {"angle": 0, "axis": "y", "origin": [0.45, 5.5, 0.635]},
			"faces": {
				"north": {"uv": [3.104, 2.304, 12.756, 6.184], "rotation": 270, "texture": "#3"},
				"east": {"uv": [0, 0, 0.5, 0], "rotation": 270, "texture": "#3"},
				"south": {"uv": [0, 0, 0.5, 1], "rotation": 90, "texture": "#3"},
				"west": {"uv": [0, 0, 0.5, 0], "rotation": 270, "texture": "#3"},
				"up": {"uv": [2.56, 0, 12.224, 1], "rotation": 90, "texture": "#3"},
				"down": {"uv": [0, 0, 0, 1], "rotation": 90, "texture": "#3"}
			}
		},
		{
			"from": [0.405, -0.75, 0.845],
			"to": [1.005, 0.75, 0.845],
			"rotation": {"angle": 0, "axis": "y", "origin": [0.45, 5.5, 0.635]},
			"faces": {
				"north": {"uv": [3.104, 2.304, 12.756, 6.184], "rotation": 270, "texture": "#3"},
				"east": {"uv": [0, 0, 0.5, 0], "rotation": 270, "texture": "#3"},
				"south": {"uv": [0, 0, 0.5, 1], "rotation": 90, "texture": "#3"},
				"west": {"uv": [0, 0, 0.5, 0], "rotation": 270, "texture": "#3"},
				"up": {"uv": [2.56, 0, 12.224, 1], "rotation": 90, "texture": "#3"},
				"down": {"uv": [0, 0, 0, 1], "rotation": 90, "texture": "#3"}
			}
		},
		{
			"from": [0.405, -0.75, 0.825],
			"to": [1.005, 0.75, 0.825],
			"rotation": {"angle": 0, "axis": "y", "origin": [0.45, 5.5, 0.635]},
			"faces": {
				"north": {"uv": [3.104, 2.304, 12.756, 6.184], "rotation": 270, "texture": "#3"},
				"east": {"uv": [0, 0, 0.5, 0], "rotation": 270, "texture": "#3"},
				"south": {"uv": [0, 0, 0.5, 1], "rotation": 90, "texture": "#3"},
				"west": {"uv": [0, 0, 0.5, 0], "rotation": 270, "texture": "#3"},
				"up": {"uv": [2.56, 0, 12.224, 1], "rotation": 90, "texture": "#3"},
				"down": {"uv": [0, 0, 0, 1], "rotation": 90, "texture": "#3"}
			}
		},
		{
			"from": [0.405, -0.75, 0.805],
			"to": [1.005, 0.75, 0.805],
			"rotation": {"angle": 0, "axis": "y", "origin": [0.45, 5.5, 0.635]},
			"faces": {
				"north": {"uv": [3.104, 2.304, 12.756, 6.184], "rotation": 270, "texture": "#3"},
				"east": {"uv": [0, 0, 0.5, 0], "rotation": 270, "texture": "#3"},
				"south": {"uv": [0, 0, 0.5, 1], "rotation": 90, "texture": "#3"},
				"west": {"uv": [0, 0, 0.5, 0], "rotation": 270, "texture": "#3"},
				"up": {"uv": [2.56, 0, 12.224, 1], "rotation": 90, "texture": "#3"},
				"down": {"uv": [0, 0, 0, 1], "rotation": 90, "texture": "#3"}
			}
		},
		{
			"from": [0.4, -1, 17.025],
			"to": [0.9, 1, 17.025],
			"rotation": {"angle": 0, "axis": "y", "origin": [0.65, 3.14375, 6.3275]},
			"faces": {
				"north": {"uv": [7.776, 7.616, 10.356, 15.984], "texture": "#3"},
				"east": {"uv": [7.776, 7.616, 9.888, 15.984], "texture": "#3"},
				"south": {"uv": [7.776, 7.616, 10.356, 15.984], "texture": "#3"},
				"west": {"uv": [7.776, 7.616, 9.888, 15.984], "texture": "#3"},
				"up": {"uv": [7.776, 7.616, 10.356, 13.984], "rotation": 180, "texture": "#3"},
				"down": {"uv": [7.776, 7.616, 10.356, 13.984], "rotation": 180, "texture": "#3"}
			}
		},
		{
			"from": [0.4, -1, 17.005],
			"to": [0.9, 1, 17.005],
			"rotation": {"angle": 0, "axis": "y", "origin": [0.65, 3.14375, 6.3275]},
			"faces": {
				"north": {"uv": [7.776, 7.616, 10.356, 15.984], "texture": "#3"},
				"east": {"uv": [7.776, 7.616, 9.888, 15.984], "texture": "#3"},
				"south": {"uv": [7.776, 7.616, 10.356, 15.984], "texture": "#3"},
				"west": {"uv": [7.776, 7.616, 9.888, 15.984], "texture": "#3"},
				"up": {"uv": [7.776, 7.616, 10.356, 13.984], "rotation": 180, "texture": "#3"},
				"down": {"uv": [7.776, 7.616, 10.356, 13.984], "rotation": 180, "texture": "#3"}
			}
		},
		{
			"from": [0.4, -1, 16.985],
			"to": [0.9, 1, 16.985],
			"rotation": {"angle": 0, "axis": "y", "origin": [0.65, 3.14375, 6.3275]},
			"faces": {
				"north": {"uv": [7.776, 7.616, 10.356, 15.984], "texture": "#3"},
				"east": {"uv": [7.776, 7.616, 9.888, 15.984], "texture": "#3"},
				"south": {"uv": [7.776, 7.616, 10.356, 15.984], "texture": "#3"},
				"west": {"uv": [7.776, 7.616, 9.888, 15.984], "texture": "#3"},
				"up": {"uv": [7.776, 7.616, 10.356, 13.984], "rotation": 180, "texture": "#3"},
				"down": {"uv": [7.776, 7.616, 10.356, 13.984], "rotation": 180, "texture": "#3"}
			}
		},
		{
			"from": [1.06, 0, 15.45501],
			"to": [1.06, 1, 16.455],
			"rotation": {"angle": 0, "axis": "y", "origin": [0.65, 3.14375, 6.3275]},
			"faces": {
				"north": {"uv": [0, 0, 0, 1], "texture": "#3"},
				"east": {"uv": [0.48, 10.464, 5.128, 15.496], "texture": "#3"},
				"south": {"uv": [0, 0, 0, 1], "texture": "#3"},
				"west": {"uv": [0.384, 10.432, 5.128, 15.464], "texture": "#3"},
				"up": {"uv": [0, 0, 0, 1], "rotation": 180, "texture": "#3"},
				"down": {"uv": [0, 0, 0, 1], "rotation": 180, "texture": "#3"}
			}
		},
		{
			"from": [1.04, 0, 15.45501],
			"to": [1.04, 1, 16.455],
			"rotation": {"angle": 0, "axis": "y", "origin": [0.65, 3.14375, 6.3275]},
			"faces": {
				"north": {"uv": [0, 0, 0, 1], "texture": "#3"},
				"east": {"uv": [0.48, 10.464, 5.128, 15.496], "texture": "#3"},
				"south": {"uv": [0, 0, 0, 1], "texture": "#3"},
				"west": {"uv": [0.384, 10.432, 5.128, 15.464], "texture": "#3"},
				"up": {"uv": [0, 0, 0, 1], "rotation": 180, "texture": "#3"},
				"down": {"uv": [0, 0, 0, 1], "rotation": 180, "texture": "#3"}
			}
		},
		{
			"from": [1.02, 0, 15.45501],
			"to": [1.02, 1, 16.455],
			"rotation": {"angle": 0, "axis": "y", "origin": [0.65, 3.14375, 6.3275]},
			"faces": {
				"north": {"uv": [0, 0, 0, 1], "texture": "#3"},
				"east": {"uv": [0.48, 10.464, 5.128, 15.496], "texture": "#3"},
				"south": {"uv": [0, 0, 0, 1], "texture": "#3"},
				"west": {"uv": [0.384, 10.432, 5.128, 15.464], "texture": "#3"},
				"up": {"uv": [0, 0, 0, 1], "rotation": 180, "texture": "#3"},
				"down": {"uv": [0, 0, 0, 1], "rotation": 180, "texture": "#3"}
			}
		},
		{
			"from": [1, 0, 15.45501],
			"to": [1, 1, 16.455],
			"rotation": {"angle": 0, "axis": "y", "origin": [0.65, 3.14375, 6.3275]},
			"faces": {
				"north": {"uv": [0, 0, 0, 1], "texture": "#3"},
				"east": {"uv": [0.48, 10.464, 5.128, 15.496], "texture": "#3"},
				"south": {"uv": [0, 0, 0, 1], "texture": "#3"},
				"west": {"uv": [0.384, 10.432, 5.128, 15.464], "texture": "#3"},
				"up": {"uv": [0, 0, 0, 1], "rotation": 180, "texture": "#3"},
				"down": {"uv": [0, 0, 0, 1], "rotation": 180, "texture": "#3"}
			}
		},
		{
			"from": [0.22, 0, 15.45501],
			"to": [0.22, 1, 16.455],
			"rotation": {"angle": 0, "axis": "y", "origin": [0.65, 3.14375, 6.3275]},
			"faces": {
				"north": {"uv": [0, 0, 0, 1], "texture": "#3"},
				"east": {"uv": [0, 0, 1, 1], "texture": "#3"},
				"south": {"uv": [0, 0, 0, 1], "texture": "#3"},
				"west": {"uv": [0.384, 10.432, 5.128, 15.464], "texture": "#3"},
				"up": {"uv": [0, 0, 0, 1], "rotation": 180, "texture": "#3"},
				"down": {"uv": [0, 0, 0, 1], "rotation": 180, "texture": "#3"}
			}
		},
		{
			"from": [0.24, 0, 15.45501],
			"to": [0.24, 1, 16.455],
			"rotation": {"angle": 0, "axis": "y", "origin": [0.65, 3.14375, 6.3275]},
			"faces": {
				"north": {"uv": [0, 0, 0, 1], "texture": "#3"},
				"east": {"uv": [0, 0, 1, 1], "texture": "#3"},
				"south": {"uv": [0, 0, 0, 1], "texture": "#3"},
				"west": {"uv": [0.384, 10.432, 5.128, 15.464], "texture": "#3"},
				"up": {"uv": [0, 0, 0, 1], "rotation": 180, "texture": "#3"},
				"down": {"uv": [0, 0, 0, 1], "rotation": 180, "texture": "#3"}
			}
		},
		{
			"from": [0.26, 0, 15.45501],
			"to": [0.26, 1, 16.455],
			"rotation": {"angle": 0, "axis": "y", "origin": [0.65, 3.14375, 6.3275]},
			"faces": {
				"north": {"uv": [0, 0, 0, 1], "texture": "#3"},
				"east": {"uv": [0, 0, 1, 1], "texture": "#3"},
				"south": {"uv": [0, 0, 0, 1], "texture": "#3"},
				"west": {"uv": [0.384, 10.432, 5.128, 15.464], "texture": "#3"},
				"up": {"uv": [0, 0, 0, 1], "rotation": 180, "texture": "#3"},
				"down": {"uv": [0, 0, 0, 1], "rotation": 180, "texture": "#3"}
			}
		},
		{
			"from": [0.28, 0, 15.45501],
			"to": [0.28, 1, 16.455],
			"rotation": {"angle": 0, "axis": "y", "origin": [0.65, 3.14375, 6.3275]},
			"faces": {
				"north": {"uv": [0, 0, 0, 1], "texture": "#3"},
				"east": {"uv": [0, 0, 1, 1], "texture": "#3"},
				"south": {"uv": [0, 0, 0, 1], "texture": "#3"},
				"west": {"uv": [0.384, 10.432, 5.128, 15.464], "texture": "#3"},
				"up": {"uv": [0, 0, 0, 1], "rotation": 180, "texture": "#3"},
				"down": {"uv": [0, 0, 0, 1], "rotation": 180, "texture": "#3"}
			}
		},
		{
			"from": [0.3, 0, 15.45501],
			"to": [0.3, 1, 16.455],
			"rotation": {"angle": 0, "axis": "y", "origin": [0.65, 3.14375, 6.3275]},
			"faces": {
				"north": {"uv": [0, 0, 0, 1], "texture": "#3"},
				"east": {"uv": [0, 0, 1, 1], "texture": "#3"},
				"south": {"uv": [0, 0, 0, 1], "texture": "#3"},
				"west": {"uv": [0.384, 10.432, 5.128, 15.464], "texture": "#3"},
				"up": {"uv": [0, 0, 0, 1], "rotation": 180, "texture": "#3"},
				"down": {"uv": [0, 0, 0, 1], "rotation": 180, "texture": "#3"}
			}
		},
		{
			"from": [0.9, 8, 14.55501],
			"to": [2, 8.3, 15.15501],
			"rotation": {"angle": 0, "axis": "y", "origin": [0.65, 3.14375, 6.3275]},
			"faces": {
				"north": {"uv": [0, 0, 1.1, 0.3], "texture": "#4"},
				"east": {"uv": [0, 0, 0.6, 0.3], "texture": "#4"},
				"south": {"uv": [0, 0, 1.1, 0.3], "texture": "#4"},
				"west": {"uv": [0, 0, 0.6, 0.3], "texture": "#4"},
				"up": {"uv": [0, 0, 1.1, 0.6], "rotation": 180, "texture": "#4"},
				"down": {"uv": [0, 0, 1.1, 0.6], "rotation": 180, "texture": "#4"}
			}
		},
		{
			"from": [1.6, -8.3, 14.55501],
			"to": [2, 8, 15.15501],
			"rotation": {"angle": 0, "axis": "y", "origin": [0.65, 3.14375, 6.3275]},
			"faces": {
				"north": {"uv": [0, 0, 0.4, 16], "texture": "#4"},
				"east": {"uv": [0, 0, 0.6, 16], "texture": "#4"},
				"south": {"uv": [0, 0, 0.4, 16], "texture": "#4"},
				"west": {"uv": [0, 0, 0.6, 16], "texture": "#4"},
				"up": {"uv": [0, 0, 0.4, 0.6], "rotation": 180, "texture": "#4"},
				"down": {"uv": [0, 0, 0.4, 0.6], "rotation": 180, "texture": "#4"}
			}
		},
		{
			"from": [-0.7, 8, 14.55501],
			"to": [0.4, 8.3, 15.15501],
			"rotation": {"angle": 0, "axis": "y", "origin": [0.65, 3.14375, 6.3275]},
			"faces": {
				"north": {"uv": [0, 0, 1.1, 0.3], "texture": "#4"},
				"east": {"uv": [0, 0, 0.6, 0.3], "texture": "#4"},
				"south": {"uv": [0, 0, 1.1, 0.3], "texture": "#4"},
				"west": {"uv": [0, 0, 0.6, 0.3], "texture": "#4"},
				"up": {"uv": [0, 0, 1.1, 0.6], "rotation": 180, "texture": "#4"},
				"down": {"uv": [0, 0, 1.1, 0.6], "rotation": 180, "texture": "#4"}
			}
		},
		{
			"from": [-0.7, -8.3, 14.55501],
			"to": [-0.3, 8, 15.15501],
			"rotation": {"angle": 0, "axis": "y", "origin": [0.65, 3.14375, 6.3275]},
			"faces": {
				"north": {"uv": [0, 0, 0.4, 16], "texture": "#4"},
				"east": {"uv": [0, 0, 0.6, 16], "texture": "#4"},
				"south": {"uv": [0, 0, 0.4, 16], "texture": "#4"},
				"west": {"uv": [0, 0, 0.6, 16], "texture": "#4"},
				"up": {"uv": [0, 0, 0.4, 0.6], "rotation": 180, "texture": "#4"},
				"down": {"uv": [0, 0, 0.4, 0.6], "rotation": 180, "texture": "#4"}
			}
		},
		{
			"from": [0.45625, 0, 3.49562],
			"to": [0.85625, 15.975, 3.86437],
			"rotation": {"angle": 0, "axis": "y", "origin": [0.65, 3.14375, 6.3275]},
			"faces": {
				"north": {"uv": [0, 0, 15.975, 0.4], "rotation": 90, "texture": "#4"},
				"east": {"uv": [0, 0, 15.975, 0.36875], "rotation": 90, "texture": "#4"},
				"south": {"uv": [0, 0, 15.975, 0.4], "rotation": 90, "texture": "#4"},
				"west": {"uv": [0, 0, 15.975, 0.36875], "rotation": 90, "texture": "#4"},
				"up": {"uv": [0, 0, 0.36875, 0.4], "rotation": 270, "texture": "#4"},
				"down": {"uv": [0, 0, 0.36875, 0.4], "rotation": 270, "texture": "#4"}
			}
		},
		{
			"from": [0.35625, 0, 0.89562],
			"to": [0.95625, 15.975, 3.56437],
			"rotation": {"angle": 0, "axis": "y", "origin": [0.65, 3.14375, 6.3275]},
			"faces": {
				"north": {"uv": [14.76719, 0, 15.36719, 15.975], "texture": "#2"},
				"east": {"uv": [15.41406, 0, 12.74531, 15.975], "texture": "#2"},
				"south": {"uv": [15.32813, 0.025, 14.72812, 16], "texture": "#2"},
				"west": {"uv": [15.41406, 0, 12.74531, 15.975], "texture": "#2"},
				"up": {"uv": [15.32813, 0, 12.65938, 0.6], "rotation": 270, "texture": "#2"},
				"down": {"uv": [16, 15, 13.33125, 15.6], "rotation": 90, "texture": "#2"}
			}
		},
		{
			"from": [0.45625, 0, 13.99563],
			"to": [0.85625, 15.975, 14.46438],
			"rotation": {"angle": 0, "axis": "y", "origin": [0.65, 3.14375, 6.3275]},
			"faces": {
				"north": {"uv": [0, 0, 15.975, 0.4], "rotation": 90, "texture": "#4"},
				"east": {"uv": [0, 0, 15.975, 0.46875], "rotation": 90, "texture": "#4"},
				"south": {"uv": [0, 0, 15.975, 0.4], "rotation": 90, "texture": "#4"},
				"west": {"uv": [0, 0, 15.975, 0.46875], "rotation": 90, "texture": "#4"},
				"up": {"uv": [0, 0, 0.46875, 0.4], "rotation": 270, "texture": "#4"},
				"down": {"uv": [0, 0, 0.46875, 0.4], "rotation": 270, "texture": "#4"}
			}
		},
		{
			"from": [0.55625, 8.1, 3.49562],
			"to": [0.75625, 10.675, 14.36438],
			"rotation": {"angle": 0, "axis": "y", "origin": [0.65, 3.14375, 6.3275]},
			"faces": {
				"north": {"uv": [-3.57031, 3.1875, -3.37031, 5.7625], "texture": "#2"},
				"east": {"uv": [10.86875, 0, 0, 2.575], "texture": "#2"},
				"south": {"uv": [-1.06875, 0, -1.26875, 2.575], "texture": "#2"},
				"west": {"uv": [10.86875, 0, 0, 2.575], "texture": "#2"},
				"up": {"uv": [10.86875, 0, 0, 0.2], "rotation": 270, "texture": "#2"},
				"down": {"uv": [10.86875, 0, 0, 0.2], "rotation": 90, "texture": "#2"}
			}
		},
		{
			"from": [0.55625, 10.8, 3.49562],
			"to": [0.75625, 13.375, 14.36438],
			"rotation": {"angle": 0, "axis": "y", "origin": [0.65, 3.14375, 6.3275]},
			"faces": {
				"north": {"uv": [-3.57031, 3.9875, -3.37031, 6.5625], "texture": "#2"},
				"east": {"uv": [10.86875, 0, 0, 2.575], "texture": "#2"},
				"south": {"uv": [-1.06875, 0.8, -1.26875, 3.375], "texture": "#2"},
				"west": {"uv": [10.86875, 0, 0, 2.575], "texture": "#2"},
				"up": {"uv": [10.86875, 0, 0, 0.2], "rotation": 270, "texture": "#2"},
				"down": {"uv": [10.86875, 0, 0, 0.2], "rotation": 90, "texture": "#2"}
			}
		},
		{
			"from": [0.55625, 5.4, 3.49562],
			"to": [0.75625, 7.975, 14.36438],
			"rotation": {"angle": 0, "axis": "y", "origin": [0.65, 3.14375, 6.3275]},
			"faces": {
				"north": {"uv": [0.89844, 3.1875, 1.09844, 5.7625], "texture": "#2"},
				"east": {"uv": [10.86875, 0, 0, 2.575], "texture": "#2"},
				"south": {"uv": [3.4, 0, 3.2, 2.575], "texture": "#2"},
				"west": {"uv": [10.86875, 0, 0, 2.575], "texture": "#2"},
				"up": {"uv": [10.86875, 0, 0, 0.2], "rotation": 270, "texture": "#2"},
				"down": {"uv": [10.86875, 0, 0, 0.2], "rotation": 90, "texture": "#2"}
			}
		},
		{
			"from": [0.55625, 2.7, 3.49562],
			"to": [0.75625, 5.275, 14.36438],
			"rotation": {"angle": 0, "axis": "y", "origin": [0.65, 3.14375, 6.3275]},
			"faces": {
				"north": {"uv": [-3.57031, 3.1875, -3.37031, 5.7625], "texture": "#2"},
				"east": {"uv": [10.86875, 0, 0, 2.575], "texture": "#2"},
				"south": {"uv": [-1.06875, 0, -1.26875, 2.575], "texture": "#2"},
				"west": {"uv": [10.86875, 0, 0, 2.575], "texture": "#2"},
				"up": {"uv": [10.86875, 0, 0, 0.2], "rotation": 270, "texture": "#2"},
				"down": {"uv": [10.86875, 0, 0, 0.2], "rotation": 90, "texture": "#2"}
			}
		},
		{
			"from": [0.55625, 0, 3.49562],
			"to": [0.75625, 2.575, 14.36438],
			"rotation": {"angle": 0, "axis": "y", "origin": [0.65, 3.14375, 6.3275]},
			"faces": {
				"north": {"uv": [0.89844, 3.1875, 1.09844, 5.7625], "texture": "#2"},
				"east": {"uv": [10.86875, 0, 0, 2.575], "texture": "#2"},
				"south": {"uv": [3.4, 0, 3.2, 2.575], "texture": "#2"},
				"west": {"uv": [10.86875, 0, 0, 2.575], "texture": "#2"},
				"up": {"uv": [10.86875, 0.04688, 0, 0.24688], "rotation": 270, "texture": "#2"},
				"down": {"uv": [10.86875, 0, 0, 0.2], "rotation": 90, "texture": "#2"}
			}
		},
		{
			"from": [0.35625, 0, 14.29563],
			"to": [0.95625, 15.975, 16.96437],
			"rotation": {"angle": 0, "axis": "y", "origin": [0.65, 3.14375, 6.3275]},
			"faces": {
				"north": {"uv": [0, 0, 0.6, 15.975], "texture": "#2"},
				"east": {"uv": [2.66875, 0, 0, 15.975], "texture": "#2"},
				"south": {"uv": [0.6, 0, 0, 15.975], "texture": "#2"},
				"west": {"uv": [2.66875, 0, 0, 15.975], "texture": "#2"},
				"up": {"uv": [2.66875, 15.26719, 0, 15.86719], "rotation": 270, "texture": "#2"},
				"down": {"uv": [2.66875, 15.4, 0, 16], "rotation": 90, "texture": "#2"}
			}
		},
		{
			"from": [0.55625, 13.5, 3.49562],
			"to": [0.75625, 15.975, 14.36438],
			"rotation": {"angle": 0, "axis": "y", "origin": [0.65, 3.14375, 6.3275]},
			"faces": {
				"north": {"uv": [-3.57031, 3.1875, -3.37031, 5.6625], "texture": "#2"},
				"east": {"uv": [10.86875, 0, 0, 2.475], "texture": "#2"},
				"south": {"uv": [-1.06875, 0, -1.26875, 2.475], "texture": "#2"},
				"west": {"uv": [0, 2.475, 10.86875, 0], "texture": "#2"},
				"up": {"uv": [5.33125, 0, 5.13125, 10.86875], "rotation": 180, "texture": "#2"},
				"down": {"uv": [5.28438, 0.89063, 5.08438, 11.75938], "rotation": 180, "texture": "#2"}
			}
		},
		{
			"from": [0.9, -8.6, 14.55501],
			"to": [2, -8.3, 15.15501],
			"rotation": {"angle": 0, "axis": "y", "origin": [0.65, 3.14375, 6.3275]},
			"faces": {
				"north": {"uv": [0, 0, 1.1, 0.3], "texture": "#4"},
				"east": {"uv": [0, 0, 0.6, 0.3], "texture": "#4"},
				"south": {"uv": [0, 0, 1.1, 0.3], "texture": "#4"},
				"west": {"uv": [0, 0, 0.6, 0.3], "texture": "#4"},
				"up": {"uv": [0, 0, 1.1, 0.6], "rotation": 180, "texture": "#4"},
				"down": {"uv": [0, 0, 1.1, 0.6], "rotation": 180, "texture": "#4"}
			}
		},
		{
			"from": [-0.7, -8.6, 14.55501],
			"to": [0.4, -8.3, 15.15501],
			"rotation": {"angle": 0, "axis": "y", "origin": [0.65, 3.14375, 6.3275]},
			"faces": {
				"north": {"uv": [0, 0, 1.1, 0.3], "texture": "#4"},
				"east": {"uv": [0, 0, 0.6, 0.3], "texture": "#4"},
				"south": {"uv": [0, 0, 1.1, 0.3], "texture": "#4"},
				"west": {"uv": [0, 0, 0.6, 0.3], "texture": "#4"},
				"up": {"uv": [0, 0, 1.1, 0.6], "rotation": 180, "texture": "#4"},
				"down": {"uv": [0, 0, 1.1, 0.6], "rotation": 180, "texture": "#4"}
			}
		}
	],
	"groups": [
		{
			"name": "group",
			"origin": [0, 0, 0],
			"color": 0,
			"children": [
				0,
				1,
				2,
				3,
				4,
				5,
				6,
				7,
				8,
				9,
				10,
				11,
				12,
				13,
				14,
				15,
				16,
				17,
				18,
				19,
				20,
				21,
				{
					"name": "group",
					"origin": [10.34624, 5.62453, 15.00172],
					"color": 0,
					"children": []
				},
				{
					"name": "group",
					"origin": [10.34624, 5.62453, 15.00172],
					"color": 0,
					"children": [22, 23, 24, 25, 26, 27]
				},
				28,
				29,
				30,
				31,
				{
					"name": "group",
					"origin": [0, 0, 0],
					"color": 0,
					"children": [32, 33, 34, 35, 36, 37, 38, 39, 40, 41, 42, 43, 44, 45, 46, 47, 48, 49, 50, 51, 52, 53, 54, 55, 56, 57, 58, 59]
				}
			]
		}
	]
}