{
	"credit": "Made with Blockbench",
	"textures": {
		"2": "block/door/acacia_door_tx",
		"3": "block/door/hinges_and_lock_acacia_door",
		"4": "block/door/metal",
		"particle": "block/door/metal"
	},
	"elements": [
		{
			"from": [0.45, -0.75, 15.1],
			"to": [0.95, 0.75, 15.1],
			"rotation": {"angle": 0, "axis": "z", "origin": [0.55, 0.5, 15.3]},
			"faces": {
				"north": {"uv": [0, 0, 0.5, 1], "rotation": 270, "texture": "#3"},
				"east": {"uv": [0, 0, 0.5, 0], "rotation": 90, "texture": "#3"},
				"south": {"uv": [3.104, 2.304, 12.756, 6.184], "rotation": 90, "texture": "#3"},
				"west": {"uv": [0, 0, 0.5, 0], "rotation": 90, "texture": "#3"},
				"up": {"uv": [0, 0, 0, 1], "rotation": 90, "texture": "#3"},
				"down": {"uv": [2.56, 0, 12.224, 1], "rotation": 90, "texture": "#3"}
			}
		},
		{
			"from": [0.45, -0.75, 15.12],
			"to": [0.95, 0.75, 15.12],
			"rotation": {"angle": 0, "axis": "z", "origin": [0.55, 0.5, 15.3]},
			"faces": {
				"north": {"uv": [0, 0, 0.5, 1], "rotation": 270, "texture": "#3"},
				"east": {"uv": [0, 0, 0.5, 0], "rotation": 90, "texture": "#3"},
				"south": {"uv": [3.104, 2.304, 12.756, 6.184], "rotation": 90, "texture": "#3"},
				"west": {"uv": [0, 0, 0.5, 0], "rotation": 90, "texture": "#3"},
				"up": {"uv": [0, 0, 0, 1], "rotation": 90, "texture": "#3"},
				"down": {"uv": [2.56, 0, 12.224, 1], "rotation": 90, "texture": "#3"}
			}
		},
		{
			"from": [0.45, -0.75, 15.14],
			"to": [0.95, 0.75, 15.14],
			"rotation": {"angle": 0, "axis": "z", "origin": [0.55, 0.5, 15.3]},
			"faces": {
				"north": {"uv": [0, 0, 0.5, 1], "rotation": 270, "texture": "#3"},
				"east": {"uv": [0, 0, 0.5, 0], "rotation": 90, "texture": "#3"},
				"south": {"uv": [3.104, 2.304, 12.756, 6.184], "rotation": 90, "texture": "#3"},
				"west": {"uv": [0, 0, 0.5, 0], "rotation": 90, "texture": "#3"},
				"up": {"uv": [0, 0, 0, 1], "rotation": 90, "texture": "#3"},
				"down": {"uv": [2.56, 0, 12.224, 1], "rotation": 90, "texture": "#3"}
			}
		},
		{
			"from": [0.25, -0.75, 15.04],
			"to": [0.55, 0.75, 15.04],
			"rotation": {"angle": 45, "axis": "y", "origin": [0.7, 0, 15.14]},
			"faces": {
				"north": {"uv": [13.716, 6.212, 15.232, 16], "rotation": 180, "texture": "#3"},
				"east": {"uv": [0, 0, 0.5, 0], "rotation": 90, "texture": "#3"},
				"south": {"uv": [13.752, 6.348, 15.2, 16], "rotation": 180, "texture": "#3"},
				"west": {"uv": [0, 0, 0.5, 0], "rotation": 90, "texture": "#3"},
				"up": {"uv": [0, 0, 0, 1], "rotation": 90, "texture": "#3"},
				"down": {"uv": [3.648, 0, 13.312, 1], "rotation": 90, "texture": "#3"}
			}
		},
		{
			"from": [0.25, -0.75, 15.06],
			"to": [0.55, 0.75, 15.06],
			"rotation": {"angle": 45, "axis": "y", "origin": [0.7, 0, 15.14]},
			"faces": {
				"north": {"uv": [0, 0, 0.5, 1], "rotation": 270, "texture": "#3"},
				"east": {"uv": [0, 0, 0.5, 0], "rotation": 90, "texture": "#3"},
				"south": {"uv": [13.752, 6.348, 15.2, 16], "rotation": 180, "texture": "#3"},
				"west": {"uv": [0, 0, 0.5, 0], "rotation": 90, "texture": "#3"},
				"up": {"uv": [0, 0, 0, 1], "rotation": 90, "texture": "#3"},
				"down": {"uv": [3.648, 0, 13.312, 1], "rotation": 90, "texture": "#3"}
			}
		},
		{
			"from": [0.25, -0.75, 15.08],
			"to": [0.55, 0.75, 15.08],
			"rotation": {"angle": 45, "axis": "y", "origin": [0.7, 0, 15.14]},
			"faces": {
				"north": {"uv": [0, 0, 0.5, 1], "rotation": 270, "texture": "#3"},
				"east": {"uv": [0, 0, 0.5, 0], "rotation": 90, "texture": "#3"},
				"south": {"uv": [13.752, 6.348, 15.2, 16], "rotation": 180, "texture": "#3"},
				"west": {"uv": [0, 0, 0.5, 0], "rotation": 90, "texture": "#3"},
				"up": {"uv": [0, 0, 0, 1], "rotation": 90, "texture": "#3"},
				"down": {"uv": [3.648, 0, 13.312, 1], "rotation": 90, "texture": "#3"}
			}
		},
		{
			"from": [0.25, -0.75, 15.1],
			"to": [0.55, 0.75, 15.1],
			"rotation": {"angle": 45, "axis": "y", "origin": [0.7, 0, 15.14]},
			"faces": {
				"north": {"uv": [0, 0, 0.5, 1], "rotation": 270, "texture": "#3"},
				"east": {"uv": [0, 0, 0.5, 0], "rotation": 90, "texture": "#3"},
				"south": {"uv": [13.752, 6.348, 15.2, 16], "rotation": 180, "texture": "#3"},
				"west": {"uv": [0, 0, 0.5, 0], "rotation": 90, "texture": "#3"},
				"up": {"uv": [0, 0, 0, 1], "rotation": 90, "texture": "#3"},
				"down": {"uv": [3.648, 0, 13.312, 1], "rotation": 90, "texture": "#3"}
			}
		},
		{
			"from": [0.25, 10.25, 15.04],
			"to": [0.55, 11.75, 15.04],
			"rotation": {"angle": 45, "axis": "y", "origin": [0.7, 0, 15.14]},
			"faces": {
				"north": {"uv": [13.716, 6.212, 15.232, 16], "rotation": 180, "texture": "#3"},
				"east": {"uv": [0, 0, 0.5, 0], "rotation": 90, "texture": "#3"},
				"south": {"uv": [13.752, 6.348, 15.2, 16], "rotation": 180, "texture": "#3"},
				"west": {"uv": [0, 0, 0.5, 0], "rotation": 90, "texture": "#3"},
				"up": {"uv": [0, 0, 0, 1], "rotation": 90, "texture": "#3"},
				"down": {"uv": [3.648, 0, 13.312, 1], "rotation": 90, "texture": "#3"}
			}
		},
		{
			"from": [0.25, 10.25, 15.06],
			"to": [0.55, 11.75, 15.06],
			"rotation": {"angle": 45, "axis": "y", "origin": [0.7, 0, 15.14]},
			"faces": {
				"north": {"uv": [0, 0, 0.5, 1], "rotation": 270, "texture": "#3"},
				"east": {"uv": [0, 0, 0.5, 0], "rotation": 90, "texture": "#3"},
				"south": {"uv": [13.752, 6.348, 15.2, 16], "rotation": 180, "texture": "#3"},
				"west": {"uv": [0, 0, 0.5, 0], "rotation": 90, "texture": "#3"},
				"up": {"uv": [0, 0, 0, 1], "rotation": 90, "texture": "#3"},
				"down": {"uv": [3.648, 0, 13.312, 1], "rotation": 90, "texture": "#3"}
			}
		},
		{
			"from": [0.25, 10.25, 15.08],
			"to": [0.55, 11.75, 15.08],
			"rotation": {"angle": 45, "axis": "y", "origin": [0.7, 0, 15.14]},
			"faces": {
				"north": {"uv": [0, 0, 0.5, 1], "rotation": 270, "texture": "#3"},
				"east": {"uv": [0, 0, 0.5, 0], "rotation": 90, "texture": "#3"},
				"south": {"uv": [13.752, 6.348, 15.2, 16], "rotation": 180, "texture": "#3"},
				"west": {"uv": [0, 0, 0.5, 0], "rotation": 90, "texture": "#3"},
				"up": {"uv": [0, 0, 0, 1], "rotation": 90, "texture": "#3"},
				"down": {"uv": [3.648, 0, 13.312, 1], "rotation": 90, "texture": "#3"}
			}
		},
		{
			"from": [0.25, 10.25, 15.1],
			"to": [0.55, 11.75, 15.1],
			"rotation": {"angle": 45, "axis": "y", "origin": [0.7, 0, 15.14]},
			"faces": {
				"north": {"uv": [0, 0, 0.5, 1], "rotation": 270, "texture": "#3"},
				"east": {"uv": [0, 0, 0.5, 0], "rotation": 90, "texture": "#3"},
				"south": {"uv": [13.752, 6.348, 15.2, 16], "rotation": 180, "texture": "#3"},
				"west": {"uv": [0, 0, 0.5, 0], "rotation": 90, "texture": "#3"},
				"up": {"uv": [0, 0, 0, 1], "rotation": 90, "texture": "#3"},
				"down": {"uv": [3.648, 0, 13.312, 1], "rotation": 90, "texture": "#3"}
			}
		},
		{
			"from": [0.45, -0.75, 15.08],
			"to": [0.95, 0.75, 15.08],
			"rotation": {"angle": 0, "axis": "z", "origin": [0.55, 0.5, 15.3]},
			"faces": {
				"north": {"uv": [0, 0, 0.5, 1], "rotation": 270, "texture": "#3"},
				"east": {"uv": [0, 0, 0.5, 0], "rotation": 90, "texture": "#3"},
				"south": {"uv": [3.104, 2.304, 12.756, 6.184], "rotation": 90, "texture": "#3"},
				"west": {"uv": [0, 0, 0.5, 0], "rotation": 90, "texture": "#3"},
				"up": {"uv": [0, 0, 0, 1], "rotation": 90, "texture": "#3"},
				"down": {"uv": [2.56, 0, 12.224, 1], "rotation": 90, "texture": "#3"}
			}
		},
		{
			"from": [0.45, 10.25, 15.1],
			"to": [0.95, 11.75, 15.1],
			"rotation": {"angle": 0, "axis": "z", "origin": [0.55, 0.5, 15.3]},
			"faces": {
				"north": {"uv": [0, 0, 0.5, 1], "rotation": 270, "texture": "#3"},
				"east": {"uv": [0, 0, 0.5, 0], "rotation": 90, "texture": "#3"},
				"south": {"uv": [3.104, 2.304, 12.756, 6.184], "rotation": 90, "texture": "#3"},
				"west": {"uv": [0, 0, 0.5, 0], "rotation": 90, "texture": "#3"},
				"up": {"uv": [0, 0, 0, 1], "rotation": 90, "texture": "#3"},
				"down": {"uv": [2.56, 0, 12.224, 1], "rotation": 90, "texture": "#3"}
			}
		},
		{
			"from": [0.45, 10.25, 15.08],
			"to": [0.95, 11.75, 15.08],
			"rotation": {"angle": 0, "axis": "z", "origin": [0.55, 0.5, 15.3]},
			"faces": {
				"north": {"uv": [0, 0, 0.5, 1], "rotation": 270, "texture": "#3"},
				"east": {"uv": [0, 0, 0.5, 0], "rotation": 90, "texture": "#3"},
				"south": {"uv": [3.104, 2.304, 12.756, 6.184], "rotation": 90, "texture": "#3"},
				"west": {"uv": [0, 0, 0.5, 0], "rotation": 90, "texture": "#3"},
				"up": {"uv": [0, 0, 0, 1], "rotation": 90, "texture": "#3"},
				"down": {"uv": [2.56, 0, 12.224, 1], "rotation": 90, "texture": "#3"}
			}
		},
		{
			"from": [0.45, 10.25, 15.12],
			"to": [0.95, 11.75, 15.12],
			"rotation": {"angle": 0, "axis": "z", "origin": [0.55, 0.5, 15.3]},
			"faces": {
				"north": {"uv": [0, 0, 0.5, 1], "rotation": 270, "texture": "#3"},
				"east": {"uv": [0, 0, 0.5, 0], "rotation": 90, "texture": "#3"},
				"south": {"uv": [3.104, 2.304, 12.756, 6.184], "rotation": 90, "texture": "#3"},
				"west": {"uv": [0, 0, 0.5, 0], "rotation": 90, "texture": "#3"},
				"up": {"uv": [0, 0, 0, 1], "rotation": 90, "texture": "#3"},
				"down": {"uv": [2.56, 0, 12.224, 1], "rotation": 90, "texture": "#3"}
			}
		},
		{
			"from": [0.45, 10.25, 15.14],
			"to": [0.95, 11.75, 15.14],
			"rotation": {"angle": 0, "axis": "z", "origin": [0.55, 0.5, 15.3]},
			"faces": {
				"north": {"uv": [0, 0, 0.5, 1], "rotation": 270, "texture": "#3"},
				"east": {"uv": [0, 0, 0.5, 0], "rotation": 90, "texture": "#3"},
				"south": {"uv": [3.104, 2.304, 12.756, 6.184], "rotation": 90, "texture": "#3"},
				"west": {"uv": [0, 0, 0.5, 0], "rotation": 90, "texture": "#3"},
				"up": {"uv": [0, 0, 0, 1], "rotation": 90, "texture": "#3"},
				"down": {"uv": [2.56, 0, 12.224, 1], "rotation": 90, "texture": "#3"}
			}
		},
		{
			"from": [0.2, 10.25, 15.29],
			"to": [0.2, 11.75, 15.89],
			"rotation": {"angle": 0, "axis": "x", "origin": [0.2, 11, 15.64]},
			"faces": {
				"north": {"uv": [0, 0, 0.5, 0], "rotation": 270, "texture": "#3"},
				"east": {"uv": [3.104, 2.304, 12.756, 6.184], "rotation": 270, "texture": "#3"},
				"south": {"uv": [0, 0, 0.5, 0], "rotation": 270, "texture": "#3"},
				"west": {"uv": [0, 0, 0.5, 1], "rotation": 90, "texture": "#3"},
				"up": {"uv": [2.56, 0, 12.224, 1], "rotation": 180, "texture": "#3"},
				"down": {"uv": [0, 0, 0, 1], "texture": "#3"}
			}
		},
		{
			"from": [0.22, 10.25, 15.29],
			"to": [0.22, 11.75, 15.89],
			"rotation": {"angle": 0, "axis": "x", "origin": [0.2, 11, 15.64]},
			"faces": {
				"north": {"uv": [0, 0, 0.5, 0], "rotation": 270, "texture": "#3"},
				"east": {"uv": [3.104, 2.304, 12.756, 6.184], "rotation": 270, "texture": "#3"},
				"south": {"uv": [0, 0, 0.5, 0], "rotation": 270, "texture": "#3"},
				"west": {"uv": [0, 0, 0.5, 1], "rotation": 90, "texture": "#3"},
				"up": {"uv": [2.56, 0, 12.224, 1], "rotation": 180, "texture": "#3"},
				"down": {"uv": [0, 0, 0, 1], "texture": "#3"}
			}
		},
		{
			"from": [0.24, 10.25, 15.29],
			"to": [0.24, 11.75, 15.89],
			"rotation": {"angle": 0, "axis": "x", "origin": [0.2, 11, 15.64]},
			"faces": {
				"north": {"uv": [0, 0, 0.5, 0], "rotation": 270, "texture": "#3"},
				"east": {"uv": [3.104, 2.304, 12.756, 6.184], "rotation": 270, "texture": "#3"},
				"south": {"uv": [0, 0, 0.5, 0], "rotation": 270, "texture": "#3"},
				"west": {"uv": [0, 0, 0.5, 1], "rotation": 90, "texture": "#3"},
				"up": {"uv": [2.56, 0, 12.224, 1], "rotation": 180, "texture": "#3"},
				"down": {"uv": [0, 0, 0, 1], "texture": "#3"}
			}
		},
		{
			"from": [0.4, -1, -1.07],
			"to": [0.9, 1, -1.07],
			"faces": {
				"north": {"uv": [7.776, 7.616, 10.356, 15.984], "texture": "#3"},
				"east": {"uv": [7.776, 7.616, 9.888, 15.984], "texture": "#3"},
				"south": {"uv": [7.776, 7.616, 10.356, 15.984], "texture": "#3"},
				"west": {"uv": [7.776, 7.616, 9.888, 15.984], "texture": "#3"},
				"up": {"uv": [7.776, 7.616, 10.356, 13.984], "texture": "#3"},
				"down": {"uv": [7.776, 7.616, 10.356, 13.984], "texture": "#3"}
			}
		},
		{
			"from": [0.4, -1, -1.05],
			"to": [0.9, 1, -1.05],
			"faces": {
				"north": {"uv": [7.776, 7.616, 10.356, 15.984], "texture": "#3"},
				"east": {"uv": [7.776, 7.616, 9.888, 15.984], "texture": "#3"},
				"south": {"uv": [7.776, 7.616, 10.356, 15.984], "texture": "#3"},
				"west": {"uv": [7.776, 7.616, 9.888, 15.984], "texture": "#3"},
				"up": {"uv": [7.776, 7.616, 10.356, 13.984], "texture": "#3"},
				"down": {"uv": [7.776, 7.616, 10.356, 13.984], "texture": "#3"}
			}
		},
		{
			"from": [0.4, -1, -1.03],
			"to": [0.9, 1, -1.03],
			"faces": {
				"north": {"uv": [7.776, 7.616, 10.356, 15.984], "texture": "#3"},
				"east": {"uv": [7.776, 7.616, 9.888, 15.984], "texture": "#3"},
				"south": {"uv": [7.776, 7.616, 10.356, 15.984], "texture": "#3"},
				"west": {"uv": [7.776, 7.616, 9.888, 15.984], "texture": "#3"},
				"up": {"uv": [7.776, 7.616, 10.356, 13.984], "texture": "#3"},
				"down": {"uv": [7.776, 7.616, 10.356, 13.984], "texture": "#3"}
			}
		},
		{
			"from": [0.2, -0.75, 15.29],
			"to": [0.2, 0.75, 15.89],
			"rotation": {"angle": 0, "axis": "x", "origin": [0.2, 11, 15.64]},
			"faces": {
				"north": {"uv": [0, 0, 0.5, 0], "rotation": 270, "texture": "#3"},
				"east": {"uv": [3.104, 2.304, 12.756, 6.184], "rotation": 270, "texture": "#3"},
				"south": {"uv": [0, 0, 0.5, 0], "rotation": 270, "texture": "#3"},
				"west": {"uv": [0, 0, 0.5, 1], "rotation": 90, "texture": "#3"},
				"up": {"uv": [2.56, 0, 12.224, 1], "rotation": 180, "texture": "#3"},
				"down": {"uv": [0, 0, 0, 1], "texture": "#3"}
			}
		},
		{
			"from": [0.28, 10.25, 15.29],
			"to": [0.28, 11.75, 15.89],
			"rotation": {"angle": 0, "axis": "x", "origin": [0.2, 11, 15.64]},
			"faces": {
				"north": {"uv": [0, 0, 0.5, 0], "rotation": 270, "texture": "#3"},
				"east": {"uv": [3.104, 2.304, 12.756, 6.184], "rotation": 270, "texture": "#3"},
				"south": {"uv": [0, 0, 0.5, 0], "rotation": 270, "texture": "#3"},
				"west": {"uv": [0, 0, 0.5, 1], "rotation": 90, "texture": "#3"},
				"up": {"uv": [2.56, 0, 12.224, 1], "rotation": 180, "texture": "#3"},
				"down": {"uv": [0, 0, 0, 1], "texture": "#3"}
			}
		},
		{
			"from": [0.26, 10.25, 15.29],
			"to": [0.26, 11.75, 15.89],
			"rotation": {"angle": 0, "axis": "x", "origin": [0.2, 11, 15.64]},
			"faces": {
				"north": {"uv": [0, 0, 0.5, 0], "rotation": 270, "texture": "#3"},
				"east": {"uv": [3.104, 2.304, 12.756, 6.184], "rotation": 270, "texture": "#3"},
				"south": {"uv": [0, 0, 0.5, 0], "rotation": 270, "texture": "#3"},
				"west": {"uv": [0, 0, 0.5, 1], "rotation": 90, "texture": "#3"},
				"up": {"uv": [2.56, 0, 12.224, 1], "rotation": 180, "texture": "#3"},
				"down": {"uv": [0, 0, 0, 1], "texture": "#3"}
			}
		},
		{
			"from": [0.24, 0, -0.5],
			"to": [0.24, 1, 0.5],
			"faces": {
				"north": {"uv": [0, 0, 0, 1], "texture": "#3"},
				"east": {"uv": [0.384, 10.432, 5.128, 15.464], "texture": "#3"},
				"south": {"uv": [0, 0, 0, 1], "texture": "#3"},
				"west": {"uv": [0.48, 10.464, 5.128, 15.496], "texture": "#3"},
				"up": {"uv": [0, 0, 0, 1], "texture": "#3"},
				"down": {"uv": [0, 0, 0, 1], "texture": "#3"}
			}
		},
		{
			"from": [0.26, 0, -0.5],
			"to": [0.26, 1, 0.5],
			"faces": {
				"north": {"uv": [0, 0, 0, 1], "texture": "#3"},
				"east": {"uv": [0.384, 10.432, 5.128, 15.464], "texture": "#3"},
				"south": {"uv": [0, 0, 0, 1], "texture": "#3"},
				"west": {"uv": [0.48, 10.464, 5.128, 15.496], "texture": "#3"},
				"up": {"uv": [0, 0, 0, 1], "texture": "#3"},
				"down": {"uv": [0, 0, 0, 1], "texture": "#3"}
			}
		},
		{
			"from": [0.28, 0, -0.5],
			"to": [0.28, 1, 0.5],
			"faces": {
				"north": {"uv": [0, 0, 0, 1], "texture": "#3"},
				"east": {"uv": [0.384, 10.432, 5.128, 15.464], "texture": "#3"},
				"south": {"uv": [0, 0, 0, 1], "texture": "#3"},
				"west": {"uv": [0.48, 10.464, 5.128, 15.496], "texture": "#3"},
				"up": {"uv": [0, 0, 0, 1], "texture": "#3"},
				"down": {"uv": [0, 0, 0, 1], "texture": "#3"}
			}
		},
		{
			"from": [0.3, 0, -0.5],
			"to": [0.3, 1, 0.5],
			"faces": {
				"north": {"uv": [0, 0, 0, 1], "texture": "#3"},
				"east": {"uv": [0.384, 10.432, 5.128, 15.464], "texture": "#3"},
				"south": {"uv": [0, 0, 0, 1], "texture": "#3"},
				"west": {"uv": [0.48, 10.464, 5.128, 15.496], "texture": "#3"},
				"up": {"uv": [0, 0, 0, 1], "texture": "#3"},
				"down": {"uv": [0, 0, 0, 1], "texture": "#3"}
			}
		},
		{
			"from": [1.08, 0, -0.5],
			"to": [1.08, 1, 0.5],
			"faces": {
				"north": {"uv": [0, 0, 0, 1], "texture": "#3"},
				"east": {"uv": [0.384, 10.432, 5.128, 15.464], "texture": "#3"},
				"south": {"uv": [0, 0, 0, 1], "texture": "#3"},
				"west": {"uv": [0, 0, 1, 1], "texture": "#3"},
				"up": {"uv": [0, 0, 0, 1], "texture": "#3"},
				"down": {"uv": [0, 0, 0, 1], "texture": "#3"}
			}
		},
		{
			"from": [1.06, 0, -0.5],
			"to": [1.06, 1, 0.5],
			"faces": {
				"north": {"uv": [0, 0, 0, 1], "texture": "#3"},
				"east": {"uv": [0.384, 10.432, 5.128, 15.464], "texture": "#3"},
				"south": {"uv": [0, 0, 0, 1], "texture": "#3"},
				"west": {"uv": [0, 0, 1, 1], "texture": "#3"},
				"up": {"uv": [0, 0, 0, 1], "texture": "#3"},
				"down": {"uv": [0, 0, 0, 1], "texture": "#3"}
			}
		},
		{
			"from": [1.04, 0, -0.5],
			"to": [1.04, 1, 0.5],
			"faces": {
				"north": {"uv": [0, 0, 0, 1], "texture": "#3"},
				"east": {"uv": [0.384, 10.432, 5.128, 15.464], "texture": "#3"},
				"south": {"uv": [0, 0, 0, 1], "texture": "#3"},
				"west": {"uv": [0, 0, 1, 1], "texture": "#3"},
				"up": {"uv": [0, 0, 0, 1], "texture": "#3"},
				"down": {"uv": [0, 0, 0, 1], "texture": "#3"}
			}
		},
		{
			"from": [1.02, 0, -0.5],
			"to": [1.02, 1, 0.5],
			"faces": {
				"north": {"uv": [0, 0, 0, 1], "texture": "#3"},
				"east": {"uv": [0.384, 10.432, 5.128, 15.464], "texture": "#3"},
				"south": {"uv": [0, 0, 0, 1], "texture": "#3"},
				"west": {"uv": [0, 0, 1, 1], "texture": "#3"},
				"up": {"uv": [0, 0, 0, 1], "texture": "#3"},
				"down": {"uv": [0, 0, 0, 1], "texture": "#3"}
			}
		},
		{
			"from": [1, 0, -0.5],
			"to": [1, 1, 0.5],
			"faces": {
				"north": {"uv": [0, 0, 0, 1], "texture": "#3"},
				"east": {"uv": [0.384, 10.432, 5.128, 15.464], "texture": "#3"},
				"south": {"uv": [0, 0, 0, 1], "texture": "#3"},
				"west": {"uv": [0, 0, 1, 1], "texture": "#3"},
				"up": {"uv": [0, 0, 0, 1], "texture": "#3"},
				"down": {"uv": [0, 0, 0, 1], "texture": "#3"}
			}
		},
		{
			"from": [-0.7, 8, 0.8],
			"to": [0.4, 8.3, 1.4],
			"faces": {
				"north": {"uv": [0, 0, 1.1, 0.3], "texture": "#4"},
				"east": {"uv": [0, 0, 0.6, 0.3], "texture": "#4"},
				"south": {"uv": [0, 0, 1.1, 0.3], "texture": "#4"},
				"west": {"uv": [0, 0, 0.6, 0.3], "texture": "#4"},
				"up": {"uv": [0, 0, 1.1, 0.6], "texture": "#4"},
				"down": {"uv": [0, 0, 1.1, 0.6], "texture": "#4"}
			}
		},
		{
			"from": [-0.7, -8.3, 0.8],
			"to": [-0.3, 8, 1.4],
			"faces": {
				"north": {"uv": [0, 0, 0.4, 16], "texture": "#4"},
				"east": {"uv": [0, 0, 0.6, 16], "texture": "#4"},
				"south": {"uv": [0, 0, 0.4, 16], "texture": "#4"},
				"west": {"uv": [0, 0, 0.6, 16], "texture": "#4"},
				"up": {"uv": [0, 0, 0.4, 0.6], "texture": "#4"},
				"down": {"uv": [0, 0, 0.4, 0.6], "texture": "#4"}
			}
		},
		{
			"from": [0.9, 8, 0.8],
			"to": [2, 8.3, 1.4],
			"faces": {
				"north": {"uv": [0, 0, 1.1, 0.3], "texture": "#4"},
				"east": {"uv": [0, 0, 0.6, 0.3], "texture": "#4"},
				"south": {"uv": [0, 0, 1.1, 0.3], "texture": "#4"},
				"west": {"uv": [0, 0, 0.6, 0.3], "texture": "#4"},
				"up": {"uv": [0, 0, 1.1, 0.6], "texture": "#4"},
				"down": {"uv": [0, 0, 1.1, 0.6], "texture": "#4"}
			}
		},
		{
			"from": [1.6, -8.3, 0.8],
			"to": [2, 8, 1.4],
			"faces": {
				"north": {"uv": [0, 0, 0.4, 16], "texture": "#4"},
				"east": {"uv": [0, 0, 0.6, 16], "texture": "#4"},
				"south": {"uv": [0, 0, 0.4, 16], "texture": "#4"},
				"west": {"uv": [0, 0, 0.6, 16], "texture": "#4"},
				"up": {"uv": [0, 0, 0.4, 0.6], "texture": "#4"},
				"down": {"uv": [0, 0, 0.4, 0.6], "texture": "#4"}
			}
		},
		{
			"from": [0.44375, 0, 12.09063],
			"to": [0.84375, 15.975, 12.45938],
			"rotation": {"angle": 0, "axis": "y", "origin": [0.59203, 5.62453, 4.00064]},
			"faces": {
				"north": {"uv": [0, 0, 15.975, 0.4], "rotation": 90, "texture": "#4"},
				"east": {"uv": [0, 0, 15.975, 0.36875], "rotation": 90, "texture": "#4"},
				"south": {"uv": [0, 0, 15.975, 0.4], "rotation": 90, "texture": "#4"},
				"west": {"uv": [0, 0, 15.975, 0.36875], "rotation": 90, "texture": "#4"},
				"up": {"uv": [0, 0, 0.36875, 0.4], "rotation": 90, "texture": "#4"},
				"down": {"uv": [0, 0, 0.36875, 0.4], "rotation": 90, "texture": "#4"}
			}
		},
		{
			"from": [0.34375, 0, 12.39063],
			"to": [0.94375, 15.975, 15.05938],
			"rotation": {"angle": 0, "axis": "y", "origin": [0.59203, 5.62453, 4.00064]},
			"faces": {
				"north": {"uv": [15.32813, 0.025, 14.72812, 16], "texture": "#2"},
				"east": {"uv": [15.41406, 0, 12.74531, 15.975], "texture": "#2"},
				"south": {"uv": [14.76719, 0, 15.36719, 15.975], "texture": "#2"},
				"west": {"uv": [15.41406, 0, 12.74531, 15.975], "texture": "#2"},
				"up": {"uv": [15.32813, 0, 12.65938, 0.6], "rotation": 90, "texture": "#2"},
				"down": {"uv": [16, 15, 13.33125, 15.6], "rotation": 270, "texture": "#2"}
			}
		},
		{
			"from": [0.44375, 0, 1.49063],
			"to": [0.84375, 15.975, 1.95938],
			"rotation": {"angle": 0, "axis": "y", "origin": [0.59203, 5.62453, 4.00064]},
			"faces": {
				"north": {"uv": [0, 0, 15.975, 0.4], "rotation": 90, "texture": "#4"},
				"east": {"uv": [0, 0, 15.975, 0.46875], "rotation": 90, "texture": "#4"},
				"south": {"uv": [0, 0, 15.975, 0.4], "rotation": 90, "texture": "#4"},
				"west": {"uv": [0, 0, 15.975, 0.46875], "rotation": 90, "texture": "#4"},
				"up": {"uv": [0, 0, 0.46875, 0.4], "rotation": 90, "texture": "#4"},
				"down": {"uv": [0, 0, 0.46875, 0.4], "rotation": 90, "texture": "#4"}
			}
		},
		{
			"from": [0.54375, 8.1, 1.59063],
			"to": [0.74375, 10.675, 12.45938],
			"rotation": {"angle": 0, "axis": "y", "origin": [0.59203, 5.62453, 4.00064]},
			"faces": {
				"north": {"uv": [-1.06875, 0, -1.26875, 2.575], "texture": "#2"},
				"east": {"uv": [10.86875, 0, 0, 2.575], "texture": "#2"},
				"south": {"uv": [-3.57031, 3.1875, -3.37031, 5.7625], "texture": "#2"},
				"west": {"uv": [10.86875, 0, 0, 2.575], "texture": "#2"},
				"up": {"uv": [10.86875, 0, 0, 0.2], "rotation": 90, "texture": "#2"},
				"down": {"uv": [10.86875, 0, 0, 0.2], "rotation": 270, "texture": "#2"}
			}
		},
		{
			"from": [0.54375, 10.8, 1.59063],
			"to": [0.74375, 13.375, 12.45938],
			"rotation": {"angle": 0, "axis": "y", "origin": [0.59203, 5.62453, 4.00064]},
			"faces": {
				"north": {"uv": [-1.06875, 0.8, -1.26875, 3.375], "texture": "#2"},
				"east": {"uv": [10.86875, 0, 0, 2.575], "texture": "#2"},
				"south": {"uv": [-3.57031, 3.9875, -3.37031, 6.5625], "texture": "#2"},
				"west": {"uv": [10.86875, 0, 0, 2.575], "texture": "#2"},
				"up": {"uv": [10.86875, 0, 0, 0.2], "rotation": 90, "texture": "#2"},
				"down": {"uv": [10.86875, 0, 0, 0.2], "rotation": 270, "texture": "#2"}
			}
		},
		{
			"from": [0.54375, 13.5, 1.59063],
			"to": [0.74375, 15.975, 12.45938],
			"rotation": {"angle": 0, "axis": "y", "origin": [0.59203, 5.62453, 4.00064]},
			"faces": {
				"north": {"uv": [-1.06875, 0, -1.26875, 2.475], "texture": "#2"},
				"east": {"uv": [0, 2.475, 10.86875, 0], "texture": "#2"},
				"south": {"uv": [-3.57031, 3.1875, -3.37031, 5.6625], "texture": "#2"},
				"west": {"uv": [10.86875, 0, 0, 2.475], "texture": "#2"},
				"up": {"uv": [5.33125, 0, 5.13125, 10.86875], "texture": "#2"},
				"down": {"uv": [5.28438, 0.89063, 5.08438, 11.75938], "texture": "#2"}
			}
		},
		{
			"from": [0.54375, 5.4, 1.59063],
			"to": [0.74375, 7.975, 12.45938],
			"rotation": {"angle": 0, "axis": "y", "origin": [0.59203, 5.62453, 4.00064]},
			"faces": {
				"north": {"uv": [3.4, 0, 3.2, 2.575], "texture": "#2"},
				"east": {"uv": [10.86875, 0, 0, 2.575], "texture": "#2"},
				"south": {"uv": [0.89844, 3.1875, 1.09844, 5.7625], "texture": "#2"},
				"west": {"uv": [10.86875, 0, 0, 2.575], "texture": "#2"},
				"up": {"uv": [10.86875, 0, 0, 0.2], "rotation": 90, "texture": "#2"},
				"down": {"uv": [10.86875, 0, 0, 0.2], "rotation": 270, "texture": "#2"}
			}
		},
		{
			"from": [0.54375, 2.7, 1.59063],
			"to": [0.74375, 5.275, 12.45938],
			"rotation": {"angle": 0, "axis": "y", "origin": [0.59203, 5.62453, 4.00064]},
			"faces": {
				"north": {"uv": [-1.06875, 0, -1.26875, 2.575], "texture": "#2"},
				"east": {"uv": [10.86875, 0, 0, 2.575], "texture": "#2"},
				"south": {"uv": [-3.57031, 3.1875, -3.37031, 5.7625], "texture": "#2"},
				"west": {"uv": [10.86875, 0, 0, 2.575], "texture": "#2"},
				"up": {"uv": [10.86875, 0, 0, 0.2], "rotation": 90, "texture": "#2"},
				"down": {"uv": [10.86875, 0, 0, 0.2], "rotation": 270, "texture": "#2"}
			}
		},
		{
			"from": [0.54375, 0, 1.59063],
			"to": [0.74375, 2.575, 12.45938],
			"rotation": {"angle": 0, "axis": "y", "origin": [0.59203, 5.62453, 4.00064]},
			"faces": {
				"north": {"uv": [3.4, 0, 3.2, 2.575], "texture": "#2"},
				"east": {"uv": [10.86875, 0, 0, 2.575], "texture": "#2"},
				"south": {"uv": [0.89844, 3.1875, 1.09844, 5.7625], "texture": "#2"},
				"west": {"uv": [10.86875, 0, 0, 2.575], "texture": "#2"},
				"up": {"uv": [10.86875, 0.04688, 0, 0.24688], "rotation": 90, "texture": "#2"},
				"down": {"uv": [10.86875, 0, 0, 0.2], "rotation": 270, "texture": "#2"}
			}
		},
		{
			"from": [0.34375, 0, -1.00937],
			"to": [0.94375, 15.975, 1.65938],
			"rotation": {"angle": 0, "axis": "y", "origin": [0.59203, 5.62453, 4.00064]},
			"faces": {
				"north": {"uv": [0.6, 0, 0, 15.975], "texture": "#2"},
				"east": {"uv": [2.66875, 0, 0, 15.975], "texture": "#2"},
				"south": {"uv": [0, 0, 0.6, 15.975], "texture": "#2"},
				"west": {"uv": [2.66875, 0, 0, 15.975], "texture": "#2"},
				"up": {"uv": [2.66875, 15.26719, 0, 15.86719], "rotation": 90, "texture": "#2"},
				"down": {"uv": [2.66875, 15.4, 0, 16], "rotation": 270, "texture": "#2"}
			}
		},
		{
			"from": [-0.0125, 16.175, 16.75],
			"to": [16.00313, 16.50625, 16.9],
			"rotation": {"angle": 0, "axis": "y", "origin": [10.33374, 5.62453, 15.00172]},
			"faces": {
				"north": {"uv": [0, 0, 0.23125, 16], "rotation": 270, "texture": "#2"},
				"east": {"uv": [0, 1.75, 0.23125, 0], "rotation": 270, "texture": "#2"},
				"south": {"uv": [0.89844, 3.1875, 0, 16], "rotation": 90, "texture": "#2"},
				"west": {"uv": [0, 1.75, 0.23125, 0], "rotation": 270, "texture": "#2"},
				"up": {"uv": [6.125, 0, 7.275, 16], "rotation": 270, "texture": "#2"},
				"down": {"uv": [1.75, 0, 0, 16], "rotation": 90, "texture": "#2"}
			}
		},
		{
			"from": [-2.075, 15.775, 15.3],
			"to": [18.01875, 17.925, 16.80625],
			"rotation": {"angle": 0, "axis": "y", "origin": [10.33374, 5.62453, 15.00172]},
			"faces": {
				"north": {"uv": [0, 2.15, 15.46094, 0], "texture": "#2"},
				"east": {"uv": [0, 2.15, 1.10625, 0], "rotation": 180, "texture": "#2"},
				"south": {"uv": [0, 2.15, 15.41406, 0], "texture": "#2"},
				"west": {"uv": [0, 2.15, 1.10625, 0], "texture": "#2"},
				"up": {"uv": [1.10625, 0, 0, 16], "rotation": 90, "texture": "#2"},
				"down": {"uv": [1.10625, 0, 0, 16], "rotation": 90, "texture": "#2"}
			}
		},
		{
			"from": [15.79375, 0, 15.3],
			"to": [18.01875, 15.78, 16.80625],
			"rotation": {"angle": 0, "axis": "y", "origin": [10.33374, 5.62453, 15.00172]},
			"faces": {
				"north": {"uv": [0, 0.22, 2.225, 16], "texture": "#2"},
				"east": {"uv": [0, 0, 1.10625, 15.78], "texture": "#2"},
				"south": {"uv": [0, 0, 2.225, 15.78], "texture": "#2"},
				"west": {"uv": [0, 0, 1.10625, 15.78], "texture": "#2"},
				"up": {"uv": [2.10625, 3.175, 1, 0.95], "rotation": 90, "texture": "#2"},
				"down": {"uv": [1, 2.225, 2.10625, 0], "rotation": 270, "texture": "#2"}
			}
		},
		{
			"from": [-2.075, 0.125, 15.3],
			"to": [0.19688, 15.775, 16.80625],
			"rotation": {"angle": 0, "axis": "y", "origin": [10.33374, 5.62453, 15.00172]},
			"faces": {
				"north": {"uv": [0, 0, 2.27188, 15.65], "texture": "#2"},
				"east": {"uv": [0, 0, 1.10625, 15.65], "texture": "#2"},
				"south": {"uv": [0, 0, 2.27188, 15.65], "texture": "#2"},
				"west": {"uv": [0, 0, 1.10625, 15.65], "texture": "#2"},
				"up": {"uv": [5.89375, 0.95, 7, 3.22188], "rotation": 90, "texture": "#2"},
				"down": {"uv": [0, 0, 1.10625, 2.27188], "rotation": 270, "texture": "#2"}
			}
		},
		{
			"from": [0, 0, 16.75],
			"to": [0.20625, 16.175, 16.9],
			"rotation": {"angle": 0, "axis": "y", "origin": [5.65376, 5.62453, 15.00172]},
			"faces": {
				"north": {"uv": [8.48125, 0, 8.375, 15.875], "texture": "#2"},
				"east": {"uv": [12.172, 0, 10.422, 16], "texture": "#2"},
				"south": {"uv": [0.89844, 3.1875, 0, 16], "texture": "#2"},
				"west": {"uv": [6.313, 0.063, 4.563, 16], "texture": "#2"},
				"up": {"uv": [3.2, 0, 0, 16], "texture": "#2"},
				"down": {"uv": [3.2, 0, 0, 16], "texture": "#2"}
			}
		},
		{
			"from": [15.79375, 0.25, 16.75],
			"to": [16, 16.175, 16.9],
			"rotation": {"angle": 0, "axis": "y", "origin": [10.34624, 5.62453, 15.00172]},
			"faces": {
				"north": {"uv": [8.375, 0, 8.48125, 15.875], "texture": "#2"},
				"east": {"uv": [4.563, 0.063, 6.313, 16], "texture": "#2"},
				"south": {"uv": [0, 3.1875, 0.89844, 15.925], "texture": "#2"},
				"west": {"uv": [0, 0.125, 1.15, 16.05], "texture": "#2"},
				"up": {"uv": [0, 0, 3.2, 16], "texture": "#2"},
				"down": {"uv": [0, 0, 3.2, 16], "texture": "#2"}
			}
		},
		{
			"from": [0.22, -0.75, 15.29],
			"to": [0.22, 0.75, 15.89],
			"rotation": {"angle": 0, "axis": "x", "origin": [0.2, 11, 15.64]},
			"faces": {
				"north": {"uv": [0, 0, 0.5, 0], "rotation": 270, "texture": "#3"},
				"east": {"uv": [3.104, 2.304, 12.756, 6.184], "rotation": 270, "texture": "#3"},
				"south": {"uv": [0, 0, 0.5, 0], "rotation": 270, "texture": "#3"},
				"west": {"uv": [0, 0, 0.5, 1], "rotation": 90, "texture": "#3"},
				"up": {"uv": [2.56, 0, 12.224, 1], "rotation": 180, "texture": "#3"},
				"down": {"uv": [0, 0, 0, 1], "texture": "#3"}
			}
		},
		{
			"from": [0.24, -0.75, 15.29],
			"to": [0.24, 0.75, 15.89],
			"rotation": {"angle": 0, "axis": "x", "origin": [0.2, 11, 15.64]},
			"faces": {
				"north": {"uv": [0, 0, 0.5, 0], "rotation": 270, "texture": "#3"},
				"east": {"uv": [3.104, 2.304, 12.756, 6.184], "rotation": 270, "texture": "#3"},
				"south": {"uv": [0, 0, 0.5, 0], "rotation": 270, "texture": "#3"},
				"west": {"uv": [0, 0, 0.5, 1], "rotation": 90, "texture": "#3"},
				"up": {"uv": [2.56, 0, 12.224, 1], "rotation": 180, "texture": "#3"},
				"down": {"uv": [0, 0, 0, 1], "texture": "#3"}
			}
		},
		{
			"from": [0.26, -0.75, 15.29],
			"to": [0.26, 0.75, 15.89],
			"rotation": {"angle": 0, "axis": "x", "origin": [0.2, 11, 15.64]},
			"faces": {
				"north": {"uv": [0, 0, 0.5, 0], "rotation": 270, "texture": "#3"},
				"east": {"uv": [3.104, 2.304, 12.756, 6.184], "rotation": 270, "texture": "#3"},
				"south": {"uv": [0, 0, 0.5, 0], "rotation": 270, "texture": "#3"},
				"west": {"uv": [0, 0, 0.5, 1], "rotation": 90, "texture": "#3"},
				"up": {"uv": [2.56, 0, 12.224, 1], "rotation": 180, "texture": "#3"},
				"down": {"uv": [0, 0, 0, 1], "texture": "#3"}
			}
		},
		{
			"from": [0.28, -0.75, 15.29],
			"to": [0.28, 0.75, 15.89],
			"rotation": {"angle": 0, "axis": "x", "origin": [0.2, 11, 15.64]},
			"faces": {
				"north": {"uv": [0, 0, 0.5, 0], "rotation": 270, "texture": "#3"},
				"east": {"uv": [3.104, 2.304, 12.756, 6.184], "rotation": 270, "texture": "#3"},
				"south": {"uv": [0, 0, 0.5, 0], "rotation": 270, "texture": "#3"},
				"west": {"uv": [0, 0, 0.5, 1], "rotation": 90, "texture": "#3"},
				"up": {"uv": [2.56, 0, 12.224, 1], "rotation": 180, "texture": "#3"},
				"down": {"uv": [0, 0, 0, 1], "texture": "#3"}
			}
		},
		{
			"from": [0.9, -8.6, 0.8],
			"to": [2, -8.3, 1.4],
			"faces": {
				"north": {"uv": [0, 0, 1.1, 0.3], "texture": "#4"},
				"east": {"uv": [0, 0, 0.6, 0.3], "texture": "#4"},
				"south": {"uv": [0, 0, 1.1, 0.3], "texture": "#4"},
				"west": {"uv": [0, 0, 0.6, 0.3], "texture": "#4"},
				"up": {"uv": [0, 0, 1.1, 0.6], "texture": "#4"},
				"down": {"uv": [0, 0, 1.1, 0.6], "texture": "#4"}
			}
		},
		{
			"from": [-0.7, -8.6, 0.8],
			"to": [0.4, -8.3, 1.4],
			"faces": {
				"north": {"uv": [0, 0, 1.1, 0.3], "texture": "#4"},
				"east": {"uv": [0, 0, 0.6, 0.3], "texture": "#4"},
				"south": {"uv": [0, 0, 1.1, 0.3], "texture": "#4"},
				"west": {"uv": [0, 0, 0.6, 0.3], "texture": "#4"},
				"up": {"uv": [0, 0, 1.1, 0.6], "texture": "#4"},
				"down": {"uv": [0, 0, 1.1, 0.6], "texture": "#4"}
			}
		}
	],
	"groups": [
		{
			"name": "group",
			"origin": [0, 0, 0],
			"color": 0,
			"children": [0, 1, 2, 3, 4, 5, 6, 7, 8, 9, 10, 11, 12, 13, 14, 15, 16, 17, 18, 19, 20, 21, 22, 23, 24, 25, 26, 27, 28, 29, 30, 31, 32, 33, 34, 35, 36, 37, 38, 39, 40, 41, 42, 43, 44, 45, 46, 47, 48, 49, 50, 51, 52, 53, 54, 55, 56, 57, 58, 59]
		}
	]
}