{
	"credit": "Made with Blockbench",
	"textures": {
		"1": "block/acacia_trapdoor"
	},
	"elements": [
		{
			"from": [0, 0, 1],
			"to": [1, 2, 15],
			"rotation": {"angle": 0, "axis": "y", "origin": [0, 1, 14]},
			"faces": {
				"north": {"uv": [0, 0, 1, 3.9375], "texture": "#1"},
				"east": {"uv": [0, 0, 1, 16], "rotation": 270, "texture": "#1"},
				"south": {"uv": [0, 0, 1, 3.9375], "texture": "#1"},
				"west": {"uv": [0, 0, 0.90625, 16], "rotation": 90, "texture": "#1"},
				"up": {"uv": [0, 0.96094, 1, 15.00781], "texture": "#1"},
				"down": {"uv": [0, 0, 1, 16], "texture": "#1"}
			}
		},
		{
			"from": [15, 0, 1],
			"to": [16, 2, 15],
			"rotation": {"angle": 0, "axis": "y", "origin": [0, 1, 14]},
			"faces": {
				"north": {"uv": [0, 0, 1, 0.26563], "texture": "#1"},
				"east": {"uv": [0, 0, 0.90625, 15.00781], "rotation": 270, "texture": "#1"},
				"south": {"uv": [0, 0, 1, 0.26563], "texture": "#1"},
				"west": {"uv": [0, 0, 0.88281, 15.00781], "rotation": 90, "texture": "#1"},
				"up": {"uv": [0, 0.96094, 1, 15.00781], "rotation": 180, "texture": "#1"},
				"down": {"uv": [0, 0, 0.85156, 15.00781], "texture": "#1"}
			}
		},
		{
			"from": [14.8, 1.7, 14.7],
			"to": [15.1, 16.5, 15.3],
			"rotation": {"angle": 0, "axis": "y", "origin": [0, 1, 14]},
			"faces": {
				"north": {"uv": [0, 0, 0.3, 14.8], "texture": "#1"},
				"east": {"uv": [0, 0, 0.6, 14.8], "rotation": 180, "texture": "#1"},
				"south": {"uv": [0, 0, 0.3, 14.8], "texture": "#1"},
				"west": {"uv": [0, 0, 14.8, 0.6], "rotation": 90, "texture": "#1"},
				"up": {"uv": [0, 0.96094, 0.3, 1.56094], "rotation": 180, "texture": "#1"},
				"down": {"uv": [0, 0, 0.3, 0.6], "texture": "#1"}
			}
		},
		{
			"from": [0.9, 16.3, 14.7],
			"to": [15.1, 16.6, 15.3],
			"rotation": {"angle": 0, "axis": "z", "origin": [15, 8.95, 15]},
			"faces": {
				"north": {"uv": [0, 0, 0.3, 14.8], "rotation": 90, "texture": "#1"},
				"east": {"uv": [0, 0, 0.3, 0.6], "rotation": 270, "texture": "#1"},
				"south": {"uv": [0, 0, 0.3, 14.8], "rotation": 270, "texture": "#1"},
				"west": {"uv": [0, 0.96094, 0.3, 1.56094], "rotation": 90, "texture": "#1"},
				"up": {"uv": [0, 0, 0.6, 14.8], "rotation": 90, "texture": "#1"},
				"down": {"uv": [0, 0, 14.8, 0.6], "texture": "#1"}
			}
		},
		{
			"from": [0.9, 1.7, 14.7],
			"to": [1.2, 16.5, 15.3],
			"rotation": {"angle": 0, "axis": "y", "origin": [0, 1, 14]},
			"faces": {
				"north": {"uv": [0, 0, 0.3, 14.8], "texture": "#1"},
				"east": {"uv": [0, 0, 0.6, 14.8], "rotation": 180, "texture": "#1"},
				"south": {"uv": [0, 0, 0.3, 14.8], "texture": "#1"},
				"west": {"uv": [0, 0, 0.6, 14.8], "rotation": 180, "texture": "#1"},
				"up": {"uv": [0, 0.96094, 0.3, 1.56094], "rotation": 180, "texture": "#1"},
				"down": {"uv": [0, 0, 0.3, 0.6], "texture": "#1"}
			}
		},
		{
			"from": [0, 0, 0],
			"to": [16, 2, 1],
			"rotation": {"angle": 0, "axis": "y", "origin": [16, 1.5, 7.5]},
			"faces": {
				"north": {"uv": [0, 0, 0.9375, 16], "rotation": 270, "texture": "#1"},
				"east": {"uv": [0, 0, 1, 1], "texture": "#1"},
				"south": {"uv": [0, 0, 0.85156, 16], "rotation": 90, "texture": "#1"},
				"west": {"uv": [0, 0, 1, 1], "texture": "#1"},
				"up": {"uv": [0, 0, 1, 16], "rotation": 90, "texture": "#1"},
				"down": {"uv": [0, 0, 1, 16], "rotation": 90, "texture": "#1"}
			}
		},
		{
			"from": [0, 0, 15],
			"to": [16, 2, 16],
			"rotation": {"angle": 0, "axis": "y", "origin": [8, 1.5, 15.5]},
			"faces": {
				"north": {"uv": [0, 0, 0.85156, 16], "rotation": 270, "texture": "#1"},
				"east": {"uv": [0, 0, 1, 1], "texture": "#1"},
				"south": {"uv": [0, 0, 0.90625, 16], "rotation": 270, "texture": "#1"},
				"west": {"uv": [0, 0, 1, 1], "texture": "#1"},
				"up": {"uv": [0, 0, 15.90625, 1], "rotation": 180, "texture": "#1"},
				"down": {"uv": [0, 0, 0.85156, 16], "rotation": 270, "texture": "#1"}
			}
		},
		{
			"from": [1, 1.55, 15.25],
			"to": [15, 16.55, 15.25],
			"rotation": {"angle": 0, "axis": "x", "origin": [8, 1.55, 8]},
			"faces": {
				"north": {"uv": [1.00781, 1.00781, 15.00781, 15.02344], "rotation": 180, "texture": "#1"},
				"east": {"uv": [0, 0, 15.00781, 15.02344], "rotation": 270, "texture": "#1"},
				"south": {"uv": [1.00781, 1.00781, 15.00781, 15.02344], "rotation": 180, "texture": "#1"},
				"west": {"uv": [0, 0, 15.00781, 15.02344], "rotation": 90, "texture": "#1"},
				"up": {"uv": [0, 0, 15.00781, 15.02344], "rotation": 180, "texture": "#1"},
				"down": {"uv": [0, 0, 15.00781, 15.02344], "texture": "#1"}
			}
		},
		{
			"from": [1, 1.55, 15.15],
			"to": [15, 16.55, 15.15],
			"rotation": {"angle": 0, "axis": "x", "origin": [8, 1.55, 8]},
			"faces": {
				"north": {"uv": [1.00781, 1.00781, 15.00781, 15.02344], "rotation": 180, "texture": "#1"},
				"east": {"uv": [0, 0, 15.00781, 15.02344], "rotation": 270, "texture": "#1"},
				"south": {"uv": [1.00781, 1.00781, 15.00781, 15.02344], "rotation": 180, "texture": "#1"},
				"west": {"uv": [0, 0, 15.00781, 15.02344], "rotation": 90, "texture": "#1"},
				"up": {"uv": [0, 0, 15.00781, 15.02344], "rotation": 180, "texture": "#1"},
				"down": {"uv": [0, 0, 15.00781, 15.02344], "texture": "#1"}
			}
		},
		{
			"from": [1, 1.55, 15.05],
			"to": [15, 16.55, 15.05],
			"rotation": {"angle": 0, "axis": "x", "origin": [8, 1.55, 8]},
			"faces": {
				"north": {"uv": [1.00781, 1.00781, 15.00781, 15.02344], "rotation": 180, "texture": "#1"},
				"east": {"uv": [0, 0, 15.00781, 15.02344], "rotation": 270, "texture": "#1"},
				"south": {"uv": [1.00781, 1.00781, 15.00781, 15.02344], "rotation": 180, "texture": "#1"},
				"west": {"uv": [0, 0, 15.00781, 15.02344], "rotation": 90, "texture": "#1"},
				"up": {"uv": [0, 0, 15.00781, 15.02344], "rotation": 180, "texture": "#1"},
				"down": {"uv": [0, 0, 15.00781, 15.02344], "texture": "#1"}
			}
		},
		{
			"from": [1, 1.55, 14.95],
			"to": [15, 16.55, 14.95],
			"rotation": {"angle": 0, "axis": "x", "origin": [8, 1.55, 8]},
			"faces": {
				"north": {"uv": [1.00781, 1.00781, 15.00781, 15.02344], "rotation": 180, "texture": "#1"},
				"east": {"uv": [0, 0, 15.00781, 15.02344], "rotation": 270, "texture": "#1"},
				"south": {"uv": [1.00781, 1.00781, 15.00781, 15.02344], "rotation": 180, "texture": "#1"},
				"west": {"uv": [0, 0, 15.00781, 15.02344], "rotation": 90, "texture": "#1"},
				"up": {"uv": [0, 0, 15.00781, 15.02344], "rotation": 180, "texture": "#1"},
				"down": {"uv": [0, 0, 15.00781, 15.02344], "texture": "#1"}
			}
		},
		{
			"from": [1, 1.55, 14.85],
			"to": [15, 16.55, 14.85],
			"rotation": {"angle": 0, "axis": "x", "origin": [8, 1.55, 8]},
			"faces": {
				"north": {"uv": [1.00781, 1.00781, 15.00781, 15.02344], "rotation": 180, "texture": "#1"},
				"east": {"uv": [0, 0, 15.00781, 15.02344], "rotation": 270, "texture": "#1"},
				"south": {"uv": [1.00781, 1.00781, 15.00781, 15.02344], "rotation": 180, "texture": "#1"},
				"west": {"uv": [0, 0, 15.00781, 15.02344], "rotation": 90, "texture": "#1"},
				"up": {"uv": [0, 0, 15.00781, 15.02344], "rotation": 180, "texture": "#1"},
				"down": {"uv": [0, 0, 15.00781, 15.02344], "texture": "#1"}
			}
		},
		{
			"from": [1, 1.55, 14.75],
			"to": [15, 16.55, 14.75],
			"rotation": {"angle": 0, "axis": "x", "origin": [8, 1.55, 8]},
			"faces": {
				"north": {"uv": [1.00781, 1.00781, 15.00781, 15.02344], "rotation": 180, "texture": "#1"},
				"east": {"uv": [0, 0, 15.00781, 15.02344], "rotation": 270, "texture": "#1"},
				"south": {"uv": [1.00781, 1.00781, 15.00781, 15.02344], "rotation": 180, "texture": "#1"},
				"west": {"uv": [0, 0, 15.00781, 15.02344], "rotation": 90, "texture": "#1"},
				"up": {"uv": [0, 0, 15.00781, 15.02344], "rotation": 180, "texture": "#1"},
				"down": {"uv": [0, 0, 15.00781, 15.02344], "texture": "#1"}
			}
		},
		{
			"from": [7.4, 15.5, 17.9],
			"to": [8.4, 15.75, 18.2],
			"rotation": {"angle": 0, "axis": "x", "origin": [7.9, 15.525, 16.76833]},
			"faces": {
				"north": {"uv": [6.60938, 15.47656, 8.96875, 16], "texture": "#1"},
				"east": {"uv": [6.60938, 15.47656, 8.96875, 16], "texture": "#1"},
				"south": {"uv": [6.60938, 15.47656, 8.96875, 16], "texture": "#1"},
				"west": {"uv": [6.60938, 15.47656, 8.96875, 16], "texture": "#1"},
				"up": {"uv": [6.60938, 15.47656, 8.96875, 16], "texture": "#1"},
				"down": {"uv": [6.60938, 15.47656, 8.96875, 16], "texture": "#1"}
			}
		},
		{
			"from": [7.09546, 15.5, 17.72008],
			"to": [7.49546, 15.75, 18.02008],
			"rotation": {"angle": -22.5, "axis": "y", "origin": [6.99546, 15.625, 17.87008]},
			"faces": {
				"north": {"uv": [6.60938, 15.47656, 8.96875, 16], "texture": "#1"},
				"east": {"uv": [6.60938, 15.47656, 8.96875, 16], "texture": "#1"},
				"south": {"uv": [6.60938, 15.47656, 8.96875, 16], "texture": "#1"},
				"west": {"uv": [6.60938, 15.47656, 8.96875, 16], "texture": "#1"},
				"up": {"uv": [6.60938, 15.47656, 8.96875, 16], "texture": "#1"},
				"down": {"uv": [6.60938, 15.47656, 8.96875, 16], "texture": "#1"}
			}
		},
		{
			"from": [6.59509, 15.5, 17.64944],
			"to": [7.19509, 15.75, 17.94944],
			"rotation": {"angle": -45, "axis": "y", "origin": [6.99509, 15.625, 17.79944]},
			"faces": {
				"north": {"uv": [6.60938, 15.47656, 8.96875, 16], "texture": "#1"},
				"east": {"uv": [6.60938, 15.47656, 8.96875, 16], "texture": "#1"},
				"south": {"uv": [6.60938, 15.47656, 8.96875, 16], "texture": "#1"},
				"west": {"uv": [6.60938, 15.47656, 8.96875, 16], "texture": "#1"},
				"up": {"uv": [6.60938, 15.47656, 8.96875, 16], "texture": "#1"},
				"down": {"uv": [6.60938, 15.47656, 8.96875, 16], "texture": "#1"}
			}
		},
		{
			"from": [6.37773, 15.5, 16.46251],
			"to": [6.67773, 15.75, 17.06251],
			"rotation": {"angle": 22.5, "axis": "y", "origin": [7.9, 15.525, 16.76833]},
			"faces": {
				"north": {"uv": [6.60938, 15.47656, 8.96875, 16], "texture": "#1"},
				"east": {"uv": [6.60938, 15.47656, 8.96875, 16], "texture": "#1"},
				"south": {"uv": [6.60938, 15.47656, 8.96875, 16], "texture": "#1"},
				"west": {"uv": [6.60938, 15.47656, 8.96875, 16], "texture": "#1"},
				"up": {"uv": [6.60938, 15.47656, 8.96875, 16], "rotation": 90, "texture": "#1"},
				"down": {"uv": [6.60938, 15.47656, 8.96875, 16], "rotation": 270, "texture": "#1"}
			}
		},
		{
			"from": [6.37657, 15.5, 16.46833],
			"to": [6.67657, 15.75, 17.06833],
			"rotation": {"angle": 0, "axis": "y", "origin": [7.9, 15.525, 16.76833]},
			"faces": {
				"north": {"uv": [6.60938, 15.47656, 8.96875, 16], "texture": "#1"},
				"east": {"uv": [6.60938, 15.47656, 8.96875, 16], "texture": "#1"},
				"south": {"uv": [6.60938, 15.47656, 8.96875, 16], "texture": "#1"},
				"west": {"uv": [6.60938, 15.47656, 8.96875, 16], "texture": "#1"},
				"up": {"uv": [6.60938, 15.47656, 8.96875, 16], "rotation": 90, "texture": "#1"},
				"down": {"uv": [6.60938, 15.47656, 8.96875, 16], "rotation": 270, "texture": "#1"}
			}
		},
		{
			"from": [9.12343, 15.5, 16.46833],
			"to": [9.42343, 15.75, 17.06833],
			"rotation": {"angle": 0, "axis": "y", "origin": [7.9, 15.525, 16.76833]},
			"faces": {
				"north": {"uv": [6.60938, 15.47656, 8.96875, 16], "texture": "#1"},
				"east": {"uv": [6.60938, 15.47656, 8.96875, 16], "texture": "#1"},
				"south": {"uv": [6.60938, 15.47656, 8.96875, 16], "texture": "#1"},
				"west": {"uv": [6.60938, 15.47656, 8.96875, 16], "texture": "#1"},
				"up": {"uv": [6.60938, 15.47656, 8.96875, 16], "rotation": 90, "texture": "#1"},
				"down": {"uv": [6.60938, 15.47656, 8.96875, 16], "rotation": 270, "texture": "#1"}
			}
		},
		{
			"from": [9.12227, 15.5, 16.46251],
			"to": [9.42227, 15.75, 17.06251],
			"rotation": {"angle": -22.5, "axis": "y", "origin": [7.9, 15.525, 16.76833]},
			"faces": {
				"north": {"uv": [6.60938, 15.47656, 8.96875, 16], "texture": "#1"},
				"east": {"uv": [6.60938, 15.47656, 8.96875, 16], "texture": "#1"},
				"south": {"uv": [6.60938, 15.47656, 8.96875, 16], "texture": "#1"},
				"west": {"uv": [6.60938, 15.47656, 8.96875, 16], "texture": "#1"},
				"up": {"uv": [6.60938, 15.47656, 8.96875, 16], "rotation": 90, "texture": "#1"},
				"down": {"uv": [6.60938, 15.47656, 8.96875, 16], "rotation": 270, "texture": "#1"}
			}
		},
		{
			"from": [7.61076, 15.5, 17.9873],
			"to": [8.21076, 15.75, 18.2873],
			"rotation": {"angle": 45, "axis": "y", "origin": [7.9, 15.525, 16.76833]},
			"faces": {
				"north": {"uv": [6.60938, 15.47656, 8.96875, 16], "texture": "#1"},
				"east": {"uv": [6.60938, 15.47656, 8.96875, 16], "texture": "#1"},
				"south": {"uv": [6.60938, 15.47656, 8.96875, 16], "texture": "#1"},
				"west": {"uv": [6.60938, 15.47656, 8.96875, 16], "texture": "#1"},
				"up": {"uv": [6.60938, 15.47656, 8.96875, 16], "texture": "#1"},
				"down": {"uv": [6.60938, 15.47656, 8.96875, 16], "texture": "#1"}
			}
		},
		{
			"from": [7.81406, 15.5, 17.98236],
			"to": [8.21406, 15.75, 18.28236],
			"rotation": {"angle": 22.5, "axis": "y", "origin": [7.9, 15.525, 16.76833]},
			"faces": {
				"north": {"uv": [6.60938, 15.47656, 8.96875, 16], "texture": "#1"},
				"east": {"uv": [6.60938, 15.47656, 8.96875, 16], "texture": "#1"},
				"south": {"uv": [6.60938, 15.47656, 8.96875, 16], "texture": "#1"},
				"west": {"uv": [6.60938, 15.47656, 8.96875, 16], "texture": "#1"},
				"up": {"uv": [6.60938, 15.47656, 8.96875, 16], "texture": "#1"},
				"down": {"uv": [6.60938, 15.47656, 8.96875, 16], "texture": "#1"}
			}
		},
		{
			"from": [9.12227, 15.5, 16.47416],
			"to": [9.42227, 15.75, 17.07416],
			"rotation": {"angle": 22.5, "axis": "y", "origin": [7.9, 15.525, 16.76833]},
			"faces": {
				"north": {"uv": [6.60938, 15.47656, 8.96875, 16], "texture": "#1"},
				"east": {"uv": [6.60938, 15.47656, 8.96875, 16], "texture": "#1"},
				"south": {"uv": [6.60938, 15.47656, 8.96875, 16], "texture": "#1"},
				"west": {"uv": [6.60938, 15.47656, 8.96875, 16], "texture": "#1"},
				"up": {"uv": [6.60938, 15.47656, 8.96875, 16], "rotation": 270, "texture": "#1"},
				"down": {"uv": [6.60938, 15.47656, 8.96875, 16], "rotation": 90, "texture": "#1"}
			}
		},
		{
			"from": [9.11897, 15.5, 16.4791],
			"to": [9.41897, 15.75, 17.0791],
			"rotation": {"angle": 45, "axis": "y", "origin": [7.9, 15.525, 16.76833]},
			"faces": {
				"north": {"uv": [6.60938, 15.47656, 8.96875, 16], "texture": "#1"},
				"east": {"uv": [6.60938, 15.47656, 8.96875, 16], "texture": "#1"},
				"south": {"uv": [6.60938, 15.47656, 8.96875, 16], "texture": "#1"},
				"west": {"uv": [6.60938, 15.47656, 8.96875, 16], "texture": "#1"},
				"up": {"uv": [6.60938, 15.47656, 8.96875, 16], "rotation": 270, "texture": "#1"},
				"down": {"uv": [6.60938, 15.47656, 8.96875, 16], "rotation": 90, "texture": "#1"}
			}
		},
		{
			"from": [7.81406, 15.5, 15.25431],
			"to": [8.21406, 15.75, 15.55431],
			"rotation": {"angle": -22.5, "axis": "y", "origin": [7.9, 15.525, 16.76833]},
			"faces": {
				"north": {"uv": [6.60938, 15.47656, 8.96875, 16], "texture": "#1"},
				"east": {"uv": [6.60938, 15.47656, 8.96875, 16], "texture": "#1"},
				"south": {"uv": [6.60938, 15.47656, 8.96875, 16], "texture": "#1"},
				"west": {"uv": [6.60938, 15.47656, 8.96875, 16], "texture": "#1"},
				"up": {"uv": [6.60938, 15.47656, 8.96875, 16], "rotation": 180, "texture": "#1"},
				"down": {"uv": [6.60938, 15.47656, 8.96875, 16], "rotation": 180, "texture": "#1"}
			}
		},
		{
			"from": [7.4, 15.5, 15.33667],
			"to": [8.4, 15.75, 15.63667],
			"rotation": {"angle": 0, "axis": "y", "origin": [7.9, 15.525, 16.76833]},
			"faces": {
				"north": {"uv": [6.60938, 15.47656, 8.96875, 16], "texture": "#1"},
				"east": {"uv": [6.60938, 15.47656, 8.96875, 16], "texture": "#1"},
				"south": {"uv": [6.60938, 15.47656, 8.96875, 16], "texture": "#1"},
				"west": {"uv": [6.60938, 15.47656, 8.96875, 16], "texture": "#1"},
				"up": {"uv": [6.60938, 15.47656, 8.96875, 16], "rotation": 180, "texture": "#1"},
				"down": {"uv": [6.60938, 15.47656, 8.96875, 16], "rotation": 180, "texture": "#1"}
			}
		},
		{
			"from": [7.58593, 15.5, 15.25431],
			"to": [7.98593, 15.75, 15.55431],
			"rotation": {"angle": 22.5, "axis": "y", "origin": [7.9, 15.525, 16.76833]},
			"faces": {
				"north": {"uv": [6.60938, 15.47656, 8.96875, 16], "texture": "#1"},
				"east": {"uv": [6.60938, 15.47656, 8.96875, 16], "texture": "#1"},
				"south": {"uv": [6.60938, 15.47656, 8.96875, 16], "texture": "#1"},
				"west": {"uv": [6.60938, 15.47656, 8.96875, 16], "texture": "#1"},
				"up": {"uv": [6.60938, 15.47656, 8.96875, 16], "rotation": 180, "texture": "#1"},
				"down": {"uv": [6.60938, 15.47656, 8.96875, 16], "rotation": 180, "texture": "#1"}
			}
		},
		{
			"from": [7.58924, 15.5, 15.24937],
			"to": [8.18924, 15.75, 15.54937],
			"rotation": {"angle": 45, "axis": "y", "origin": [7.9, 15.525, 16.76833]},
			"faces": {
				"north": {"uv": [6.60938, 15.47656, 8.96875, 16], "texture": "#1"},
				"east": {"uv": [6.60938, 15.47656, 8.96875, 16], "texture": "#1"},
				"south": {"uv": [6.60938, 15.47656, 8.96875, 16], "texture": "#1"},
				"west": {"uv": [6.60938, 15.47656, 8.96875, 16], "texture": "#1"},
				"up": {"uv": [6.60938, 15.47656, 8.96875, 16], "rotation": 180, "texture": "#1"},
				"down": {"uv": [6.60938, 15.47656, 8.96875, 16], "rotation": 180, "texture": "#1"}
			}
		},
		{
			"from": [6.37773, 15.5, 16.47416],
			"to": [6.67773, 15.75, 17.07416],
			"rotation": {"angle": -22.5, "axis": "y", "origin": [7.9, 15.525, 16.76833]},
			"faces": {
				"north": {"uv": [6.60938, 15.47656, 8.96875, 16], "texture": "#1"},
				"east": {"uv": [6.60938, 15.47656, 8.96875, 16], "texture": "#1"},
				"south": {"uv": [6.60938, 15.47656, 8.96875, 16], "texture": "#1"},
				"west": {"uv": [6.60938, 15.47656, 8.96875, 16], "texture": "#1"},
				"up": {"uv": [6.60938, 15.47656, 8.96875, 16], "rotation": 270, "texture": "#1"},
				"down": {"uv": [6.60938, 15.47656, 8.96875, 16], "rotation": 90, "texture": "#1"}
			}
		},
		{
			"from": [6.9, 14.975, 15.325],
			"to": [8.9, 15.875, 15.375],
			"rotation": {"angle": 0, "axis": "x", "origin": [7.9, 15.425, 17.95]},
			"faces": {
				"north": {"uv": [0, 0, 2, 0.9], "rotation": 180, "texture": "#1"},
				"east": {"uv": [0, 0, 0.9, 0.05], "rotation": 270, "texture": "#1"},
				"south": {"uv": [6.73438, 15.55117, 8.83398, 16], "texture": "#1"},
				"west": {"uv": [0, 0, 0.9, 0.05], "rotation": 90, "texture": "#1"},
				"up": {"uv": [0, 0, 2, 0.05], "rotation": 180, "texture": "#1"},
				"down": {"uv": [0, 0, 2, 0.05], "texture": "#1"}
			}
		}
	],
	"display": {
		"thirdperson_righthand": {
			"scale": [0.6, 0.6, 0.6]
		},
		"gui": {
			"rotation": [64.25, 0, 0],
			"translation": [0, -3.75, 0]
		}
	},
	"groups": [
		0,
		1,
		2,
		3,
		4,
		5,
		6,
		7,
		8,
		9,
		10,
		11,
		12,
		{
			"name": "group",
			"origin": [0, -14, 0],
			"color": 0,
			"children": [13, 14, 15, 16, 17, 18, 19, 20, 21, 22, 23, 24, 25, 26, 27, 28, 29]
		}
	]
}