{
	"credit": "Made with Blockbench",
	"textures": {
		"0": "block/acacia_trapdoor",
		"particle": "block/acacia_trapdoor"
	},
	"elements": [
		{
			"from": [0, 0, 1],
			"to": [1, 2, 15],
			"rotation": {"angle": 0, "axis": "y", "origin": [0, 1, 14]},
			"faces": {
				"north": {"uv": [0, 0, 1, 3.9375], "texture": "#0"},
				"east": {"uv": [0, 0, 1, 16], "rotation": 270, "texture": "#0"},
				"south": {"uv": [0, 0, 1, 3.9375], "texture": "#0"},
				"west": {"uv": [0, 0, 0.90625, 16], "rotation": 90, "texture": "#0"},
				"up": {"uv": [0, 0.96094, 1, 15.00781], "texture": "#0"},
				"down": {"uv": [0, 0, 1, 16], "texture": "#0"}
			}
		},
		{
			"from": [15, 0, 1],
			"to": [16, 2, 15],
			"rotation": {"angle": 0, "axis": "y", "origin": [0, 1, 14]},
			"faces": {
				"north": {"uv": [0, 0, 1, 0.26563], "texture": "#0"},
				"east": {"uv": [0, 0, 0.90625, 15.00781], "rotation": 270, "texture": "#0"},
				"south": {"uv": [0, 0, 1, 0.26563], "texture": "#0"},
				"west": {"uv": [0, 0, 0.88281, 15.00781], "rotation": 90, "texture": "#0"},
				"up": {"uv": [0, 0.96094, 1, 15.00781], "rotation": 180, "texture": "#0"},
				"down": {"uv": [0, 0, 0.85156, 15.00781], "texture": "#0"}
			}
		},
		{
			"from": [0, 0, 0],
			"to": [16, 2, 1],
			"rotation": {"angle": 0, "axis": "y", "origin": [16, 1.5, 7.5]},
			"faces": {
				"north": {"uv": [0, 0, 0.9375, 16], "rotation": 270, "texture": "#0"},
				"east": {"uv": [0, 0, 1, 1], "texture": "#0"},
				"south": {"uv": [0, 0, 0.85156, 16], "rotation": 90, "texture": "#0"},
				"west": {"uv": [0, 0, 1, 1], "texture": "#0"},
				"up": {"uv": [0, 0, 1, 16], "rotation": 90, "texture": "#0"},
				"down": {"uv": [0, 0, 1, 16], "rotation": 90, "texture": "#0"}
			}
		},
		{
			"from": [0, 0, 15],
			"to": [16, 2, 16],
			"rotation": {"angle": 0, "axis": "y", "origin": [8, 1.5, 15.5]},
			"faces": {
				"north": {"uv": [0, 0, 0.85156, 16], "rotation": 270, "texture": "#0"},
				"east": {"uv": [0, 0, 1, 1], "texture": "#0"},
				"south": {"uv": [0, 0, 0.90625, 16], "rotation": 270, "texture": "#0"},
				"west": {"uv": [0, 0, 1, 1], "texture": "#0"},
				"up": {"uv": [0, 0, 15.90625, 1], "rotation": 180, "texture": "#0"},
				"down": {"uv": [0, 0, 0.85156, 16], "rotation": 270, "texture": "#0"}
			}
		},
		{
			"from": [1, 1.9, 0.9],
			"to": [15, 1.9, 15],
			"rotation": {"angle": 0, "axis": "x", "origin": [8, 12.75, 15]},
			"faces": {
				"north": {"uv": [0, 0, 15.00781, 15.02344], "texture": "#0"},
				"east": {"uv": [0, 0, 15.00781, 15.02344], "texture": "#0"},
				"south": {"uv": [0, 0, 15.00781, 15.02344], "texture": "#0"},
				"west": {"uv": [0, 0, 15.00781, 15.02344], "texture": "#0"},
				"up": {"uv": [1.00781, 1.00781, 15.00781, 15.02344], "rotation": 180, "texture": "#0"},
				"down": {"uv": [1.00781, 1.00781, 15.00781, 15.02344], "texture": "#0"}
			}
		},
		{
			"from": [1, 1.8, 0.9],
			"to": [15, 1.8, 15],
			"rotation": {"angle": 0, "axis": "x", "origin": [8, 12.75, 15]},
			"faces": {
				"north": {"uv": [0, 0, 15.00781, 15.02344], "texture": "#0"},
				"east": {"uv": [0, 0, 15.00781, 15.02344], "texture": "#0"},
				"south": {"uv": [0, 0, 15.00781, 15.02344], "texture": "#0"},
				"west": {"uv": [0, 0, 15.00781, 15.02344], "texture": "#0"},
				"up": {"uv": [1.00781, 1.00781, 15.00781, 15.02344], "rotation": 180, "texture": "#0"},
				"down": {"uv": [1.00781, 1.00781, 15.00781, 15.02344], "texture": "#0"}
			}
		},
		{
			"from": [1, 1.7, 0.9],
			"to": [15, 1.7, 15],
			"rotation": {"angle": 0, "axis": "x", "origin": [8, 12.75, 15]},
			"faces": {
				"north": {"uv": [0, 0, 15.00781, 15.02344], "texture": "#0"},
				"east": {"uv": [0, 0, 15.00781, 15.02344], "texture": "#0"},
				"south": {"uv": [0, 0, 15.00781, 15.02344], "texture": "#0"},
				"west": {"uv": [0, 0, 15.00781, 15.02344], "texture": "#0"},
				"up": {"uv": [1.00781, 1.00781, 15.00781, 15.02344], "rotation": 180, "texture": "#0"},
				"down": {"uv": [1.00781, 1.00781, 15.00781, 15.02344], "texture": "#0"}
			}
		},
		{
			"from": [1, 1.6, 0.9],
			"to": [15, 1.6, 15],
			"rotation": {"angle": 0, "axis": "x", "origin": [8, 12.75, 15]},
			"faces": {
				"north": {"uv": [0, 0, 15.00781, 15.02344], "texture": "#0"},
				"east": {"uv": [0, 0, 15.00781, 15.02344], "texture": "#0"},
				"south": {"uv": [0, 0, 15.00781, 15.02344], "texture": "#0"},
				"west": {"uv": [0, 0, 15.00781, 15.02344], "texture": "#0"},
				"up": {"uv": [1.00781, 1.00781, 15.00781, 15.02344], "rotation": 180, "texture": "#0"},
				"down": {"uv": [1.00781, 1.00781, 15.00781, 15.02344], "texture": "#0"}
			}
		},
		{
			"from": [1, 1.5, 0.9],
			"to": [15, 1.5, 15],
			"rotation": {"angle": 0, "axis": "x", "origin": [8, 12.75, 15]},
			"faces": {
				"north": {"uv": [0, 0, 15.00781, 15.02344], "texture": "#0"},
				"east": {"uv": [0, 0, 15.00781, 15.02344], "texture": "#0"},
				"south": {"uv": [0, 0, 15.00781, 15.02344], "texture": "#0"},
				"west": {"uv": [0, 0, 15.00781, 15.02344], "texture": "#0"},
				"up": {"uv": [1.00781, 1.00781, 15.00781, 15.02344], "rotation": 180, "texture": "#0"},
				"down": {"uv": [1.00781, 1.00781, 15.00781, 15.02344], "texture": "#0"}
			}
		},
		{
			"from": [1, 1.4, 0.9],
			"to": [15, 1.4, 15],
			"rotation": {"angle": 0, "axis": "x", "origin": [8, 12.75, 15]},
			"faces": {
				"north": {"uv": [0, 0, 15.00781, 15.02344], "texture": "#0"},
				"east": {"uv": [0, 0, 15.00781, 15.02344], "texture": "#0"},
				"south": {"uv": [0, 0, 15.00781, 15.02344], "texture": "#0"},
				"west": {"uv": [0, 0, 15.00781, 15.02344], "texture": "#0"},
				"up": {"uv": [1.00781, 1.00781, 15.00781, 15.02344], "rotation": 180, "texture": "#0"},
				"down": {"uv": [1.00781, 1.00781, 15.00781, 15.02344], "texture": "#0"}
			}
		},
		{
			"from": [6.9, 2, 2.4],
			"to": [8.9, 2.05, 3.3],
			"rotation": {"angle": 0, "axis": "x", "origin": [7.9, 2.025, 2.85]},
			"faces": {
				"north": {"uv": [0, 0, 2, 0.05], "texture": "#0"},
				"east": {"uv": [0, 0, 0.9, 0.05], "texture": "#0"},
				"south": {"uv": [0, 0, 2, 0.05], "texture": "#0"},
				"west": {"uv": [0, 0, 0.9, 0.05], "texture": "#0"},
				"up": {"uv": [6.73438, 15.55117, 8.83398, 16], "texture": "#0"},
				"down": {"uv": [0, 0, 2, 0.9], "texture": "#0"}
			}
		},
		{
			"from": [7.4, 2, 5.4],
			"to": [8.4, 2.25, 5.7],
			"rotation": {"angle": 0, "axis": "y", "origin": [7.9, 2.025, 4.26833]},
			"faces": {
				"north": {"uv": [6.60938, 15.47656, 8.96875, 16], "texture": "#0"},
				"east": {"uv": [6.60938, 15.47656, 8.96875, 16], "texture": "#0"},
				"south": {"uv": [6.60938, 15.47656, 8.96875, 16], "texture": "#0"},
				"west": {"uv": [6.60938, 15.47656, 8.96875, 16], "texture": "#0"},
				"up": {"uv": [6.60938, 15.47656, 8.96875, 16], "texture": "#0"},
				"down": {"uv": [6.60938, 15.47656, 8.96875, 16], "texture": "#0"}
			}
		},
		{
			"from": [7.09546, 2, 5.22008],
			"to": [7.49546, 2.25, 5.52008],
			"rotation": {"angle": -22.5, "axis": "y", "origin": [6.99546, 2.125, 5.37008]},
			"faces": {
				"north": {"uv": [6.60938, 15.47656, 8.96875, 16], "texture": "#0"},
				"east": {"uv": [6.60938, 15.47656, 8.96875, 16], "texture": "#0"},
				"south": {"uv": [6.60938, 15.47656, 8.96875, 16], "texture": "#0"},
				"west": {"uv": [6.60938, 15.47656, 8.96875, 16], "texture": "#0"},
				"up": {"uv": [6.60938, 15.47656, 8.96875, 16], "texture": "#0"},
				"down": {"uv": [6.60938, 15.47656, 8.96875, 16], "texture": "#0"}
			}
		},
		{
			"from": [7.81406, 2, 5.48236],
			"to": [8.21406, 2.25, 5.78236],
			"rotation": {"angle": 22.5, "axis": "y", "origin": [7.9, 2.025, 4.26833]},
			"faces": {
				"north": {"uv": [6.60938, 15.47656, 8.96875, 16], "texture": "#0"},
				"east": {"uv": [6.60938, 15.47656, 8.96875, 16], "texture": "#0"},
				"south": {"uv": [6.60938, 15.47656, 8.96875, 16], "texture": "#0"},
				"west": {"uv": [6.60938, 15.47656, 8.96875, 16], "texture": "#0"},
				"up": {"uv": [6.60938, 15.47656, 8.96875, 16], "texture": "#0"},
				"down": {"uv": [6.60938, 15.47656, 8.96875, 16], "texture": "#0"}
			}
		},
		{
			"from": [6.59509, 2, 5.14944],
			"to": [7.19509, 2.25, 5.44944],
			"rotation": {"angle": -45, "axis": "y", "origin": [6.99509, 2.125, 5.29944]},
			"faces": {
				"north": {"uv": [6.60938, 15.47656, 8.96875, 16], "texture": "#0"},
				"east": {"uv": [6.60938, 15.47656, 8.96875, 16], "texture": "#0"},
				"south": {"uv": [6.60938, 15.47656, 8.96875, 16], "texture": "#0"},
				"west": {"uv": [6.60938, 15.47656, 8.96875, 16], "texture": "#0"},
				"up": {"uv": [6.60938, 15.47656, 8.96875, 16], "texture": "#0"},
				"down": {"uv": [6.60938, 15.47656, 8.96875, 16], "texture": "#0"}
			}
		},
		{
			"from": [7.61076, 2, 5.4873],
			"to": [8.21076, 2.25, 5.7873],
			"rotation": {"angle": 45, "axis": "y", "origin": [7.9, 2.025, 4.26833]},
			"faces": {
				"north": {"uv": [6.60938, 15.47656, 8.96875, 16], "texture": "#0"},
				"east": {"uv": [6.60938, 15.47656, 8.96875, 16], "texture": "#0"},
				"south": {"uv": [6.60938, 15.47656, 8.96875, 16], "texture": "#0"},
				"west": {"uv": [6.60938, 15.47656, 8.96875, 16], "texture": "#0"},
				"up": {"uv": [6.60938, 15.47656, 8.96875, 16], "texture": "#0"},
				"down": {"uv": [6.60938, 15.47656, 8.96875, 16], "texture": "#0"}
			}
		},
		{
			"from": [6.37773, 2, 3.96251],
			"to": [6.67773, 2.25, 4.56251],
			"rotation": {"angle": 22.5, "axis": "y", "origin": [7.9, 2.025, 4.26833]},
			"faces": {
				"north": {"uv": [6.60938, 15.47656, 8.96875, 16], "texture": "#0"},
				"east": {"uv": [6.60938, 15.47656, 8.96875, 16], "texture": "#0"},
				"south": {"uv": [6.60938, 15.47656, 8.96875, 16], "texture": "#0"},
				"west": {"uv": [6.60938, 15.47656, 8.96875, 16], "texture": "#0"},
				"up": {"uv": [6.60938, 15.47656, 8.96875, 16], "rotation": 90, "texture": "#0"},
				"down": {"uv": [6.60938, 15.47656, 8.96875, 16], "rotation": 270, "texture": "#0"}
			}
		},
		{
			"from": [9.12227, 2, 3.96251],
			"to": [9.42227, 2.25, 4.56251],
			"rotation": {"angle": -22.5, "axis": "y", "origin": [7.9, 2.025, 4.26833]},
			"faces": {
				"north": {"uv": [6.60938, 15.47656, 8.96875, 16], "texture": "#0"},
				"east": {"uv": [6.60938, 15.47656, 8.96875, 16], "texture": "#0"},
				"south": {"uv": [6.60938, 15.47656, 8.96875, 16], "texture": "#0"},
				"west": {"uv": [6.60938, 15.47656, 8.96875, 16], "texture": "#0"},
				"up": {"uv": [6.60938, 15.47656, 8.96875, 16], "rotation": 90, "texture": "#0"},
				"down": {"uv": [6.60938, 15.47656, 8.96875, 16], "rotation": 270, "texture": "#0"}
			}
		},
		{
			"from": [6.37657, 2, 3.96833],
			"to": [6.67657, 2.25, 4.56833],
			"rotation": {"angle": 0, "axis": "y", "origin": [7.9, 2.025, 4.26833]},
			"faces": {
				"north": {"uv": [6.60938, 15.47656, 8.96875, 16], "texture": "#0"},
				"east": {"uv": [6.60938, 15.47656, 8.96875, 16], "texture": "#0"},
				"south": {"uv": [6.60938, 15.47656, 8.96875, 16], "texture": "#0"},
				"west": {"uv": [6.60938, 15.47656, 8.96875, 16], "texture": "#0"},
				"up": {"uv": [6.60938, 15.47656, 8.96875, 16], "rotation": 90, "texture": "#0"},
				"down": {"uv": [6.60938, 15.47656, 8.96875, 16], "rotation": 270, "texture": "#0"}
			}
		},
		{
			"from": [9.12343, 2, 3.96833],
			"to": [9.42343, 2.25, 4.56833],
			"rotation": {"angle": 0, "axis": "y", "origin": [7.9, 2.025, 4.26833]},
			"faces": {
				"north": {"uv": [6.60938, 15.47656, 8.96875, 16], "texture": "#0"},
				"east": {"uv": [6.60938, 15.47656, 8.96875, 16], "texture": "#0"},
				"south": {"uv": [6.60938, 15.47656, 8.96875, 16], "texture": "#0"},
				"west": {"uv": [6.60938, 15.47656, 8.96875, 16], "texture": "#0"},
				"up": {"uv": [6.60938, 15.47656, 8.96875, 16], "rotation": 90, "texture": "#0"},
				"down": {"uv": [6.60938, 15.47656, 8.96875, 16], "rotation": 270, "texture": "#0"}
			}
		},
		{
			"from": [6.37773, 2, 3.97416],
			"to": [6.67773, 2.25, 4.57416],
			"rotation": {"angle": -22.5, "axis": "y", "origin": [7.9, 2.025, 4.26833]},
			"faces": {
				"north": {"uv": [6.60938, 15.47656, 8.96875, 16], "texture": "#0"},
				"east": {"uv": [6.60938, 15.47656, 8.96875, 16], "texture": "#0"},
				"south": {"uv": [6.60938, 15.47656, 8.96875, 16], "texture": "#0"},
				"west": {"uv": [6.60938, 15.47656, 8.96875, 16], "texture": "#0"},
				"up": {"uv": [6.60938, 15.47656, 8.96875, 16], "rotation": 270, "texture": "#0"},
				"down": {"uv": [6.60938, 15.47656, 8.96875, 16], "rotation": 90, "texture": "#0"}
			}
		},
		{
			"from": [7.58924, 2, 2.74937],
			"to": [8.18924, 2.25, 3.04937],
			"rotation": {"angle": 45, "axis": "y", "origin": [7.9, 2.025, 4.26833]},
			"faces": {
				"north": {"uv": [6.60938, 15.47656, 8.96875, 16], "texture": "#0"},
				"east": {"uv": [6.60938, 15.47656, 8.96875, 16], "texture": "#0"},
				"south": {"uv": [6.60938, 15.47656, 8.96875, 16], "texture": "#0"},
				"west": {"uv": [6.60938, 15.47656, 8.96875, 16], "texture": "#0"},
				"up": {"uv": [6.60938, 15.47656, 8.96875, 16], "rotation": 180, "texture": "#0"},
				"down": {"uv": [6.60938, 15.47656, 8.96875, 16], "rotation": 180, "texture": "#0"}
			}
		},
		{
			"from": [7.58593, 2, 2.75431],
			"to": [7.98593, 2.25, 3.05431],
			"rotation": {"angle": 22.5, "axis": "y", "origin": [7.9, 2.025, 4.26833]},
			"faces": {
				"north": {"uv": [6.60938, 15.47656, 8.96875, 16], "texture": "#0"},
				"east": {"uv": [6.60938, 15.47656, 8.96875, 16], "texture": "#0"},
				"south": {"uv": [6.60938, 15.47656, 8.96875, 16], "texture": "#0"},
				"west": {"uv": [6.60938, 15.47656, 8.96875, 16], "texture": "#0"},
				"up": {"uv": [6.60938, 15.47656, 8.96875, 16], "rotation": 180, "texture": "#0"},
				"down": {"uv": [6.60938, 15.47656, 8.96875, 16], "rotation": 180, "texture": "#0"}
			}
		},
		{
			"from": [7.4, 2, 2.83667],
			"to": [8.4, 2.25, 3.13667],
			"rotation": {"angle": 0, "axis": "y", "origin": [7.9, 2.025, 4.26833]},
			"faces": {
				"north": {"uv": [6.60938, 15.47656, 8.96875, 16], "texture": "#0"},
				"east": {"uv": [6.60938, 15.47656, 8.96875, 16], "texture": "#0"},
				"south": {"uv": [6.60938, 15.47656, 8.96875, 16], "texture": "#0"},
				"west": {"uv": [6.60938, 15.47656, 8.96875, 16], "texture": "#0"},
				"up": {"uv": [6.60938, 15.47656, 8.96875, 16], "rotation": 180, "texture": "#0"},
				"down": {"uv": [6.60938, 15.47656, 8.96875, 16], "rotation": 180, "texture": "#0"}
			}
		},
		{
			"from": [7.81406, 2, 2.75431],
			"to": [8.21406, 2.25, 3.05431],
			"rotation": {"angle": -22.5, "axis": "y", "origin": [7.9, 2.025, 4.26833]},
			"faces": {
				"north": {"uv": [6.60938, 15.47656, 8.96875, 16], "texture": "#0"},
				"east": {"uv": [6.60938, 15.47656, 8.96875, 16], "texture": "#0"},
				"south": {"uv": [6.60938, 15.47656, 8.96875, 16], "texture": "#0"},
				"west": {"uv": [6.60938, 15.47656, 8.96875, 16], "texture": "#0"},
				"up": {"uv": [6.60938, 15.47656, 8.96875, 16], "rotation": 180, "texture": "#0"},
				"down": {"uv": [6.60938, 15.47656, 8.96875, 16], "rotation": 180, "texture": "#0"}
			}
		},
		{
			"from": [9.11897, 2, 3.9791],
			"to": [9.41897, 2.25, 4.5791],
			"rotation": {"angle": 45, "axis": "y", "origin": [7.9, 2.025, 4.26833]},
			"faces": {
				"north": {"uv": [6.60938, 15.47656, 8.96875, 16], "texture": "#0"},
				"east": {"uv": [6.60938, 15.47656, 8.96875, 16], "texture": "#0"},
				"south": {"uv": [6.60938, 15.47656, 8.96875, 16], "texture": "#0"},
				"west": {"uv": [6.60938, 15.47656, 8.96875, 16], "texture": "#0"},
				"up": {"uv": [6.60938, 15.47656, 8.96875, 16], "rotation": 270, "texture": "#0"},
				"down": {"uv": [6.60938, 15.47656, 8.96875, 16], "rotation": 90, "texture": "#0"}
			}
		},
		{
			"from": [9.12227, 2, 3.97416],
			"to": [9.42227, 2.25, 4.57416],
			"rotation": {"angle": 22.5, "axis": "y", "origin": [7.9, 2.025, 4.26833]},
			"faces": {
				"north": {"uv": [6.60938, 15.47656, 8.96875, 16], "texture": "#0"},
				"east": {"uv": [6.60938, 15.47656, 8.96875, 16], "texture": "#0"},
				"south": {"uv": [6.60938, 15.47656, 8.96875, 16], "texture": "#0"},
				"west": {"uv": [6.60938, 15.47656, 8.96875, 16], "texture": "#0"},
				"up": {"uv": [6.60938, 15.47656, 8.96875, 16], "rotation": 270, "texture": "#0"},
				"down": {"uv": [6.60938, 15.47656, 8.96875, 16], "rotation": 90, "texture": "#0"}
			}
		}
	],
	"display": {
		"thirdperson_righthand": {
			"translation": [0, 2.75, 0],
			"scale": [0.35938, 0.35938, 0.35938]
		},
		"thirdperson_lefthand": {
			"translation": [0, 2.25, 0],
			"scale": [0.26172, 0.26172, 0.26172]
		},
		"firstperson_righthand": {
			"rotation": [0, 0, 40.5],
			"translation": [0, 3.5, 0],
			"scale": [0.57813, 0.57422, 0.57813]
		},
		"firstperson_lefthand": {
			"rotation": [0, 0, 57.25],
			"translation": [0, 2.5, 0],
			"scale": [0.48438, 0.48438, 0.48438]
		},
		"ground": {
			"scale": [0.48633, 0.48633, 0.48633]
		},
		"gui": {
			"rotation": [53.89, 16.57, -21.32],
			"translation": [2.25, 3.5, 0],
			"scale": [0.79688, 0.79688, 0.79688]
		},
		"fixed": {
			"rotation": [88.25, 0, 0],
			"translation": [0, 0, 6.25]
		}
	}
}