{
	"credit": "Made with Blockbench",
	"textures": {
		"2": "block/door/hinges_and_lock_acacia_door",
		"3": "block/door/acacia_door_tx",
		"4": "block/door/metal",
		"particle": "block/door/metal"
	},
	"elements": [
		{
			"from": [-0.93689, -0.05, -0.00083],
			"to": [-0.68689, 16.175, 0.20542],
			"rotation": {"angle": 0, "axis": "y", "origin": [1.09651, 9.07785, 7.9478]},
			"faces": {
				"north": {"uv": [7.25831, 0.063, 7.50831, 16.063], "texture": "#3"},
				"east": {"uv": [2.69531, 0, 2.90156, 16], "texture": "#3"},
				"south": {"uv": [2.69531, 0.125, 2.94531, 16.125], "texture": "#3"},
				"west": {"uv": [11.07031, 0, 11.27656, 16], "texture": "#3"},
				"up": {"uv": [2.69531, 0, 2.90156, 0.25], "rotation": 270, "texture": "#3"},
				"down": {"uv": [2.69531, 0, 2.90156, 0.25], "rotation": 90, "texture": "#3"}
			}
		},
		{
			"from": [-0.93689, 0, 15.79292],
			"to": [-0.68689, 16.175, 15.99917],
			"rotation": {"angle": 0, "axis": "y", "origin": [1.09651, 9.07785, 7.9478]},
			"faces": {
				"north": {"uv": [12.172, 0, 10.422, 16], "texture": "#3"},
				"east": {"uv": [0.20625, 0, 0, 16], "texture": "#3"},
				"south": {"uv": [4.813, 0.063, 4.563, 16.063], "texture": "#3"},
				"west": {"uv": [8.48125, 0, 8.375, 15.875], "texture": "#3"},
				"up": {"uv": [3.2, 0, 0, 16], "rotation": 270, "texture": "#3"},
				"down": {"uv": [3.2, 0, 0, 16], "rotation": 90, "texture": "#3"}
			}
		},
		{
			"from": [-0.88689, 0, 15.80229],
			"to": [0.61936, 15.78, 18.07417],
			"rotation": {"angle": 0, "axis": "y", "origin": [1.09651, 9.07785, 7.9478]},
			"faces": {
				"north": {"uv": [0, 0, 1.10625, 15.78], "texture": "#3"},
				"east": {"uv": [0, 0, 2.27188, 15.78], "texture": "#3"},
				"south": {"uv": [0, 0, 1.10625, 15.78], "texture": "#3"},
				"west": {"uv": [0, 0, 2.27188, 15.78], "texture": "#3"},
				"up": {"uv": [5.94063, 0.95, 7.04688, 3.22188], "texture": "#3"},
				"down": {"uv": [0.04688, 0, 1.15313, 2.27188], "texture": "#3"}
			}
		},
		{
			"from": [-0.88689, 0, -2.01958],
			"to": [0.61936, 15.78, 0.20542],
			"rotation": {"angle": 0, "axis": "y", "origin": [1.09651, 9.07785, 7.9478]},
			"faces": {
				"north": {"uv": [1.10625, 0, 0, 15.78], "texture": "#3"},
				"east": {"uv": [2.225, 0, 0, 15.78], "texture": "#3"},
				"south": {"uv": [1.10625, 0, 0, 15.78], "texture": "#3"},
				"west": {"uv": [2.225, 0, 0, 15.78], "texture": "#3"},
				"up": {"uv": [0, 2.225, 1.10625, 0], "texture": "#3"},
				"down": {"uv": [0, 2.225, 1.10625, 0], "texture": "#3"}
			}
		},
		{
			"from": [-0.88689, 15.775, -2.01958],
			"to": [0.61936, 17.925, 18.07417],
			"rotation": {"angle": 0, "axis": "y", "origin": [1.09651, 9.07785, 7.9478]},
			"faces": {
				"north": {"uv": [0, 16, 3.2, 0], "rotation": 180, "texture": "#3"},
				"east": {"uv": [0, 0, 15.45313, 2.15], "texture": "#3"},
				"south": {"uv": [0, 16, 3.2, 0], "texture": "#3"},
				"west": {"uv": [0, 2.15, 15.41406, 0], "rotation": 180, "texture": "#3"},
				"up": {"uv": [9.48125, 0, 8.375, 16], "texture": "#3"},
				"down": {"uv": [0.10625, 0, 0, 16], "rotation": 180, "texture": "#3"}
			}
		},
		{
			"from": [-0.93689, 16.175, -0.00396],
			"to": [-0.68689, 16.50625, 16.01167],
			"rotation": {"angle": 0, "axis": "y", "origin": [1.09651, 9.07785, 7.9478]},
			"faces": {
				"north": {"uv": [1.56094, 0.25, 1.22969, 0], "rotation": 270, "texture": "#3"},
				"east": {"uv": [1.22969, 0, 1.56094, 16], "rotation": 90, "texture": "#3"},
				"south": {"uv": [1.56094, 0.25, 1.22969, 0], "rotation": 270, "texture": "#3"},
				"west": {"uv": [1.56094, 0, 1.22969, 16], "rotation": 270, "texture": "#3"},
				"up": {"uv": [7.52344, 0, 7.27344, 16], "rotation": 180, "texture": "#3"},
				"down": {"uv": [1.14844, 0, 1.39844, 16], "rotation": 180, "texture": "#3"}
			}
		},
		{
			"from": [-0.56188, 0, 0.22104],
			"to": [0.03812, 15.975, 2.88979],
			"rotation": {"angle": 0, "axis": "y", "origin": [1.09651, 9.07785, 7.9478]},
			"faces": {
				"north": {"uv": [0.6, 0, 0, 15.975], "texture": "#3"},
				"east": {"uv": [2.66875, 0, 0, 15.975], "texture": "#3"},
				"south": {"uv": [0.6, 0.025, 0, 16], "texture": "#3"},
				"west": {"uv": [2.66875, 0, 0, 15.975], "texture": "#3"},
				"up": {"uv": [12.26875, 0, 9.6, 0.6], "rotation": 90, "texture": "#3"},
				"down": {"uv": [12.26875, 15, 9.6, 15.6], "rotation": 270, "texture": "#3"}
			}
		},
		{
			"from": [-0.56188, 0, 13.62104],
			"to": [0.03812, 15.975, 15.78979],
			"rotation": {"angle": 0, "axis": "y", "origin": [1.09651, 9.07785, 7.9478]},
			"faces": {
				"north": {"uv": [0, 0.025, 0.6, 16], "rotation": 180, "texture": "#3"},
				"east": {"uv": [2.16875, 0, 0, 15.975], "rotation": 180, "texture": "#3"},
				"south": {"uv": [-5.425, 0, -6.025, 15.975], "rotation": 180, "texture": "#3"},
				"west": {"uv": [2.16875, 0.025, 0, 16], "rotation": 180, "texture": "#3"},
				"up": {"uv": [3.08437, 6.52344, 2.48437, 8.69219], "rotation": 180, "texture": "#3"},
				"down": {"uv": [4.48281, 8.21875, 3.88281, 10.3875], "rotation": 180, "texture": "#3"}
			}
		},
		{
			"from": [-0.36188, 8.1, 2.82104],
			"to": [-0.16188, 10.675, 13.68979],
			"rotation": {"angle": 0, "axis": "y", "origin": [1.09651, 9.07785, 7.9478]},
			"faces": {
				"north": {"uv": [3.4, 0, 3.2, 2.575], "texture": "#3"},
				"east": {"uv": [10.86875, 0, 0, 2.575], "texture": "#3"},
				"south": {"uv": [3.4, 0, 3.2, 2.575], "texture": "#3"},
				"west": {"uv": [10.86875, 0, 0, 2.575], "texture": "#3"},
				"up": {"uv": [10.86875, 0.04688, 0, 0.24688], "rotation": 90, "texture": "#3"},
				"down": {"uv": [10.86875, 0, 0, 0.2], "rotation": 270, "texture": "#3"}
			}
		},
		{
			"from": [-0.36188, 10.8, 2.82104],
			"to": [-0.16188, 13.375, 13.68979],
			"rotation": {"angle": 0, "axis": "y", "origin": [1.09651, 9.07785, 7.9478]},
			"faces": {
				"north": {"uv": [3.4, 0, 3.2, 2.575], "texture": "#3"},
				"east": {"uv": [10.86875, 0, 0, 2.575], "texture": "#3"},
				"south": {"uv": [3.4, 0, 3.2, 2.575], "texture": "#3"},
				"west": {"uv": [10.86875, 0, 0, 2.575], "texture": "#3"},
				"up": {"uv": [10.86875, 0, 0, 0.2], "rotation": 90, "texture": "#3"},
				"down": {"uv": [10.86875, 0, 0, 0.2], "rotation": 270, "texture": "#3"}
			}
		},
		{
			"from": [-0.36188, 13.5, 2.82104],
			"to": [-0.16188, 15.975, 13.68979],
			"rotation": {"angle": 0, "axis": "y", "origin": [1.09651, 9.07785, 7.9478]},
			"faces": {
				"north": {"uv": [3.4, 0, 3.2, 2.475], "texture": "#3"},
				"east": {"uv": [10.86875, 0, 0, 2.475], "texture": "#3"},
				"south": {"uv": [3.4, 0, 3.2, 2.475], "texture": "#3"},
				"west": {"uv": [10.86875, 0, 0, 2.475], "texture": "#3"},
				"up": {"uv": [10.86875, 0, 0, 0.2], "rotation": 90, "texture": "#3"},
				"down": {"uv": [10.86875, 0, 0, 0.2], "rotation": 270, "texture": "#3"}
			}
		},
		{
			"from": [-0.36188, 5.4, 2.82104],
			"to": [-0.16188, 7.975, 13.68979],
			"rotation": {"angle": 0, "axis": "y", "origin": [1.09651, 9.07785, 7.9478]},
			"faces": {
				"north": {"uv": [3.4, 0, 3.2, 2.575], "texture": "#3"},
				"east": {"uv": [10.86875, 0, 0, 2.575], "texture": "#3"},
				"south": {"uv": [3.4, 0, 3.2, 2.575], "texture": "#3"},
				"west": {"uv": [10.86875, 0, 0, 2.575], "texture": "#3"},
				"up": {"uv": [10.86875, 0, 0, 0.2], "rotation": 90, "texture": "#3"},
				"down": {"uv": [10.86875, 0, 0, 0.2], "rotation": 270, "texture": "#3"}
			}
		},
		{
			"from": [-0.36188, 2.7, 2.82104],
			"to": [-0.16188, 5.275, 13.68979],
			"rotation": {"angle": 0, "axis": "y", "origin": [1.09651, 9.07785, 7.9478]},
			"faces": {
				"north": {"uv": [3.4, 0, 3.2, 2.575], "texture": "#3"},
				"east": {"uv": [10.86875, 0, 0, 2.575], "texture": "#3"},
				"south": {"uv": [3.4, 0, 3.2, 2.575], "texture": "#3"},
				"west": {"uv": [10.86875, 0, 0, 2.575], "texture": "#3"},
				"up": {"uv": [10.86875, 0, 0, 0.2], "rotation": 90, "texture": "#3"},
				"down": {"uv": [10.86875, 0, 0, 0.2], "rotation": 270, "texture": "#3"}
			}
		},
		{
			"from": [-0.46188, 0, 2.62104],
			"to": [-0.06188, 15.975, 3.18979],
			"rotation": {"angle": 0, "axis": "y", "origin": [1.09651, 9.07785, 7.9478]},
			"faces": {
				"north": {"uv": [0, 0, 0.4, 15.975], "texture": "#4"},
				"east": {"uv": [0, 0, 0.56875, 15.975], "texture": "#4"},
				"south": {"uv": [0, 0, 0.4, 15.975], "texture": "#4"},
				"west": {"uv": [0, 0, 0.56875, 15.975], "texture": "#4"},
				"up": {"uv": [0, 0, 0.56875, 0.4], "rotation": 90, "texture": "#4"},
				"down": {"uv": [0, 0, 0.56875, 0.4], "rotation": 270, "texture": "#4"}
			}
		},
		{
			"from": [-0.46188, 0, 13.32104],
			"to": [-0.06188, 15.975, 13.68979],
			"rotation": {"angle": 0, "axis": "y", "origin": [1.09651, 9.07785, 7.9478]},
			"faces": {
				"north": {"uv": [0, 0, 0.4, 15.975], "texture": "#4"},
				"east": {"uv": [0, 0, 0.36875, 15.975], "texture": "#4"},
				"south": {"uv": [0, 0, 0.4, 15.975], "texture": "#4"},
				"west": {"uv": [0, 0, 0.36875, 15.975], "texture": "#4"},
				"up": {"uv": [0, 0, 0.36875, 0.4], "rotation": 90, "texture": "#4"},
				"down": {"uv": [0, 0, 0.36875, 0.4], "rotation": 270, "texture": "#4"}
			}
		},
		{
			"from": [-0.36188, 0, 2.82104],
			"to": [-0.16188, 2.575, 13.68979],
			"rotation": {"angle": 0, "axis": "y", "origin": [1.09651, 9.07785, 7.9478]},
			"faces": {
				"north": {"uv": [3.4, 0, 3.2, 2.575], "texture": "#3"},
				"east": {"uv": [10.86875, 0, 0, 2.575], "texture": "#3"},
				"south": {"uv": [3.4, 0, 3.2, 2.575], "texture": "#3"},
				"west": {"uv": [10.86875, 0, 0, 2.575], "texture": "#3"},
				"up": {"uv": [10.86875, 0, 0, 0.2], "rotation": 90, "texture": "#3"},
				"down": {"uv": [10.86875, 0, 0, 0.2], "rotation": 270, "texture": "#3"}
			}
		},
		{
			"from": [0, -8.6, 13.8],
			"to": [1.1, -8.3, 14.4],
			"faces": {
				"north": {"uv": [0, 0, 1.1, 0.3], "texture": "#4"},
				"east": {"uv": [0, 0, 0.6, 0.3], "texture": "#4"},
				"south": {"uv": [0, 0, 1.1, 0.3], "texture": "#4"},
				"west": {"uv": [0, 0, 0.6, 0.3], "texture": "#4"},
				"up": {"uv": [0, 0, 1.1, 0.6], "texture": "#4"},
				"down": {"uv": [0, 0, 1.1, 0.6], "texture": "#4"}
			}
		},
		{
			"from": [0.7, -8.3, 13.8],
			"to": [1.1, 8, 14.4],
			"faces": {
				"north": {"uv": [0, 0, 0.4, 16], "texture": "#4"},
				"east": {"uv": [0, 0, 0.6, 16], "texture": "#4"},
				"south": {"uv": [0, 0, 0.4, 16], "texture": "#4"},
				"west": {"uv": [0, 0, 0.6, 16], "texture": "#4"},
				"up": {"uv": [0, 0, 0.4, 0.6], "texture": "#4"},
				"down": {"uv": [0, 0, 0.4, 0.6], "texture": "#4"}
			}
		},
		{
			"from": [0, 8, 13.8],
			"to": [1.1, 8.3, 14.4],
			"faces": {
				"north": {"uv": [0, 0, 1.1, 0.3], "texture": "#4"},
				"east": {"uv": [0, 0, 0.6, 0.3], "texture": "#4"},
				"south": {"uv": [0, 0, 1.1, 0.3], "texture": "#4"},
				"west": {"uv": [0, 0, 0.6, 0.3], "texture": "#4"},
				"up": {"uv": [0, 0, 1.1, 0.6], "texture": "#4"},
				"down": {"uv": [0, 0, 1.1, 0.6], "texture": "#4"}
			}
		},
		{
			"from": [-1.6, -8.6, 13.8],
			"to": [-0.5, -8.3, 14.4],
			"faces": {
				"north": {"uv": [0, 0, 1.1, 0.3], "texture": "#4"},
				"east": {"uv": [0, 0, 0.6, 0.3], "texture": "#4"},
				"south": {"uv": [0, 0, 1.1, 0.3], "texture": "#4"},
				"west": {"uv": [0, 0, 0.6, 0.3], "texture": "#4"},
				"up": {"uv": [0, 0, 1.1, 0.6], "texture": "#4"},
				"down": {"uv": [0, 0, 1.1, 0.6], "texture": "#4"}
			}
		},
		{
			"from": [-1.6, -8.3, 13.8],
			"to": [-1.2, 8, 14.4],
			"faces": {
				"north": {"uv": [0, 0, 0.4, 16], "texture": "#4"},
				"east": {"uv": [0, 0, 0.6, 16], "texture": "#4"},
				"south": {"uv": [0, 0, 0.4, 16], "texture": "#4"},
				"west": {"uv": [0, 0, 0.6, 16], "texture": "#4"},
				"up": {"uv": [0, 0, 0.4, 0.6], "texture": "#4"},
				"down": {"uv": [0, 0, 0.4, 0.6], "texture": "#4"}
			}
		},
		{
			"from": [-1.6, 8, 13.8],
			"to": [-0.5, 8.3, 14.4],
			"faces": {
				"north": {"uv": [0, 0, 1.1, 0.3], "texture": "#4"},
				"east": {"uv": [0, 0, 0.6, 0.3], "texture": "#4"},
				"south": {"uv": [0, 0, 1.1, 0.3], "texture": "#4"},
				"west": {"uv": [0, 0, 0.6, 0.3], "texture": "#4"},
				"up": {"uv": [0, 0, 1.1, 0.6], "texture": "#4"},
				"down": {"uv": [0, 0, 1.1, 0.6], "texture": "#4"}
			}
		},
		{
			"from": [0.1, 0, 14.6],
			"to": [0.1, 1, 15.6],
			"faces": {
				"north": {"uv": [0, 0, 0, 1], "texture": "#2"},
				"east": {"uv": [0.384, 10.432, 5.128, 15.464], "texture": "#2"},
				"south": {"uv": [0, 0, 0, 1], "texture": "#2"},
				"west": {"uv": [0, 0, 1, 1], "texture": "#2"},
				"up": {"uv": [0, 0, 0, 1], "texture": "#2"},
				"down": {"uv": [0, 0, 0, 1], "texture": "#2"}
			}
		},
		{
			"from": [-0.6, 0, 14.6],
			"to": [-0.6, 1, 15.6],
			"faces": {
				"north": {"uv": [0, 0, 0, 1], "texture": "#2"},
				"east": {"uv": [0.384, 10.432, 5.128, 15.464], "texture": "#2"},
				"south": {"uv": [0, 0, 0, 1], "texture": "#2"},
				"west": {"uv": [0.48, 10.464, 5.128, 15.496], "texture": "#2"},
				"up": {"uv": [0, 0, 0, 1], "texture": "#2"},
				"down": {"uv": [0, 0, 0, 1], "texture": "#2"}
			}
		},
		{
			"from": [-0.62, 0, 14.6],
			"to": [-0.62, 1, 15.6],
			"faces": {
				"north": {"uv": [0, 0, 0, 1], "texture": "#2"},
				"east": {"uv": [0.384, 10.432, 5.128, 15.464], "texture": "#2"},
				"south": {"uv": [0, 0, 0, 1], "texture": "#2"},
				"west": {"uv": [0.48, 10.464, 5.128, 15.496], "texture": "#2"},
				"up": {"uv": [0, 0, 0, 1], "texture": "#2"},
				"down": {"uv": [0, 0, 0, 1], "texture": "#2"}
			}
		},
		{
			"from": [0.12, 0, 14.6],
			"to": [0.12, 1, 15.6],
			"faces": {
				"north": {"uv": [0, 0, 0, 1], "texture": "#2"},
				"east": {"uv": [0.384, 10.432, 5.128, 15.464], "texture": "#2"},
				"south": {"uv": [0, 0, 0, 1], "texture": "#2"},
				"west": {"uv": [0, 0, 1, 1], "texture": "#2"},
				"up": {"uv": [0, 0, 0, 1], "texture": "#2"},
				"down": {"uv": [0, 0, 0, 1], "texture": "#2"}
			}
		},
		{
			"from": [-0.64, 0, 14.6],
			"to": [-0.64, 1, 15.6],
			"faces": {
				"north": {"uv": [0, 0, 0, 1], "texture": "#2"},
				"east": {"uv": [0.384, 10.432, 5.128, 15.464], "texture": "#2"},
				"south": {"uv": [0, 0, 0, 1], "texture": "#2"},
				"west": {"uv": [0.48, 10.464, 5.128, 15.496], "texture": "#2"},
				"up": {"uv": [0, 0, 0, 1], "texture": "#2"},
				"down": {"uv": [0, 0, 0, 1], "texture": "#2"}
			}
		},
		{
			"from": [-0.66, 0, 14.6],
			"to": [-0.66, 1, 15.6],
			"faces": {
				"north": {"uv": [0, 0, 0, 1], "texture": "#2"},
				"east": {"uv": [0.384, 10.432, 5.128, 15.464], "texture": "#2"},
				"south": {"uv": [0, 0, 0, 1], "texture": "#2"},
				"west": {"uv": [0.48, 10.464, 5.128, 15.496], "texture": "#2"},
				"up": {"uv": [0, 0, 0, 1], "texture": "#2"},
				"down": {"uv": [0, 0, 0, 1], "texture": "#2"}
			}
		}
	],
	"groups": [
		{
			"name": "group",
			"origin": [9.45491, 8.01875, 0.74018],
			"color": 0,
			"children": []
		},
		0,
		1,
		2,
		3,
		4,
		5,
		6,
		7,
		8,
		9,
		10,
		11,
		12,
		13,
		14,
		15,
		16,
		17,
		18,
		19,
		20,
		21,
		22,
		23,
		24,
		25,
		26,
		27
	]
}