{
	"credit": "Made with Blockbench",
	"textures": {
		"2": "block/door/acacia_door_tx",
		"3": "block/door/hinges_and_lock_acacia_door",
		"4": "block/door/metal",
		"particle": "block/door/metal"
	},
	"elements": [
		{
			"from": [0.38889, 5.25, 0.47034],
			"to": [0.38889, 6.75, 0.77034],
			"rotation": {"angle": 45, "axis": "y", "origin": [0.45, 6, 0.635]},
			"faces": {
				"north": {"uv": [0, 0, 0.5, 0], "rotation": 90, "texture": "#3"},
				"east": {"uv": [13.752, 6.348, 15.2, 16], "rotation": 180, "texture": "#3"},
				"south": {"uv": [0, 0, 0.5, 0], "rotation": 90, "texture": "#3"},
				"west": {"uv": [13.716, 6.212, 15.232, 16], "rotation": 180, "texture": "#3"},
				"up": {"uv": [0, 0, 0, 1], "texture": "#3"},
				"down": {"uv": [3.648, 0, 13.312, 1], "rotation": 180, "texture": "#3"}
			}
		},
		{
			"from": [0.40889, 5.25, 0.47034],
			"to": [0.40889, 6.75, 0.77034],
			"rotation": {"angle": 45, "axis": "y", "origin": [0.45, 6, 0.635]},
			"faces": {
				"north": {"uv": [0, 0, 0.5, 0], "rotation": 90, "texture": "#3"},
				"east": {"uv": [13.752, 6.348, 15.2, 16], "rotation": 180, "texture": "#3"},
				"south": {"uv": [0, 0, 0.5, 0], "rotation": 90, "texture": "#3"},
				"west": {"uv": [0, 0, 0.5, 1], "rotation": 270, "texture": "#3"},
				"up": {"uv": [0, 0, 0, 1], "texture": "#3"},
				"down": {"uv": [3.648, 0, 13.312, 1], "rotation": 180, "texture": "#3"}
			}
		},
		{
			"from": [0.42889, 5.25, 0.47034],
			"to": [0.42889, 6.75, 0.77034],
			"rotation": {"angle": 45, "axis": "y", "origin": [0.45, 6, 0.635]},
			"faces": {
				"north": {"uv": [0, 0, 0.5, 0], "rotation": 90, "texture": "#3"},
				"east": {"uv": [13.752, 6.348, 15.2, 16], "rotation": 180, "texture": "#3"},
				"south": {"uv": [0, 0, 0.5, 0], "rotation": 90, "texture": "#3"},
				"west": {"uv": [0, 0, 0.5, 1], "rotation": 270, "texture": "#3"},
				"up": {"uv": [0, 0, 0, 1], "texture": "#3"},
				"down": {"uv": [3.648, 0, 13.312, 1], "rotation": 180, "texture": "#3"}
			}
		},
		{
			"from": [0.44889, 5.25, 0.47034],
			"to": [0.44889, 6.75, 0.77034],
			"rotation": {"angle": 45, "axis": "y", "origin": [0.45, 6, 0.635]},
			"faces": {
				"north": {"uv": [0, 0, 0.5, 0], "rotation": 90, "texture": "#3"},
				"east": {"uv": [13.752, 6.348, 15.2, 16], "rotation": 180, "texture": "#3"},
				"south": {"uv": [0, 0, 0.5, 0], "rotation": 90, "texture": "#3"},
				"west": {"uv": [0, 0, 0.5, 1], "rotation": 270, "texture": "#3"},
				"up": {"uv": [0, 0, 0, 1], "texture": "#3"},
				"down": {"uv": [3.648, 0, 13.312, 1], "rotation": 180, "texture": "#3"}
			}
		},
		{
			"from": [0.45625, -0.025, 3.49562],
			"to": [0.85625, 15.975, 3.86437],
			"rotation": {"angle": 0, "axis": "y", "origin": [1.65625, 7.9625, 7.03]},
			"faces": {
				"north": {"uv": [0, 0, 16, 0.4], "rotation": 90, "texture": "#4"},
				"east": {"uv": [0, 0, 16, 0.36875], "rotation": 90, "texture": "#4"},
				"south": {"uv": [0, 0, 16, 0.4], "rotation": 90, "texture": "#4"},
				"west": {"uv": [0, 0, 16, 0.36875], "rotation": 90, "texture": "#4"},
				"up": {"uv": [0, 0, 0.36875, 0.4], "rotation": 270, "texture": "#4"},
				"down": {"uv": [0, 0, 0.36875, 0.4], "rotation": 270, "texture": "#4"}
			}
		},
		{
			"from": [0.35625, -0.025, 0.89562],
			"to": [0.95625, 15.975, 3.56437],
			"rotation": {"angle": 0, "axis": "y", "origin": [1.65625, 7.9625, 7.03]},
			"faces": {
				"north": {"uv": [14.63438, 0, 15.23438, 16], "texture": "#2"},
				"east": {"uv": [15.23438, 0, 12.56563, 16], "texture": "#2"},
				"south": {"uv": [15.28125, 0, 14.68125, 16], "texture": "#2"},
				"west": {"uv": [15.28125, 0, 12.6125, 16], "texture": "#2"},
				"up": {"uv": [15.14844, 0, 12.47969, 0.6], "rotation": 270, "texture": "#2"},
				"down": {"uv": [15.05469, 0, 12.38594, 0.6], "rotation": 90, "texture": "#2"}
			}
		},
		{
			"from": [0.45625, -0.025, 13.99562],
			"to": [0.85625, 15.975, 14.46437],
			"rotation": {"angle": 0, "axis": "y", "origin": [1.65625, 7.9625, 7.03]},
			"faces": {
				"north": {"uv": [0, 0, 16, 0.4], "rotation": 90, "texture": "#4"},
				"east": {"uv": [0, 0, 16, 0.46875], "rotation": 90, "texture": "#4"},
				"south": {"uv": [0, 0, 16, 0.4], "rotation": 90, "texture": "#4"},
				"west": {"uv": [0, 0, 16, 0.46875], "rotation": 90, "texture": "#4"},
				"up": {"uv": [0, 0, 0.46875, 0.4], "rotation": 270, "texture": "#4"},
				"down": {"uv": [0, 0, 0.46875, 0.4], "rotation": 270, "texture": "#4"}
			}
		},
		{
			"from": [0.35625, -0.025, 14.29562],
			"to": [0.95625, 15.975, 16.96437],
			"rotation": {"angle": 0, "axis": "y", "origin": [1.65625, 7.9625, 7.03]},
			"faces": {
				"north": {"uv": [0, 0, 0.6, 16], "texture": "#2"},
				"east": {"uv": [2.66875, 0, 0, 16], "texture": "#2"},
				"south": {"uv": [0.6, 0, 0, 16], "texture": "#2"},
				"west": {"uv": [2.66875, 0, 0, 16], "texture": "#2"},
				"up": {"uv": [2.66875, 0, 0, 0.6], "rotation": 270, "texture": "#2"},
				"down": {"uv": [2.66875, 0, 0, 0.6], "rotation": 90, "texture": "#2"}
			}
		},
		{
			"from": [0.55625, 13.475, 3.49562],
			"to": [0.75625, 15.85, 14.36437],
			"rotation": {"angle": 0, "axis": "y", "origin": [1.65625, 7.9625, 7.03]},
			"faces": {
				"north": {"uv": [0.89844, 3.1875, 1.09844, 5.5625], "texture": "#2"},
				"east": {"uv": [10.86875, 0, 0, 2.375], "texture": "#2"},
				"south": {"uv": [3.4, 0, 3.2, 2.375], "texture": "#2"},
				"west": {"uv": [10.86875, 0, 0, 2.375], "texture": "#2"},
				"up": {"uv": [10.86875, 0, 0, 0.2], "rotation": 270, "texture": "#2"},
				"down": {"uv": [10.86875, 0, 0, 0.2], "rotation": 90, "texture": "#2"}
			}
		},
		{
			"from": [0.55625, 10.775, 3.49562],
			"to": [0.75625, 13.35, 14.36437],
			"rotation": {"angle": 0, "axis": "y", "origin": [1.65625, 7.9625, 7.03]},
			"faces": {
				"north": {"uv": [0.89844, 3.1875, 1.09844, 5.7625], "texture": "#2"},
				"east": {"uv": [10.86875, 0, 0, 2.575], "texture": "#2"},
				"south": {"uv": [3.4, 0, 3.2, 2.575], "texture": "#2"},
				"west": {"uv": [10.86875, 0, 0, 2.575], "texture": "#2"},
				"up": {"uv": [10.86875, 0, 0, 0.2], "rotation": 270, "texture": "#2"},
				"down": {"uv": [10.86875, 0, 0, 0.2], "rotation": 90, "texture": "#2"}
			}
		},
		{
			"from": [0.55625, 8.075, 3.49562],
			"to": [0.75625, 10.65, 14.36437],
			"rotation": {"angle": 0, "axis": "y", "origin": [1.65625, 7.9625, 7.03]},
			"faces": {
				"north": {"uv": [0, 3.1875, 0.2, 5.7625], "texture": "#2"},
				"east": {"uv": [10.86875, 0, 0, 2.575], "texture": "#2"},
				"south": {"uv": [2.50156, 0, 2.30156, 2.575], "texture": "#2"},
				"west": {"uv": [10.86875, 0, 0, 2.575], "texture": "#2"},
				"up": {"uv": [10.86875, 0, 0, 0.2], "rotation": 270, "texture": "#2"},
				"down": {"uv": [10.86875, 0, 0, 0.2], "rotation": 90, "texture": "#2"}
			}
		},
		{
			"from": [0.55625, 5.375, 3.49562],
			"to": [0.75625, 7.95, 14.36437],
			"rotation": {"angle": 0, "axis": "y", "origin": [1.65625, 7.9625, 7.03]},
			"faces": {
				"north": {"uv": [0.89844, 3.1875, 1.09844, 5.7625], "texture": "#2"},
				"east": {"uv": [10.86875, 0, 0, 2.575], "texture": "#2"},
				"south": {"uv": [3.4, 0, 3.2, 2.575], "texture": "#2"},
				"west": {"uv": [10.86875, 0, 0, 2.575], "texture": "#2"},
				"up": {"uv": [10.86875, 0, 0, 0.2], "rotation": 270, "texture": "#2"},
				"down": {"uv": [10.86875, 0, 0, 0.2], "rotation": 90, "texture": "#2"}
			}
		},
		{
			"from": [0.55625, 2.675, 3.49562],
			"to": [0.75625, 5.25, 14.36437],
			"rotation": {"angle": 0, "axis": "y", "origin": [1.65625, 7.9625, 7.03]},
			"faces": {
				"north": {"uv": [0.89844, 3.1875, 1.09844, 5.7625], "texture": "#2"},
				"east": {"uv": [10.86875, 0, 0, 2.575], "texture": "#2"},
				"south": {"uv": [3.4, 0, 3.2, 2.575], "texture": "#2"},
				"west": {"uv": [10.86875, 0, 0, 2.575], "texture": "#2"},
				"up": {"uv": [10.86875, 0, 0, 0.2], "rotation": 270, "texture": "#2"},
				"down": {"uv": [10.86875, 0, 0, 0.2], "rotation": 90, "texture": "#2"}
			}
		},
		{
			"from": [0.55625, -0.025, 3.49562],
			"to": [0.75625, 2.55, 14.36437],
			"rotation": {"angle": 0, "axis": "y", "origin": [1.65625, 7.9625, 7.03]},
			"faces": {
				"north": {"uv": [0.89844, 3.1875, 1.09844, 5.7625], "texture": "#2"},
				"east": {"uv": [10.86875, 0, 0, 2.575], "texture": "#2"},
				"south": {"uv": [3.4, 0, 3.2, 2.575], "texture": "#2"},
				"west": {"uv": [10.86875, 0, 0, 2.575], "texture": "#2"},
				"up": {"uv": [10.86875, 0, 0, 0.2], "rotation": 270, "texture": "#2"},
				"down": {"uv": [10.86875, 0, 0, 0.2], "rotation": 90, "texture": "#2"}
			}
		},
		{
			"from": [15.79375, 0, -0.8],
			"to": [18.01875, 16, 0.70625],
			"rotation": {"angle": 0, "axis": "y", "origin": [7.97266, 8, 15.58906]},
			"faces": {
				"north": {"uv": [2.225, 0, 0, 16], "texture": "#2"},
				"east": {"uv": [1.10625, 0, 0, 16], "texture": "#2"},
				"south": {"uv": [2.225, 0, 0, 16], "texture": "#2"},
				"west": {"uv": [1.10625, 0, 0, 16], "texture": "#2"},
				"up": {"uv": [0, 16, 1.10625, 13.775], "rotation": 90, "texture": "#2"},
				"down": {"uv": [0, 16, 1.10625, 13.775], "rotation": 270, "texture": "#2"}
			}
		},
		{
			"from": [-2.075, 0, -0.8],
			"to": [0.19688, 16.125, 0.70625],
			"rotation": {"angle": 0, "axis": "y", "origin": [7.97109, 8.125, 15.58906]},
			"faces": {
				"north": {"uv": [0, 0, 2.27188, 16], "texture": "#2"},
				"east": {"uv": [0, 0, 1.10625, 16], "texture": "#2"},
				"south": {"uv": [0, 0, 2.27188, 16], "texture": "#2"},
				"west": {"uv": [0, 0, 1.10625, 16], "texture": "#2"},
				"up": {"uv": [0, 0, 1.10625, 2.27188], "rotation": 90, "texture": "#2"},
				"down": {"uv": [0, 10.12187, 1.10625, 12.39375], "rotation": 270, "texture": "#2"}
			}
		},
		{
			"from": [15.79375, 14.25, -0.95625],
			"to": [16, 16.25, -0.8],
			"rotation": {"angle": 0, "axis": "y", "origin": [7.98516, 22.25, 17.08906]},
			"faces": {
				"north": {"uv": [8.375, 0, 11.544, 16], "texture": "#2"},
				"east": {"uv": [4.563, 0.063, 6.313, 16], "texture": "#2"},
				"south": {"uv": [0, 3.1875, 0.89844, 2], "texture": "#2"},
				"west": {"uv": [0, 0.17969, 1.15625, 1.92969], "texture": "#2"},
				"up": {"uv": [0, 0, 3.2, 16], "texture": "#2"},
				"down": {"uv": [1.75, 15.90625, 0, 16], "texture": "#2"}
			}
		},
		{
			"from": [15.79375, 0, -0.95],
			"to": [16, 14.25, -0.8],
			"rotation": {"angle": 0, "axis": "y", "origin": [7.98516, 8, 15.58906]},
			"faces": {
				"north": {"uv": [8.375, 0, 11.544, 16], "texture": "#2"},
				"east": {"uv": [4.563, 0.063, 6.313, 16], "texture": "#2"},
				"south": {"uv": [0, 3.1875, 0.89844, 14.25], "texture": "#2"},
				"west": {"uv": [0, 0, 1.15, 14.25], "texture": "#2"},
				"up": {"uv": [0, 0, 3.2, 16], "texture": "#2"},
				"down": {"uv": [1.75, 15.90625, 0, 16], "texture": "#2"}
			}
		},
		{
			"from": [0, 0, -0.95],
			"to": [0.20625, 16, -0.8],
			"rotation": {"angle": 0, "axis": "y", "origin": [8.01484, 8, 15.58906]},
			"faces": {
				"north": {"uv": [11.544, 0, 8.375, 16], "texture": "#2"},
				"east": {"uv": [12, 0, 10.25, 16], "texture": "#2"},
				"south": {"uv": [0.89844, 3.1875, 0, 16], "texture": "#2"},
				"west": {"uv": [6.313, 0.063, 4.563, 16], "texture": "#2"},
				"up": {"uv": [3.2, 0, 0, 16], "texture": "#2"},
				"down": {"uv": [0, 15.90625, 1.75, 16], "texture": "#2"}
			}
		},
		{
			"from": [0.405, 5.25, 0.885],
			"to": [1.005, 6.75, 0.885],
			"rotation": {"angle": 0, "axis": "y", "origin": [0.45, 6, 0.635]},
			"faces": {
				"north": {"uv": [3.104, 2.304, 12.756, 6.184], "rotation": 270, "texture": "#3"},
				"east": {"uv": [0, 0, 0.5, 0], "rotation": 270, "texture": "#3"},
				"south": {"uv": [0, 0, 0.5, 1], "rotation": 90, "texture": "#3"},
				"west": {"uv": [0, 0, 0.5, 0], "rotation": 270, "texture": "#3"},
				"up": {"uv": [2.56, 0, 12.224, 1], "rotation": 90, "texture": "#3"},
				"down": {"uv": [0, 0, 0, 1], "rotation": 90, "texture": "#3"}
			}
		},
		{
			"from": [0.405, 5.25, 0.865],
			"to": [1.005, 6.75, 0.865],
			"rotation": {"angle": 0, "axis": "y", "origin": [0.45, 6, 0.635]},
			"faces": {
				"north": {"uv": [3.104, 2.304, 12.756, 6.184], "rotation": 270, "texture": "#3"},
				"east": {"uv": [0, 0, 0.5, 0], "rotation": 270, "texture": "#3"},
				"south": {"uv": [0, 0, 0.5, 1], "rotation": 90, "texture": "#3"},
				"west": {"uv": [0, 0, 0.5, 0], "rotation": 270, "texture": "#3"},
				"up": {"uv": [2.56, 0, 12.224, 1], "rotation": 90, "texture": "#3"},
				"down": {"uv": [0, 0, 0, 1], "rotation": 90, "texture": "#3"}
			}
		},
		{
			"from": [0.405, 5.25, 0.845],
			"to": [1.005, 6.75, 0.845],
			"rotation": {"angle": 0, "axis": "y", "origin": [0.45, 6, 0.635]},
			"faces": {
				"north": {"uv": [3.104, 2.304, 12.756, 6.184], "rotation": 270, "texture": "#3"},
				"east": {"uv": [0, 0, 0.5, 0], "rotation": 270, "texture": "#3"},
				"south": {"uv": [0, 0, 0.5, 1], "rotation": 90, "texture": "#3"},
				"west": {"uv": [0, 0, 0.5, 0], "rotation": 270, "texture": "#3"},
				"up": {"uv": [2.56, 0, 12.224, 1], "rotation": 90, "texture": "#3"},
				"down": {"uv": [0, 0, 0, 1], "rotation": 90, "texture": "#3"}
			}
		},
		{
			"from": [0.405, 5.25, 0.825],
			"to": [1.005, 6.75, 0.825],
			"rotation": {"angle": 0, "axis": "y", "origin": [0.45, 6, 0.635]},
			"faces": {
				"north": {"uv": [3.104, 2.304, 12.756, 6.184], "rotation": 270, "texture": "#3"},
				"east": {"uv": [0, 0, 0.5, 0], "rotation": 270, "texture": "#3"},
				"south": {"uv": [0, 0, 0.5, 1], "rotation": 90, "texture": "#3"},
				"west": {"uv": [0, 0, 0.5, 0], "rotation": 270, "texture": "#3"},
				"up": {"uv": [2.56, 0, 12.224, 1], "rotation": 90, "texture": "#3"},
				"down": {"uv": [0, 0, 0, 1], "rotation": 90, "texture": "#3"}
			}
		},
		{
			"from": [0.405, 5.25, 0.805],
			"to": [1.005, 6.75, 0.805],
			"rotation": {"angle": 0, "axis": "y", "origin": [0.45, 6, 0.635]},
			"faces": {
				"north": {"uv": [3.104, 2.304, 12.756, 6.184], "rotation": 270, "texture": "#3"},
				"east": {"uv": [0, 0, 0.5, 0], "rotation": 270, "texture": "#3"},
				"south": {"uv": [0, 0, 0.5, 1], "rotation": 90, "texture": "#3"},
				"west": {"uv": [0, 0, 0.5, 0], "rotation": 270, "texture": "#3"},
				"up": {"uv": [2.56, 0, 12.224, 1], "rotation": 90, "texture": "#3"},
				"down": {"uv": [0, 0, 0, 1], "rotation": 90, "texture": "#3"}
			}
		},
		{
			"from": [0.215, 5.25, 0.135],
			"to": [0.215, 6.75, 0.635],
			"rotation": {"angle": 0, "axis": "y", "origin": [0.45, 6, 0.635]},
			"faces": {
				"north": {"uv": [0, 0, 0.5, 0], "rotation": 90, "texture": "#3"},
				"east": {"uv": [3.104, 2.304, 12.756, 6.184], "rotation": 90, "texture": "#3"},
				"south": {"uv": [0, 0, 0.5, 0], "rotation": 90, "texture": "#3"},
				"west": {"uv": [0, 0, 0.5, 1], "rotation": 270, "texture": "#3"},
				"up": {"uv": [0, 0, 0, 1], "texture": "#3"},
				"down": {"uv": [2.56, 0, 12.224, 1], "rotation": 180, "texture": "#3"}
			}
		},
		{
			"from": [0.195, 5.25, 0.135],
			"to": [0.195, 6.75, 0.635],
			"rotation": {"angle": 0, "axis": "y", "origin": [0.45, 6, 0.635]},
			"faces": {
				"north": {"uv": [0, 0, 0.5, 0], "rotation": 90, "texture": "#3"},
				"east": {"uv": [3.104, 2.304, 12.756, 6.184], "rotation": 90, "texture": "#3"},
				"south": {"uv": [0, 0, 0.5, 0], "rotation": 90, "texture": "#3"},
				"west": {"uv": [0, 0, 0.5, 1], "rotation": 270, "texture": "#3"},
				"up": {"uv": [0, 0, 0, 1], "texture": "#3"},
				"down": {"uv": [2.56, 0, 12.224, 1], "rotation": 180, "texture": "#3"}
			}
		},
		{
			"from": [0.235, 5.25, 0.135],
			"to": [0.235, 6.75, 0.635],
			"rotation": {"angle": 0, "axis": "y", "origin": [0.45, 6, 0.635]},
			"faces": {
				"north": {"uv": [0, 0, 0.5, 0], "rotation": 90, "texture": "#3"},
				"east": {"uv": [3.104, 2.304, 12.756, 6.184], "rotation": 90, "texture": "#3"},
				"south": {"uv": [0, 0, 0.5, 0], "rotation": 90, "texture": "#3"},
				"west": {"uv": [0, 0, 0.5, 1], "rotation": 270, "texture": "#3"},
				"up": {"uv": [0, 0, 0, 1], "texture": "#3"},
				"down": {"uv": [2.56, 0, 12.224, 1], "rotation": 180, "texture": "#3"}
			}
		},
		{
			"from": [0.255, 5.25, 0.135],
			"to": [0.255, 6.75, 0.635],
			"rotation": {"angle": 0, "axis": "y", "origin": [0.45, 6, 0.635]},
			"faces": {
				"north": {"uv": [0, 0, 0.5, 0], "rotation": 90, "texture": "#3"},
				"east": {"uv": [3.104, 2.304, 12.756, 6.184], "rotation": 90, "texture": "#3"},
				"south": {"uv": [0, 0, 0.5, 0], "rotation": 90, "texture": "#3"},
				"west": {"uv": [0, 0, 0.5, 1], "rotation": 270, "texture": "#3"},
				"up": {"uv": [0, 0, 0, 1], "texture": "#3"},
				"down": {"uv": [2.56, 0, 12.224, 1], "rotation": 180, "texture": "#3"}
			}
		}
	],
	"groups": [
		{
			"name": "group",
			"origin": [7.97109, -7.875, 15.58906],
			"color": 0,
			"children": [
				0,
				1,
				2,
				3,
				4,
				5,
				6,
				7,
				8,
				9,
				10,
				11,
				12,
				13,
				{
					"name": "group",
					"origin": [10.34624, 5.62453, 15.00172],
					"color": 0,
					"children": []
				},
				{
					"name": "group",
					"origin": [10.34624, 5.62453, 15.00172],
					"color": 0,
					"children": [14, 15, 16, 17, 18]
				},
				19,
				20,
				21,
				22,
				23,
				24,
				25,
				26,
				27
			]
		}
	]
}