{
	"credit": "Made with Blockbench",
	"textures": {
		"2": "block/door/acacia_door_tx",
		"3": "block/door/metal",
		"particle": "block/door/hinges_and_lock_acacia_door"
	},
	"elements": [
		{
			"from": [-0.30446, 10.8, 2.81284],
			"to": [-0.10446, 13.375, 13.68159],
			"rotation": {"angle": 0, "axis": "y", "origin": [1.10916, 8.01479, 7.92628]},
			"faces": {
				"north": {"uv": [3.4, 0, 3.2, 2.575], "texture": "#2"},
				"east": {"uv": [10.86875, 0, 0, 2.575], "texture": "#2"},
				"south": {"uv": [3.4, 0, 3.2, 2.575], "texture": "#2"},
				"west": {"uv": [10.86875, 0, 0, 2.575], "texture": "#2"},
				"up": {"uv": [10.86875, 0, 0, 0.2], "rotation": 90, "texture": "#2"},
				"down": {"uv": [10.86875, 0, 0, 0.2], "rotation": 270, "texture": "#2"}
			}
		},
		{
			"from": [-0.30446, 8.1, 2.81284],
			"to": [-0.10446, 10.675, 13.68159],
			"rotation": {"angle": 0, "axis": "y", "origin": [1.10916, 8.01479, 7.92628]},
			"faces": {
				"north": {"uv": [3.4, 0, 3.2, 2.575], "texture": "#2"},
				"east": {"uv": [10.86875, 0, 0, 2.575], "texture": "#2"},
				"south": {"uv": [3.4, 0, 3.2, 2.575], "texture": "#2"},
				"west": {"uv": [10.86875, 0, 0, 2.575], "texture": "#2"},
				"up": {"uv": [10.86875, 0, 0, 0.2], "rotation": 90, "texture": "#2"},
				"down": {"uv": [10.86875, 0, 0, 0.2], "rotation": 270, "texture": "#2"}
			}
		},
		{
			"from": [-0.30446, 5.4, 2.81284],
			"to": [-0.10446, 7.975, 13.68159],
			"rotation": {"angle": 0, "axis": "y", "origin": [1.10916, 8.01479, 7.92628]},
			"faces": {
				"north": {"uv": [3.4, 0, 3.2, 2.575], "texture": "#2"},
				"east": {"uv": [10.86875, 0, 0, 2.575], "texture": "#2"},
				"south": {"uv": [3.4, 0, 3.2, 2.575], "texture": "#2"},
				"west": {"uv": [10.86875, 0, 0, 2.575], "texture": "#2"},
				"up": {"uv": [10.86875, 0, 0, 0.2], "rotation": 90, "texture": "#2"},
				"down": {"uv": [10.86875, 0, 0, 0.2], "rotation": 270, "texture": "#2"}
			}
		},
		{
			"from": [-0.30446, 2.7, 2.81284],
			"to": [-0.10446, 5.275, 13.68159],
			"rotation": {"angle": 0, "axis": "y", "origin": [1.10916, 8.01479, 7.92628]},
			"faces": {
				"north": {"uv": [3.4, 0, 3.2, 2.575], "texture": "#2"},
				"east": {"uv": [10.86875, 0, 0, 2.575], "texture": "#2"},
				"south": {"uv": [3.4, 0, 3.2, 2.575], "texture": "#2"},
				"west": {"uv": [10.86875, 0, 0, 2.575], "texture": "#2"},
				"up": {"uv": [10.86875, 0, 0, 0.2], "rotation": 90, "texture": "#2"},
				"down": {"uv": [10.86875, 0, 0, 0.2], "rotation": 270, "texture": "#2"}
			}
		},
		{
			"from": [-0.30446, 0, 2.81284],
			"to": [-0.10446, 2.575, 13.68159],
			"rotation": {"angle": 0, "axis": "y", "origin": [1.10916, 8.01479, 7.92628]},
			"faces": {
				"north": {"uv": [3.4, 0, 3.2, 2.575], "texture": "#2"},
				"east": {"uv": [10.86875, 0, 0, 2.575], "texture": "#2"},
				"south": {"uv": [3.4, 0, 3.2, 2.575], "texture": "#2"},
				"west": {"uv": [10.86875, 0, 0, 2.575], "texture": "#2"},
				"up": {"uv": [10.86875, 0, 0, 0.2], "rotation": 90, "texture": "#2"},
				"down": {"uv": [10.86875, 0, 0, 0.2], "rotation": 270, "texture": "#2"}
			}
		},
		{
			"from": [-0.30446, 13.5, 2.81284],
			"to": [-0.10446, 15.875, 13.68159],
			"rotation": {"angle": 0, "axis": "y", "origin": [1.10916, 8.01479, 7.92628]},
			"faces": {
				"north": {"uv": [3.4, 0, 3.2, 2.375], "texture": "#2"},
				"east": {"uv": [10.86875, 0, 0, 2.375], "texture": "#2"},
				"south": {"uv": [3.4, 0, 3.2, 2.375], "texture": "#2"},
				"west": {"uv": [10.86875, 0, 0, 2.375], "texture": "#2"},
				"up": {"uv": [10.86875, 0, 0, 0.2], "rotation": 90, "texture": "#2"},
				"down": {"uv": [10.86875, 0, 0, 0.2], "rotation": 270, "texture": "#2"}
			}
		},
		{
			"from": [-0.93689, 0.1, 15.79292],
			"to": [-0.48689, 15.975, 15.99917],
			"rotation": {"angle": 0, "axis": "y", "origin": [1.09651, 9.07785, 7.9478]},
			"faces": {
				"north": {"uv": [12.172, 0, 10.422, 16], "texture": "#2"},
				"east": {"uv": [0.20625, 0, 0, 16], "texture": "#2"},
				"south": {"uv": [6.313, 0.063, 4.563, 16], "texture": "#2"},
				"west": {"uv": [8.48125, 0, 8.375, 15.875], "texture": "#2"},
				"up": {"uv": [3.2, 0, 0, 16], "rotation": 270, "texture": "#2"},
				"down": {"uv": [3.2, 0, 0, 16], "rotation": 90, "texture": "#2"}
			}
		},
		{
			"from": [-0.93689, 0.05, -0.00083],
			"to": [-0.48689, 16.275, 0.20542],
			"rotation": {"angle": 0, "axis": "y", "origin": [1.09651, 9.07785, 7.9478]},
			"faces": {
				"north": {"uv": [4.563, 0.063, 6.313, 16], "texture": "#2"},
				"east": {"uv": [0, 0, 0.20625, 15.925], "texture": "#2"},
				"south": {"uv": [0, 0.125, 1.15, 16.05], "texture": "#2"},
				"west": {"uv": [8.375, 0, 8.48125, 15.875], "texture": "#2"},
				"up": {"uv": [0, 0, 3.2, 16], "rotation": 270, "texture": "#2"},
				"down": {"uv": [0, 0, 3.2, 16], "rotation": 90, "texture": "#2"}
			}
		},
		{
			"from": [-0.88689, 0.1, -2.01958],
			"to": [0.61936, 16, 0.20542],
			"rotation": {"angle": 0, "axis": "y", "origin": [1.09651, 9.07785, 7.9478]},
			"faces": {
				"north": {"uv": [1.10625, 0, 0, 15.9], "texture": "#2"},
				"east": {"uv": [2.225, 0, 0, 15.9], "texture": "#2"},
				"south": {"uv": [1.10625, 0, 0, 15.9], "texture": "#2"},
				"west": {"uv": [2.225, 0, 0, 15.9], "texture": "#2"},
				"up": {"uv": [0, 2.225, 1.60625, 0], "texture": "#2"},
				"down": {"uv": [0, 2.225, 1.10625, 0], "texture": "#2"}
			}
		},
		{
			"from": [-0.56188, 0.1, 0.22104],
			"to": [0.03812, 16.075, 2.88979],
			"rotation": {"angle": 0, "axis": "y", "origin": [1.09651, 9.07785, 7.9478]},
			"faces": {
				"north": {"uv": [0.6, 0, 0, 15.975], "texture": "#2"},
				"east": {"uv": [2.66875, 0, 0, 15.975], "texture": "#2"},
				"south": {"uv": [0.6, 0, 0, 15.975], "texture": "#2"},
				"west": {"uv": [2.66875, 0, 0, 15.975], "texture": "#2"},
				"up": {"uv": [12.26875, 0, 9.6, 0.6], "rotation": 90, "texture": "#2"},
				"down": {"uv": [12.26875, 15, 9.6, 15.6], "rotation": 270, "texture": "#2"}
			}
		},
		{
			"from": [-0.88689, 0.1, 15.80229],
			"to": [0.61936, 16.02, 18.07417],
			"rotation": {"angle": 0, "axis": "y", "origin": [1.09651, 9.07785, 7.9478]},
			"faces": {
				"north": {"uv": [0, 0, 1.10625, 15.92], "texture": "#2"},
				"east": {"uv": [0, 0, 2.27188, 15.92], "texture": "#2"},
				"south": {"uv": [0, 0, 1.10625, 15.92], "texture": "#2"},
				"west": {"uv": [0, 0.04688, 2.27188, 15.96688], "texture": "#2"},
				"up": {"uv": [0, 0, 1.60625, 2.27188], "texture": "#2"},
				"down": {"uv": [0, 0, 1.10625, 2.27188], "texture": "#2"}
			}
		},
		{
			"from": [-0.56188, 0.1, 13.62104],
			"to": [0.03812, 16, 15.78979],
			"rotation": {"angle": 0, "axis": "y", "origin": [1.09651, 9.07785, 7.9478]},
			"faces": {
				"north": {"uv": [15.39375, 0, 14.79375, 15.9], "texture": "#2"},
				"east": {"uv": [15.325, 0.09375, 13.15625, 15.99375], "texture": "#2"},
				"south": {"uv": [15.34688, 0, 14.74688, 15.9], "texture": "#2"},
				"west": {"uv": [15.37188, 0, 13.20313, 15.9], "texture": "#2"},
				"up": {"uv": [11.76875, 0, 9.6, 0.6], "rotation": 90, "texture": "#2"},
				"down": {"uv": [11.76875, 15, 9.6, 15.6], "rotation": 270, "texture": "#2"}
			}
		},
		{
			"from": [-0.46188, 0, 2.82104],
			"to": [-0.06188, 16, 3.18979],
			"rotation": {"angle": 0, "axis": "y", "origin": [1.09651, 9.07785, 7.9478]},
			"faces": {
				"north": {"uv": [0, 0, 16, 0.4], "rotation": 90, "texture": "#3"},
				"east": {"uv": [0, 0, 16, 0.36875], "rotation": 90, "texture": "#3"},
				"south": {"uv": [0, 0, 16, 0.4], "rotation": 90, "texture": "#3"},
				"west": {"uv": [0, 0, 16, 0.36875], "rotation": 90, "texture": "#3"},
				"up": {"uv": [0, 0, 0.36875, 0.4], "rotation": 90, "texture": "#3"},
				"down": {"uv": [0, 0, 0.36875, 0.4], "rotation": 90, "texture": "#3"}
			}
		},
		{
			"from": [-0.46188, 0, 13.32104],
			"to": [-0.06188, 16, 13.78979],
			"rotation": {"angle": 0, "axis": "y", "origin": [1.09651, 9.07785, 7.9478]},
			"faces": {
				"north": {"uv": [0, 0, 16, 0.4], "rotation": 90, "texture": "#3"},
				"east": {"uv": [0, 0, 16, 0.46875], "rotation": 90, "texture": "#3"},
				"south": {"uv": [0, 0, 16, 0.4], "rotation": 90, "texture": "#3"},
				"west": {"uv": [0, 0, 16, 0.46875], "rotation": 90, "texture": "#3"},
				"up": {"uv": [0, 0, 0.46875, 0.4], "rotation": 90, "texture": "#3"},
				"down": {"uv": [0, 0, 0.46875, 0.4], "rotation": 90, "texture": "#3"}
			}
		}
	],
	"groups": [
		0,
		1,
		2,
		3,
		4,
		5,
		6,
		7,
		8,
		9,
		10,
		11,
		12,
		13,
		{
			"name": "group",
			"origin": [9.45491, 8.01875, 0.74018],
			"color": 0,
			"children": []
		}
	]
}