{
	"credit": "Made with Blockbench",
	"parent": "minecraft:block/cross",
	"textures": {
		"2": "block/allium"
	},
	"elements": [
		{
			"from": [5.9, 7.3, 2.4],
			"to": [8.9, 7.3, 5.4],
			"rotation": {"angle": 0, "axis": "y", "origin": [0.9, 2.5, 0.4]},
			"faces": {
				"north": {"uv": [0.71484, 9.21485, 5.37578, 10.74687], "texture": "#2"},
				"east": {"uv": [0.71484, 9.21485, 5.37578, 10.74687], "texture": "#2"},
				"south": {"uv": [0.71484, 9.21485, 5.37578, 10.74687], "texture": "#2"},
				"west": {"uv": [0.71484, 9.21485, 5.37578, 10.74687], "texture": "#2"},
				"up": {"uv": [0.71484, 9.21485, 5.37578, 13.74687], "texture": "#2"},
				"down": {"uv": [0.71484, 9.21485, 5.37578, 13.74687], "texture": "#2"}
			}
		},
		{
			"from": [7.4, 5.8, 2.4],
			"to": [7.4, 8.8, 5.4],
			"rotation": {"angle": 0, "axis": "z", "origin": [7.4, 7.3, 3.9]},
			"faces": {
				"north": {"uv": [0.71484, 9.21485, 5.37578, 10.74687], "rotation": 90, "texture": "#2"},
				"east": {"uv": [0.71484, 9.21485, 5.37578, 13.74687], "rotation": 270, "texture": "#2"},
				"south": {"uv": [0.71484, 9.21485, 5.37578, 10.74687], "rotation": 270, "texture": "#2"},
				"west": {"uv": [0.71484, 9.21485, 5.37578, 13.74687], "rotation": 270, "texture": "#2"},
				"up": {"uv": [0.71484, 9.21485, 5.37578, 10.74687], "rotation": 270, "texture": "#2"},
				"down": {"uv": [0.71484, 9.21485, 5.37578, 10.74687], "rotation": 270, "texture": "#2"}
			}
		},
		{
			"from": [7.4, 5.8, 2.4],
			"to": [7.4, 8.8, 5.4],
			"rotation": {"angle": 22.5, "axis": "y", "origin": [7.4, 7.3, 3.9]},
			"faces": {
				"north": {"uv": [0.71484, 9.21485, 5.37578, 10.74687], "rotation": 90, "texture": "#2"},
				"east": {"uv": [0.71484, 9.21485, 5.37578, 13.74687], "rotation": 270, "texture": "#2"},
				"south": {"uv": [0.71484, 9.21485, 5.37578, 10.74687], "rotation": 270, "texture": "#2"},
				"west": {"uv": [0.71484, 9.21485, 5.37578, 13.74687], "rotation": 270, "texture": "#2"},
				"up": {"uv": [0.71484, 9.21485, 5.37578, 10.74687], "rotation": 270, "texture": "#2"},
				"down": {"uv": [0.71484, 9.21485, 5.37578, 10.74687], "rotation": 270, "texture": "#2"}
			}
		},
		{
			"from": [7.4, 5.8, 2.4],
			"to": [7.4, 8.8, 5.4],
			"rotation": {"angle": 45, "axis": "y", "origin": [7.4, 7.3, 3.9]},
			"faces": {
				"north": {"uv": [0.71484, 9.21485, 5.37578, 10.74687], "rotation": 90, "texture": "#2"},
				"east": {"uv": [0.71484, 9.21485, 5.37578, 13.74687], "rotation": 270, "texture": "#2"},
				"south": {"uv": [0.71484, 9.21485, 5.37578, 10.74687], "rotation": 270, "texture": "#2"},
				"west": {"uv": [0.71484, 9.21485, 5.37578, 13.74687], "rotation": 270, "texture": "#2"},
				"up": {"uv": [0.71484, 9.21485, 5.37578, 10.74687], "rotation": 270, "texture": "#2"},
				"down": {"uv": [0.71484, 9.21485, 5.37578, 10.74687], "rotation": 270, "texture": "#2"}
			}
		},
		{
			"from": [5.9, 5.8, 3.9],
			"to": [8.9, 8.8, 3.9],
			"rotation": {"angle": 22.5, "axis": "y", "origin": [7.4, 7.3, 3.9]},
			"faces": {
				"north": {"uv": [0.71484, 9.21485, 5.37578, 13.74687], "rotation": 270, "texture": "#2"},
				"east": {"uv": [0.71484, 9.21485, 5.37578, 10.74687], "rotation": 270, "texture": "#2"},
				"south": {"uv": [0.71484, 9.21485, 5.37578, 13.74687], "rotation": 270, "texture": "#2"},
				"west": {"uv": [0.71484, 9.21485, 5.37578, 10.74687], "rotation": 90, "texture": "#2"},
				"up": {"uv": [0.71484, 9.21485, 5.37578, 10.74687], "rotation": 180, "texture": "#2"},
				"down": {"uv": [0.71484, 9.21485, 5.37578, 10.74687], "texture": "#2"}
			}
		},
		{
			"from": [5.9, 5.8, 3.9],
			"to": [8.9, 8.8, 3.9],
			"rotation": {"angle": 0, "axis": "y", "origin": [7.4, 7.3, 3.9]},
			"faces": {
				"north": {"uv": [0.71484, 9.21485, 5.37578, 13.74687], "rotation": 270, "texture": "#2"},
				"east": {"uv": [0.71484, 9.21485, 5.37578, 10.74687], "rotation": 270, "texture": "#2"},
				"south": {"uv": [0.71484, 9.21485, 5.37578, 13.74687], "rotation": 270, "texture": "#2"},
				"west": {"uv": [0.71484, 9.21485, 5.37578, 10.74687], "rotation": 90, "texture": "#2"},
				"up": {"uv": [0.71484, 9.21485, 5.37578, 10.74687], "rotation": 180, "texture": "#2"},
				"down": {"uv": [0.71484, 9.21485, 5.37578, 10.74687], "texture": "#2"}
			}
		},
		{
			"from": [7.4, 5.8, 2.4],
			"to": [7.4, 8.8, 5.4],
			"rotation": {"angle": -45, "axis": "y", "origin": [7.4, 7.3, 3.9]},
			"faces": {
				"north": {"uv": [0.71484, 9.21485, 5.37578, 10.74687], "rotation": 270, "texture": "#2"},
				"east": {"uv": [0.71484, 9.21485, 5.37578, 13.74687], "rotation": 270, "texture": "#2"},
				"south": {"uv": [0.71484, 9.21485, 5.37578, 10.74687], "rotation": 90, "texture": "#2"},
				"west": {"uv": [0.71484, 9.21485, 5.37578, 13.74687], "rotation": 270, "texture": "#2"},
				"up": {"uv": [0.71484, 9.21485, 5.37578, 10.74687], "rotation": 90, "texture": "#2"},
				"down": {"uv": [0.71484, 9.21485, 5.37578, 10.74687], "rotation": 90, "texture": "#2"}
			}
		},
		{
			"from": [7.4, 5.8, 2.4],
			"to": [7.4, 8.8, 5.4],
			"rotation": {"angle": -22.5, "axis": "y", "origin": [7.4, 7.3, 3.9]},
			"faces": {
				"north": {"uv": [0.71484, 9.21485, 5.37578, 10.74687], "rotation": 90, "texture": "#2"},
				"east": {"uv": [0.71484, 9.21485, 5.37578, 13.74687], "rotation": 270, "texture": "#2"},
				"south": {"uv": [0.71484, 9.21485, 5.37578, 10.74687], "rotation": 270, "texture": "#2"},
				"west": {"uv": [0.71484, 9.21485, 5.37578, 13.74687], "rotation": 270, "texture": "#2"},
				"up": {"uv": [0.71484, 9.21485, 5.37578, 10.74687], "rotation": 270, "texture": "#2"},
				"down": {"uv": [0.71484, 9.21485, 5.37578, 10.74687], "rotation": 270, "texture": "#2"}
			}
		},
		{
			"from": [5.9, 5.8, 3.9],
			"to": [8.9, 8.8, 3.9],
			"rotation": {"angle": -22.5, "axis": "y", "origin": [7.4, 7.3, 3.9]},
			"faces": {
				"north": {"uv": [0.71484, 9.21485, 5.37578, 13.74687], "rotation": 270, "texture": "#2"},
				"east": {"uv": [0.71484, 9.21485, 5.37578, 10.74687], "rotation": 270, "texture": "#2"},
				"south": {"uv": [0.71484, 9.21485, 5.37578, 13.74687], "rotation": 270, "texture": "#2"},
				"west": {"uv": [0.71484, 9.21485, 5.37578, 10.74687], "rotation": 90, "texture": "#2"},
				"up": {"uv": [0.71484, 9.21485, 5.37578, 10.74687], "rotation": 180, "texture": "#2"},
				"down": {"uv": [0.71484, 9.21485, 5.37578, 10.74687], "texture": "#2"}
			}
		},
		{
			"from": [5.9, 7.3, 2.4],
			"to": [8.9, 7.3, 5.4],
			"rotation": {"angle": -22.5, "axis": "x", "origin": [7.4, 7.3, 3.9]},
			"faces": {
				"north": {"uv": [0.71484, 9.21485, 5.37578, 10.74687], "texture": "#2"},
				"east": {"uv": [0.71484, 9.21485, 5.37578, 10.74687], "texture": "#2"},
				"south": {"uv": [0.71484, 9.21485, 5.37578, 10.74687], "texture": "#2"},
				"west": {"uv": [0.71484, 9.21485, 5.37578, 10.74687], "texture": "#2"},
				"up": {"uv": [0.71484, 9.21485, 5.37578, 13.74687], "texture": "#2"},
				"down": {"uv": [0.71484, 9.21485, 5.37578, 13.74687], "texture": "#2"}
			}
		},
		{
			"from": [5.9, 7.3, 2.4],
			"to": [8.9, 7.3, 5.4],
			"rotation": {"angle": -45, "axis": "x", "origin": [7.4, 7.3, 3.9]},
			"faces": {
				"north": {"uv": [0.71484, 9.21485, 5.37578, 10.74687], "texture": "#2"},
				"east": {"uv": [0.71484, 9.21485, 5.37578, 10.74687], "texture": "#2"},
				"south": {"uv": [0.71484, 9.21485, 5.37578, 10.74687], "texture": "#2"},
				"west": {"uv": [0.71484, 9.21485, 5.37578, 10.74687], "texture": "#2"},
				"up": {"uv": [0.71484, 9.21485, 5.37578, 13.74687], "texture": "#2"},
				"down": {"uv": [0.71484, 9.21485, 5.37578, 13.74687], "texture": "#2"}
			}
		},
		{
			"from": [5.9, 5.8, 3.9],
			"to": [8.9, 8.8, 3.9],
			"rotation": {"angle": 0, "axis": "x", "origin": [7.4, 7.3, 3.9]},
			"faces": {
				"north": {"uv": [0.71484, 9.21485, 5.37578, 13.74687], "rotation": 180, "texture": "#2"},
				"east": {"uv": [0.71484, 9.21485, 5.37578, 10.74687], "rotation": 90, "texture": "#2"},
				"south": {"uv": [0.71484, 9.21485, 5.37578, 13.74687], "texture": "#2"},
				"west": {"uv": [0.71484, 9.21485, 5.37578, 10.74687], "rotation": 270, "texture": "#2"},
				"up": {"uv": [0.71484, 9.21485, 5.37578, 10.74687], "texture": "#2"},
				"down": {"uv": [0.71484, 9.21485, 5.37578, 10.74687], "rotation": 180, "texture": "#2"}
			}
		},
		{
			"from": [5.9, 5.8, 3.9],
			"to": [8.9, 8.8, 3.9],
			"rotation": {"angle": -22.5, "axis": "x", "origin": [7.4, 7.3, 3.9]},
			"faces": {
				"north": {"uv": [0.71484, 9.21485, 5.37578, 13.74687], "rotation": 180, "texture": "#2"},
				"east": {"uv": [0.71484, 9.21485, 5.37578, 10.74687], "rotation": 90, "texture": "#2"},
				"south": {"uv": [0.71484, 9.21485, 5.37578, 13.74687], "texture": "#2"},
				"west": {"uv": [0.71484, 9.21485, 5.37578, 10.74687], "rotation": 270, "texture": "#2"},
				"up": {"uv": [0.71484, 9.21485, 5.37578, 10.74687], "texture": "#2"},
				"down": {"uv": [0.71484, 9.21485, 5.37578, 10.74687], "rotation": 180, "texture": "#2"}
			}
		},
		{
			"from": [5.9, 7.3, 2.4],
			"to": [8.9, 7.3, 5.4],
			"rotation": {"angle": 45, "axis": "x", "origin": [7.4, 7.3, 3.9]},
			"faces": {
				"north": {"uv": [0.71484, 9.21485, 5.37578, 10.74687], "rotation": 180, "texture": "#2"},
				"east": {"uv": [0.71484, 9.21485, 5.37578, 10.74687], "rotation": 180, "texture": "#2"},
				"south": {"uv": [0.71484, 9.21485, 5.37578, 10.74687], "rotation": 180, "texture": "#2"},
				"west": {"uv": [0.71484, 9.21485, 5.37578, 10.74687], "rotation": 180, "texture": "#2"},
				"up": {"uv": [0.71484, 9.21485, 5.37578, 13.74687], "texture": "#2"},
				"down": {"uv": [0.71484, 9.21485, 5.37578, 13.74687], "texture": "#2"}
			}
		},
		{
			"from": [5.9, 7.3, 2.4],
			"to": [8.9, 7.3, 5.4],
			"rotation": {"angle": 22.5, "axis": "x", "origin": [7.4, 7.3, 3.9]},
			"faces": {
				"north": {"uv": [0.71484, 9.21485, 5.37578, 10.74687], "rotation": 180, "texture": "#2"},
				"east": {"uv": [0.71484, 9.21485, 5.37578, 10.74687], "rotation": 180, "texture": "#2"},
				"south": {"uv": [0.71484, 9.21485, 5.37578, 10.74687], "rotation": 180, "texture": "#2"},
				"west": {"uv": [0.71484, 9.21485, 5.37578, 10.74687], "rotation": 180, "texture": "#2"},
				"up": {"uv": [0.71484, 9.21485, 5.37578, 13.74687], "texture": "#2"},
				"down": {"uv": [0.71484, 9.21485, 5.37578, 13.74687], "texture": "#2"}
			}
		},
		{
			"from": [5.9, 7.3, 2.4],
			"to": [8.9, 7.3, 5.4],
			"rotation": {"angle": 0, "axis": "x", "origin": [7.4, 7.3, 3.9]},
			"faces": {
				"north": {"uv": [0.71484, 9.21485, 5.37578, 10.74687], "rotation": 180, "texture": "#2"},
				"east": {"uv": [0.71484, 9.21485, 5.37578, 10.74687], "rotation": 180, "texture": "#2"},
				"south": {"uv": [0.71484, 9.21485, 5.37578, 10.74687], "rotation": 180, "texture": "#2"},
				"west": {"uv": [0.71484, 9.21485, 5.37578, 10.74687], "rotation": 180, "texture": "#2"},
				"up": {"uv": [0.71484, 9.21485, 5.37578, 13.74687], "texture": "#2"},
				"down": {"uv": [0.71484, 9.21485, 5.37578, 13.74687], "texture": "#2"}
			}
		},
		{
			"from": [5.9, 7.3, 2.4],
			"to": [8.9, 7.3, 5.4],
			"rotation": {"angle": -22.5, "axis": "x", "origin": [7.4, 7.3, 3.9]},
			"faces": {
				"north": {"uv": [0.71484, 9.21485, 5.37578, 10.74687], "rotation": 180, "texture": "#2"},
				"east": {"uv": [0.71484, 9.21485, 5.37578, 10.74687], "rotation": 180, "texture": "#2"},
				"south": {"uv": [0.71484, 9.21485, 5.37578, 10.74687], "rotation": 180, "texture": "#2"},
				"west": {"uv": [0.71484, 9.21485, 5.37578, 10.74687], "rotation": 180, "texture": "#2"},
				"up": {"uv": [0.71484, 9.21485, 5.37578, 13.74687], "texture": "#2"},
				"down": {"uv": [0.71484, 9.21485, 5.37578, 13.74687], "texture": "#2"}
			}
		},
		{
			"from": [5.9, 5.8, 3.9],
			"to": [8.9, 8.8, 3.9],
			"rotation": {"angle": 22.5, "axis": "x", "origin": [7.4, 7.3, 3.9]},
			"faces": {
				"north": {"uv": [0.71484, 9.21485, 5.37578, 13.74687], "rotation": 180, "texture": "#2"},
				"east": {"uv": [0.71484, 9.21485, 5.37578, 10.74687], "rotation": 90, "texture": "#2"},
				"south": {"uv": [0.71484, 9.21485, 5.37578, 13.74687], "texture": "#2"},
				"west": {"uv": [0.71484, 9.21485, 5.37578, 10.74687], "rotation": 270, "texture": "#2"},
				"up": {"uv": [0.71484, 9.21485, 5.37578, 10.74687], "texture": "#2"},
				"down": {"uv": [0.71484, 9.21485, 5.37578, 10.74687], "rotation": 180, "texture": "#2"}
			}
		},
		{
			"from": [7.4, 0, 3.6],
			"to": [7.4, 8.4, 4.4],
			"rotation": {"angle": 0, "axis": "y", "origin": [7.4, 5.2, 4]},
			"faces": {
				"north": {"uv": [9.30469, 2.875, 9.48438, 16], "texture": "#2"},
				"east": {"uv": [9.30469, 2.875, 10.48438, 16], "texture": "#2"},
				"south": {"uv": [9.30469, 2.875, 9.48438, 16], "texture": "#2"},
				"west": {"uv": [10.46875, 2.875, 9.35938, 16], "texture": "#2"},
				"up": {"uv": [9.30469, 2.875, 9.48438, 9.71875], "texture": "#2"},
				"down": {"uv": [9.30469, 2.875, 9.48438, 9.71875], "texture": "#2"}
			}
		},
		{
			"from": [6.2, -0.44896, 2.74749],
			"to": [8.6, 2.65104, 2.74749],
			"rotation": {"angle": -45, "axis": "x", "origin": [7.45, 1.20104, 2.84749]},
			"faces": {
				"north": {"uv": [12.39063, 10.15625, 15.39063, 15.15625], "texture": "#2"},
				"east": {"uv": [11, 10.74219, 16, 10.74219], "rotation": 270, "texture": "#2"},
				"south": {"uv": [12.39063, 10.15625, 15.39063, 15.15625], "texture": "#2"},
				"west": {"uv": [11, 10.74219, 16, 10.74219], "rotation": 90, "texture": "#2"},
				"up": {"uv": [11, 10.74219, 14, 10.74219], "rotation": 180, "texture": "#2"},
				"down": {"uv": [11, 10.74219, 14, 10.74219], "texture": "#2"}
			}
		},
		{
			"from": [6.1, -0.54896, 5.00607],
			"to": [8.6, 2.55104, 5.00607],
			"rotation": {"angle": 45, "axis": "x", "origin": [7.35, 1.20104, 4.90607]},
			"faces": {
				"north": {"uv": [12.39063, 10.15625, 15.39063, 15.15625], "texture": "#2"},
				"east": {"uv": [11, 10.74219, 16, 10.74219], "rotation": 270, "texture": "#2"},
				"south": {"uv": [12.39063, 10.15625, 15.39063, 15.15625], "texture": "#2"},
				"west": {"uv": [11, 10.74219, 16, 10.74219], "rotation": 90, "texture": "#2"},
				"up": {"uv": [11, 10.74219, 14, 10.74219], "rotation": 180, "texture": "#2"},
				"down": {"uv": [11, 10.74219, 14, 10.74219], "texture": "#2"}
			}
		},
		{
			"from": [7.25054, 1.03876, 2.65607],
			"to": [10.00054, 1.03876, 5.15607],
			"rotation": {"angle": 45, "axis": "z", "origin": [8.62554, 0.53876, 3.90607]},
			"faces": {
				"north": {"uv": [11, 10.74219, 16, 10.74219], "rotation": 180, "texture": "#2"},
				"east": {"uv": [11, 10.74219, 14, 10.74219], "rotation": 180, "texture": "#2"},
				"south": {"uv": [11, 10.74219, 16, 10.74219], "rotation": 180, "texture": "#2"},
				"west": {"uv": [11, 10.74219, 14, 10.74219], "rotation": 180, "texture": "#2"},
				"up": {"uv": [12.39063, 10.15625, 15.39063, 15.15625], "rotation": 90, "texture": "#2"},
				"down": {"uv": [12.39063, 10.15625, 15.39063, 15.15625], "rotation": 90, "texture": "#2"}
			}
		},
		{
			"from": [6.57199, -0.48269, 2.75607],
			"to": [6.57199, 2.26731, 5.05607],
			"rotation": {"angle": 45, "axis": "z", "origin": [6.67199, 0.89231, 3.90607]},
			"faces": {
				"north": {"uv": [11, 10.74219, 16, 10.74219], "rotation": 270, "texture": "#2"},
				"east": {"uv": [12.39063, 10.15625, 15.39063, 15.15625], "texture": "#2"},
				"south": {"uv": [11, 10.74219, 16, 10.74219], "rotation": 90, "texture": "#2"},
				"west": {"uv": [12.39063, 10.15625, 15.39063, 15.15625], "texture": "#2"},
				"up": {"uv": [11, 10.74219, 14, 10.74219], "rotation": 90, "texture": "#2"},
				"down": {"uv": [11, 10.74219, 14, 10.74219], "rotation": 90, "texture": "#2"}
			}
		},
		{
			"from": [6.2, 0.1, 0.9],
			"to": [8.4, 0.1, 3.9],
			"rotation": {"angle": 0, "axis": "y", "origin": [7.35, 2.7, 3.75]},
			"faces": {
				"north": {"uv": [0, 0, 4, 0], "texture": "#2"},
				"east": {"uv": [0, 0, 3, 0], "texture": "#2"},
				"south": {"uv": [0, 0, 4, 0], "texture": "#2"},
				"west": {"uv": [0, 0, 3, 0], "texture": "#2"},
				"up": {"uv": [12.85156, 3.10156, 15.1875, 8.48359], "texture": "#2"},
				"down": {"uv": [10.61797, 3.10156, 12.95391, 8.48359], "rotation": 90, "texture": "#2"}
			}
		},
		{
			"from": [4.5, 0.1, 2.7],
			"to": [7.5, 0.1, 4.9],
			"rotation": {"angle": -45, "axis": "y", "origin": [7.35, 2.7, 3.75]},
			"faces": {
				"north": {"uv": [0, 0, 3, 0], "texture": "#2"},
				"east": {"uv": [0, 0, 4, 0], "texture": "#2"},
				"south": {"uv": [0, 0, 3, 0], "texture": "#2"},
				"west": {"uv": [0, 0, 4, 0], "texture": "#2"},
				"up": {"uv": [12.85156, 3.10156, 15.1875, 8.48359], "rotation": 270, "texture": "#2"},
				"down": {"uv": [10.61797, 3.10156, 12.95391, 8.48359], "rotation": 90, "texture": "#2"}
			}
		},
		{
			"from": [4.5, 0.1, 2.7],
			"to": [7.5, 0.1, 4.9],
			"rotation": {"angle": 45, "axis": "y", "origin": [7.35, 2.7, 3.75]},
			"faces": {
				"north": {"uv": [0, 0, 3, 0], "texture": "#2"},
				"east": {"uv": [0, 0, 4, 0], "texture": "#2"},
				"south": {"uv": [0, 0, 3, 0], "texture": "#2"},
				"west": {"uv": [0, 0, 4, 0], "texture": "#2"},
				"up": {"uv": [12.85156, 3.10156, 15.1875, 8.48359], "rotation": 270, "texture": "#2"},
				"down": {"uv": [10.61797, 3.10156, 12.95391, 8.48359], "rotation": 90, "texture": "#2"}
			}
		},
		{
			"from": [4.5, 0.1, 2.7],
			"to": [7.5, 0.1, 4.9],
			"rotation": {"angle": 0, "axis": "y", "origin": [7.35, 2.7, 3.75]},
			"faces": {
				"north": {"uv": [0, 0, 3, 0], "texture": "#2"},
				"east": {"uv": [0, 0, 4, 0], "texture": "#2"},
				"south": {"uv": [0, 0, 3, 0], "texture": "#2"},
				"west": {"uv": [0, 0, 4, 0], "texture": "#2"},
				"up": {"uv": [12.85156, 3.10156, 15.1875, 8.48359], "rotation": 270, "texture": "#2"},
				"down": {"uv": [10.61797, 3.10156, 12.95391, 8.48359], "rotation": 90, "texture": "#2"}
			}
		},
		{
			"from": [6.3, 0.1, 3.6],
			"to": [8.5, 0.1, 6.6],
			"rotation": {"angle": 0, "axis": "y", "origin": [7.35, 2.7, 3.75]},
			"faces": {
				"north": {"uv": [0, 0, 4, 0], "texture": "#2"},
				"east": {"uv": [0, 0, 3, 0], "texture": "#2"},
				"south": {"uv": [0, 0, 4, 0], "texture": "#2"},
				"west": {"uv": [0, 0, 3, 0], "texture": "#2"},
				"up": {"uv": [12.85156, 3.10156, 15.1875, 8.48359], "rotation": 180, "texture": "#2"},
				"down": {"uv": [10.61797, 3.10156, 12.95391, 8.48359], "rotation": 90, "texture": "#2"}
			}
		},
		{
			"from": [6.3, 0.1, 3.6],
			"to": [8.5, 0.1, 6.6],
			"rotation": {"angle": 45, "axis": "y", "origin": [7.35, 2.7, 3.75]},
			"faces": {
				"north": {"uv": [0, 0, 4, 0], "texture": "#2"},
				"east": {"uv": [0, 0, 3, 0], "texture": "#2"},
				"south": {"uv": [0, 0, 4, 0], "texture": "#2"},
				"west": {"uv": [0, 0, 3, 0], "texture": "#2"},
				"up": {"uv": [12.85156, 3.10156, 15.1875, 8.48359], "rotation": 180, "texture": "#2"},
				"down": {"uv": [10.61797, 3.10156, 12.95391, 8.48359], "rotation": 90, "texture": "#2"}
			}
		},
		{
			"from": [7.2, 0.1, 2.6],
			"to": [10.2, 0.1, 4.8],
			"rotation": {"angle": 0, "axis": "y", "origin": [7.35, 2.7, 3.75]},
			"faces": {
				"north": {"uv": [0, 0, 3, 0], "texture": "#2"},
				"east": {"uv": [0, 0, 4, 0], "texture": "#2"},
				"south": {"uv": [0, 0, 3, 0], "texture": "#2"},
				"west": {"uv": [0, 0, 4, 0], "texture": "#2"},
				"up": {"uv": [12.85156, 3.10156, 15.1875, 8.48359], "rotation": 90, "texture": "#2"},
				"down": {"uv": [10.61797, 3.10156, 12.95391, 8.48359], "rotation": 90, "texture": "#2"}
			}
		},
		{
			"from": [7.2, 0.1, 2.6],
			"to": [10.2, 0.1, 4.8],
			"rotation": {"angle": 45, "axis": "y", "origin": [7.35, 2.7, 3.75]},
			"faces": {
				"north": {"uv": [0, 0, 3, 0], "texture": "#2"},
				"east": {"uv": [0, 0, 4, 0], "texture": "#2"},
				"south": {"uv": [0, 0, 3, 0], "texture": "#2"},
				"west": {"uv": [0, 0, 4, 0], "texture": "#2"},
				"up": {"uv": [12.85156, 3.10156, 15.1875, 8.48359], "rotation": 90, "texture": "#2"},
				"down": {"uv": [10.61797, 3.10156, 12.95391, 8.48359], "rotation": 90, "texture": "#2"}
			}
		},
		{
			"from": [5.9, 7.3, 2.4],
			"to": [8.9, 7.3, 5.4],
			"rotation": {"angle": 0, "axis": "y", "origin": [0.9, 2.5, 0.4]},
			"faces": {
				"north": {"uv": [0.71484, 9.21485, 5.37578, 10.74687], "texture": "#2"},
				"east": {"uv": [0.71484, 9.21485, 5.37578, 10.74687], "texture": "#2"},
				"south": {"uv": [0.71484, 9.21485, 5.37578, 10.74687], "texture": "#2"},
				"west": {"uv": [0.71484, 9.21485, 5.37578, 10.74687], "texture": "#2"},
				"up": {"uv": [0.71484, 9.21485, 5.37578, 13.74687], "texture": "#2"},
				"down": {"uv": [0.71484, 9.21485, 5.37578, 13.74687], "texture": "#2"}
			}
		},
		{
			"from": [7.4, 5.8, 2.4],
			"to": [7.4, 8.8, 5.4],
			"rotation": {"angle": 0, "axis": "z", "origin": [7.4, 7.3, 3.9]},
			"faces": {
				"north": {"uv": [0.71484, 9.21485, 5.37578, 10.74687], "rotation": 90, "texture": "#2"},
				"east": {"uv": [0.71484, 9.21485, 5.37578, 13.74687], "rotation": 270, "texture": "#2"},
				"south": {"uv": [0.71484, 9.21485, 5.37578, 10.74687], "rotation": 270, "texture": "#2"},
				"west": {"uv": [0.71484, 9.21485, 5.37578, 13.74687], "rotation": 270, "texture": "#2"},
				"up": {"uv": [0.71484, 9.21485, 5.37578, 10.74687], "rotation": 270, "texture": "#2"},
				"down": {"uv": [0.71484, 9.21485, 5.37578, 10.74687], "rotation": 270, "texture": "#2"}
			}
		},
		{
			"from": [7.4, 5.8, 2.4],
			"to": [7.4, 8.8, 5.4],
			"rotation": {"angle": 22.5, "axis": "y", "origin": [7.4, 7.3, 3.9]},
			"faces": {
				"north": {"uv": [0.71484, 9.21485, 5.37578, 10.74687], "rotation": 90, "texture": "#2"},
				"east": {"uv": [0.71484, 9.21485, 5.37578, 13.74687], "rotation": 270, "texture": "#2"},
				"south": {"uv": [0.71484, 9.21485, 5.37578, 10.74687], "rotation": 270, "texture": "#2"},
				"west": {"uv": [0.71484, 9.21485, 5.37578, 13.74687], "rotation": 270, "texture": "#2"},
				"up": {"uv": [0.71484, 9.21485, 5.37578, 10.74687], "rotation": 270, "texture": "#2"},
				"down": {"uv": [0.71484, 9.21485, 5.37578, 10.74687], "rotation": 270, "texture": "#2"}
			}
		},
		{
			"from": [7.4, 5.8, 2.4],
			"to": [7.4, 8.8, 5.4],
			"rotation": {"angle": 45, "axis": "y", "origin": [7.4, 7.3, 3.9]},
			"faces": {
				"north": {"uv": [0.71484, 9.21485, 5.37578, 10.74687], "rotation": 90, "texture": "#2"},
				"east": {"uv": [0.71484, 9.21485, 5.37578, 13.74687], "rotation": 270, "texture": "#2"},
				"south": {"uv": [0.71484, 9.21485, 5.37578, 10.74687], "rotation": 270, "texture": "#2"},
				"west": {"uv": [0.71484, 9.21485, 5.37578, 13.74687], "rotation": 270, "texture": "#2"},
				"up": {"uv": [0.71484, 9.21485, 5.37578, 10.74687], "rotation": 270, "texture": "#2"},
				"down": {"uv": [0.71484, 9.21485, 5.37578, 10.74687], "rotation": 270, "texture": "#2"}
			}
		},
		{
			"from": [5.9, 5.8, 3.9],
			"to": [8.9, 8.8, 3.9],
			"rotation": {"angle": 22.5, "axis": "y", "origin": [7.4, 7.3, 3.9]},
			"faces": {
				"north": {"uv": [0.71484, 9.21485, 5.37578, 13.74687], "rotation": 270, "texture": "#2"},
				"east": {"uv": [0.71484, 9.21485, 5.37578, 10.74687], "rotation": 270, "texture": "#2"},
				"south": {"uv": [0.71484, 9.21485, 5.37578, 13.74687], "rotation": 270, "texture": "#2"},
				"west": {"uv": [0.71484, 9.21485, 5.37578, 10.74687], "rotation": 90, "texture": "#2"},
				"up": {"uv": [0.71484, 9.21485, 5.37578, 10.74687], "rotation": 180, "texture": "#2"},
				"down": {"uv": [0.71484, 9.21485, 5.37578, 10.74687], "texture": "#2"}
			}
		},
		{
			"from": [5.9, 5.8, 3.9],
			"to": [8.9, 8.8, 3.9],
			"rotation": {"angle": 0, "axis": "y", "origin": [7.4, 7.3, 3.9]},
			"faces": {
				"north": {"uv": [0.71484, 9.21485, 5.37578, 13.74687], "rotation": 270, "texture": "#2"},
				"east": {"uv": [0.71484, 9.21485, 5.37578, 10.74687], "rotation": 270, "texture": "#2"},
				"south": {"uv": [0.71484, 9.21485, 5.37578, 13.74687], "rotation": 270, "texture": "#2"},
				"west": {"uv": [0.71484, 9.21485, 5.37578, 10.74687], "rotation": 90, "texture": "#2"},
				"up": {"uv": [0.71484, 9.21485, 5.37578, 10.74687], "rotation": 180, "texture": "#2"},
				"down": {"uv": [0.71484, 9.21485, 5.37578, 10.74687], "texture": "#2"}
			}
		},
		{
			"from": [7.4, 5.8, 2.4],
			"to": [7.4, 8.8, 5.4],
			"rotation": {"angle": -45, "axis": "y", "origin": [7.4, 7.3, 3.9]},
			"faces": {
				"north": {"uv": [0.71484, 9.21485, 5.37578, 10.74687], "rotation": 270, "texture": "#2"},
				"east": {"uv": [0.71484, 9.21485, 5.37578, 13.74687], "rotation": 270, "texture": "#2"},
				"south": {"uv": [0.71484, 9.21485, 5.37578, 10.74687], "rotation": 90, "texture": "#2"},
				"west": {"uv": [0.71484, 9.21485, 5.37578, 13.74687], "rotation": 270, "texture": "#2"},
				"up": {"uv": [0.71484, 9.21485, 5.37578, 10.74687], "rotation": 90, "texture": "#2"},
				"down": {"uv": [0.71484, 9.21485, 5.37578, 10.74687], "rotation": 90, "texture": "#2"}
			}
		},
		{
			"from": [7.4, 5.8, 2.4],
			"to": [7.4, 8.8, 5.4],
			"rotation": {"angle": -22.5, "axis": "y", "origin": [7.4, 7.3, 3.9]},
			"faces": {
				"north": {"uv": [0.71484, 9.21485, 5.37578, 10.74687], "rotation": 90, "texture": "#2"},
				"east": {"uv": [0.71484, 9.21485, 5.37578, 13.74687], "rotation": 270, "texture": "#2"},
				"south": {"uv": [0.71484, 9.21485, 5.37578, 10.74687], "rotation": 270, "texture": "#2"},
				"west": {"uv": [0.71484, 9.21485, 5.37578, 13.74687], "rotation": 270, "texture": "#2"},
				"up": {"uv": [0.71484, 9.21485, 5.37578, 10.74687], "rotation": 270, "texture": "#2"},
				"down": {"uv": [0.71484, 9.21485, 5.37578, 10.74687], "rotation": 270, "texture": "#2"}
			}
		},
		{
			"from": [5.9, 5.8, 3.9],
			"to": [8.9, 8.8, 3.9],
			"rotation": {"angle": -22.5, "axis": "y", "origin": [7.4, 7.3, 3.9]},
			"faces": {
				"north": {"uv": [0.71484, 9.21485, 5.37578, 13.74687], "rotation": 270, "texture": "#2"},
				"east": {"uv": [0.71484, 9.21485, 5.37578, 10.74687], "rotation": 270, "texture": "#2"},
				"south": {"uv": [0.71484, 9.21485, 5.37578, 13.74687], "rotation": 270, "texture": "#2"},
				"west": {"uv": [0.71484, 9.21485, 5.37578, 10.74687], "rotation": 90, "texture": "#2"},
				"up": {"uv": [0.71484, 9.21485, 5.37578, 10.74687], "rotation": 180, "texture": "#2"},
				"down": {"uv": [0.71484, 9.21485, 5.37578, 10.74687], "texture": "#2"}
			}
		},
		{
			"from": [5.9, 7.3, 2.4],
			"to": [8.9, 7.3, 5.4],
			"rotation": {"angle": -22.5, "axis": "x", "origin": [7.4, 7.3, 3.9]},
			"faces": {
				"north": {"uv": [0.71484, 9.21485, 5.37578, 10.74687], "texture": "#2"},
				"east": {"uv": [0.71484, 9.21485, 5.37578, 10.74687], "texture": "#2"},
				"south": {"uv": [0.71484, 9.21485, 5.37578, 10.74687], "texture": "#2"},
				"west": {"uv": [0.71484, 9.21485, 5.37578, 10.74687], "texture": "#2"},
				"up": {"uv": [0.71484, 9.21485, 5.37578, 13.74687], "texture": "#2"},
				"down": {"uv": [0.71484, 9.21485, 5.37578, 13.74687], "texture": "#2"}
			}
		},
		{
			"from": [5.9, 7.3, 2.4],
			"to": [8.9, 7.3, 5.4],
			"rotation": {"angle": -45, "axis": "x", "origin": [7.4, 7.3, 3.9]},
			"faces": {
				"north": {"uv": [0.71484, 9.21485, 5.37578, 10.74687], "texture": "#2"},
				"east": {"uv": [0.71484, 9.21485, 5.37578, 10.74687], "texture": "#2"},
				"south": {"uv": [0.71484, 9.21485, 5.37578, 10.74687], "texture": "#2"},
				"west": {"uv": [0.71484, 9.21485, 5.37578, 10.74687], "texture": "#2"},
				"up": {"uv": [0.71484, 9.21485, 5.37578, 13.74687], "texture": "#2"},
				"down": {"uv": [0.71484, 9.21485, 5.37578, 13.74687], "texture": "#2"}
			}
		},
		{
			"from": [5.9, 5.8, 3.9],
			"to": [8.9, 8.8, 3.9],
			"rotation": {"angle": 0, "axis": "x", "origin": [7.4, 7.3, 3.9]},
			"faces": {
				"north": {"uv": [0.71484, 9.21485, 5.37578, 13.74687], "rotation": 180, "texture": "#2"},
				"east": {"uv": [0.71484, 9.21485, 5.37578, 10.74687], "rotation": 90, "texture": "#2"},
				"south": {"uv": [0.71484, 9.21485, 5.37578, 13.74687], "texture": "#2"},
				"west": {"uv": [0.71484, 9.21485, 5.37578, 10.74687], "rotation": 270, "texture": "#2"},
				"up": {"uv": [0.71484, 9.21485, 5.37578, 10.74687], "texture": "#2"},
				"down": {"uv": [0.71484, 9.21485, 5.37578, 10.74687], "rotation": 180, "texture": "#2"}
			}
		},
		{
			"from": [5.9, 5.8, 3.9],
			"to": [8.9, 8.8, 3.9],
			"rotation": {"angle": -22.5, "axis": "x", "origin": [7.4, 7.3, 3.9]},
			"faces": {
				"north": {"uv": [0.71484, 9.21485, 5.37578, 13.74687], "rotation": 180, "texture": "#2"},
				"east": {"uv": [0.71484, 9.21485, 5.37578, 10.74687], "rotation": 90, "texture": "#2"},
				"south": {"uv": [0.71484, 9.21485, 5.37578, 13.74687], "texture": "#2"},
				"west": {"uv": [0.71484, 9.21485, 5.37578, 10.74687], "rotation": 270, "texture": "#2"},
				"up": {"uv": [0.71484, 9.21485, 5.37578, 10.74687], "texture": "#2"},
				"down": {"uv": [0.71484, 9.21485, 5.37578, 10.74687], "rotation": 180, "texture": "#2"}
			}
		},
		{
			"from": [5.9, 7.3, 2.4],
			"to": [8.9, 7.3, 5.4],
			"rotation": {"angle": 45, "axis": "x", "origin": [7.4, 7.3, 3.9]},
			"faces": {
				"north": {"uv": [0.71484, 9.21485, 5.37578, 10.74687], "rotation": 180, "texture": "#2"},
				"east": {"uv": [0.71484, 9.21485, 5.37578, 10.74687], "rotation": 180, "texture": "#2"},
				"south": {"uv": [0.71484, 9.21485, 5.37578, 10.74687], "rotation": 180, "texture": "#2"},
				"west": {"uv": [0.71484, 9.21485, 5.37578, 10.74687], "rotation": 180, "texture": "#2"},
				"up": {"uv": [0.71484, 9.21485, 5.37578, 13.74687], "texture": "#2"},
				"down": {"uv": [0.71484, 9.21485, 5.37578, 13.74687], "texture": "#2"}
			}
		},
		{
			"from": [5.9, 7.3, 2.4],
			"to": [8.9, 7.3, 5.4],
			"rotation": {"angle": 22.5, "axis": "x", "origin": [7.4, 7.3, 3.9]},
			"faces": {
				"north": {"uv": [0.71484, 9.21485, 5.37578, 10.74687], "rotation": 180, "texture": "#2"},
				"east": {"uv": [0.71484, 9.21485, 5.37578, 10.74687], "rotation": 180, "texture": "#2"},
				"south": {"uv": [0.71484, 9.21485, 5.37578, 10.74687], "rotation": 180, "texture": "#2"},
				"west": {"uv": [0.71484, 9.21485, 5.37578, 10.74687], "rotation": 180, "texture": "#2"},
				"up": {"uv": [0.71484, 9.21485, 5.37578, 13.74687], "texture": "#2"},
				"down": {"uv": [0.71484, 9.21485, 5.37578, 13.74687], "texture": "#2"}
			}
		},
		{
			"from": [5.9, 7.3, 2.4],
			"to": [8.9, 7.3, 5.4],
			"rotation": {"angle": 0, "axis": "x", "origin": [7.4, 7.3, 3.9]},
			"faces": {
				"north": {"uv": [0.71484, 9.21485, 5.37578, 10.74687], "rotation": 180, "texture": "#2"},
				"east": {"uv": [0.71484, 9.21485, 5.37578, 10.74687], "rotation": 180, "texture": "#2"},
				"south": {"uv": [0.71484, 9.21485, 5.37578, 10.74687], "rotation": 180, "texture": "#2"},
				"west": {"uv": [0.71484, 9.21485, 5.37578, 10.74687], "rotation": 180, "texture": "#2"},
				"up": {"uv": [0.71484, 9.21485, 5.37578, 13.74687], "texture": "#2"},
				"down": {"uv": [0.71484, 9.21485, 5.37578, 13.74687], "texture": "#2"}
			}
		},
		{
			"from": [5.9, 7.3, 2.4],
			"to": [8.9, 7.3, 5.4],
			"rotation": {"angle": -22.5, "axis": "x", "origin": [7.4, 7.3, 3.9]},
			"faces": {
				"north": {"uv": [0.71484, 9.21485, 5.37578, 10.74687], "rotation": 180, "texture": "#2"},
				"east": {"uv": [0.71484, 9.21485, 5.37578, 10.74687], "rotation": 180, "texture": "#2"},
				"south": {"uv": [0.71484, 9.21485, 5.37578, 10.74687], "rotation": 180, "texture": "#2"},
				"west": {"uv": [0.71484, 9.21485, 5.37578, 10.74687], "rotation": 180, "texture": "#2"},
				"up": {"uv": [0.71484, 9.21485, 5.37578, 13.74687], "texture": "#2"},
				"down": {"uv": [0.71484, 9.21485, 5.37578, 13.74687], "texture": "#2"}
			}
		},
		{
			"from": [5.9, 5.8, 3.9],
			"to": [8.9, 8.8, 3.9],
			"rotation": {"angle": 22.5, "axis": "x", "origin": [7.4, 7.3, 3.9]},
			"faces": {
				"north": {"uv": [0.71484, 9.21485, 5.37578, 13.74687], "rotation": 180, "texture": "#2"},
				"east": {"uv": [0.71484, 9.21485, 5.37578, 10.74687], "rotation": 90, "texture": "#2"},
				"south": {"uv": [0.71484, 9.21485, 5.37578, 13.74687], "texture": "#2"},
				"west": {"uv": [0.71484, 9.21485, 5.37578, 10.74687], "rotation": 270, "texture": "#2"},
				"up": {"uv": [0.71484, 9.21485, 5.37578, 10.74687], "texture": "#2"},
				"down": {"uv": [0.71484, 9.21485, 5.37578, 10.74687], "rotation": 180, "texture": "#2"}
			}
		},
		{
			"from": [7.4, 0, 3.6],
			"to": [7.4, 8.4, 4.4],
			"rotation": {"angle": 0, "axis": "y", "origin": [7.4, 5.2, 4]},
			"faces": {
				"north": {"uv": [9.30469, 2.875, 9.48438, 16], "texture": "#2"},
				"east": {"uv": [9.30469, 2.875, 10.48438, 16], "texture": "#2"},
				"south": {"uv": [9.30469, 2.875, 9.48438, 16], "texture": "#2"},
				"west": {"uv": [10.46875, 2.875, 9.35938, 16], "texture": "#2"},
				"up": {"uv": [9.30469, 2.875, 9.48438, 9.71875], "texture": "#2"},
				"down": {"uv": [9.30469, 2.875, 9.48438, 9.71875], "texture": "#2"}
			}
		},
		{
			"from": [6.2, -0.44896, 2.74749],
			"to": [8.6, 2.65104, 2.74749],
			"rotation": {"angle": -45, "axis": "x", "origin": [7.45, 1.20104, 2.84749]},
			"faces": {
				"north": {"uv": [12.39063, 10.15625, 15.39063, 15.15625], "texture": "#2"},
				"east": {"uv": [11, 10.74219, 16, 10.74219], "rotation": 270, "texture": "#2"},
				"south": {"uv": [12.39063, 10.15625, 15.39063, 15.15625], "texture": "#2"},
				"west": {"uv": [11, 10.74219, 16, 10.74219], "rotation": 90, "texture": "#2"},
				"up": {"uv": [11, 10.74219, 14, 10.74219], "rotation": 180, "texture": "#2"},
				"down": {"uv": [11, 10.74219, 14, 10.74219], "texture": "#2"}
			}
		},
		{
			"from": [6.1, -0.54896, 5.00607],
			"to": [8.6, 2.55104, 5.00607],
			"rotation": {"angle": 45, "axis": "x", "origin": [7.35, 1.20104, 4.90607]},
			"faces": {
				"north": {"uv": [12.39063, 10.15625, 15.39063, 15.15625], "texture": "#2"},
				"east": {"uv": [11, 10.74219, 16, 10.74219], "rotation": 270, "texture": "#2"},
				"south": {"uv": [12.39063, 10.15625, 15.39063, 15.15625], "texture": "#2"},
				"west": {"uv": [11, 10.74219, 16, 10.74219], "rotation": 90, "texture": "#2"},
				"up": {"uv": [11, 10.74219, 14, 10.74219], "rotation": 180, "texture": "#2"},
				"down": {"uv": [11, 10.74219, 14, 10.74219], "texture": "#2"}
			}
		},
		{
			"from": [7.25054, 1.03876, 2.65607],
			"to": [10.00054, 1.03876, 5.15607],
			"rotation": {"angle": 45, "axis": "z", "origin": [8.62554, 0.53876, 3.90607]},
			"faces": {
				"north": {"uv": [11, 10.74219, 16, 10.74219], "rotation": 180, "texture": "#2"},
				"east": {"uv": [11, 10.74219, 14, 10.74219], "rotation": 180, "texture": "#2"},
				"south": {"uv": [11, 10.74219, 16, 10.74219], "rotation": 180, "texture": "#2"},
				"west": {"uv": [11, 10.74219, 14, 10.74219], "rotation": 180, "texture": "#2"},
				"up": {"uv": [12.39063, 10.15625, 15.39063, 15.15625], "rotation": 90, "texture": "#2"},
				"down": {"uv": [12.39063, 10.15625, 15.39063, 15.15625], "rotation": 90, "texture": "#2"}
			}
		},
		{
			"from": [6.57199, -0.48269, 2.75607],
			"to": [6.57199, 2.26731, 5.05607],
			"rotation": {"angle": 45, "axis": "z", "origin": [6.67199, 0.89231, 3.90607]},
			"faces": {
				"north": {"uv": [11, 10.74219, 16, 10.74219], "rotation": 270, "texture": "#2"},
				"east": {"uv": [12.39063, 10.15625, 15.39063, 15.15625], "texture": "#2"},
				"south": {"uv": [11, 10.74219, 16, 10.74219], "rotation": 90, "texture": "#2"},
				"west": {"uv": [12.39063, 10.15625, 15.39063, 15.15625], "texture": "#2"},
				"up": {"uv": [11, 10.74219, 14, 10.74219], "rotation": 90, "texture": "#2"},
				"down": {"uv": [11, 10.74219, 14, 10.74219], "rotation": 90, "texture": "#2"}
			}
		},
		{
			"from": [6.2, 0.1, 0.9],
			"to": [8.4, 0.1, 3.9],
			"rotation": {"angle": 0, "axis": "y", "origin": [7.35, 2.7, 3.75]},
			"faces": {
				"north": {"uv": [0, 0, 4, 0], "texture": "#2"},
				"east": {"uv": [0, 0, 3, 0], "texture": "#2"},
				"south": {"uv": [0, 0, 4, 0], "texture": "#2"},
				"west": {"uv": [0, 0, 3, 0], "texture": "#2"},
				"up": {"uv": [12.85156, 3.10156, 15.1875, 8.48359], "texture": "#2"},
				"down": {"uv": [10.61797, 3.10156, 12.95391, 8.48359], "rotation": 90, "texture": "#2"}
			}
		},
		{
			"from": [4.5, 0.1, 2.7],
			"to": [7.5, 0.1, 4.9],
			"rotation": {"angle": -45, "axis": "y", "origin": [7.35, 2.7, 3.75]},
			"faces": {
				"north": {"uv": [0, 0, 3, 0], "texture": "#2"},
				"east": {"uv": [0, 0, 4, 0], "texture": "#2"},
				"south": {"uv": [0, 0, 3, 0], "texture": "#2"},
				"west": {"uv": [0, 0, 4, 0], "texture": "#2"},
				"up": {"uv": [12.85156, 3.10156, 15.1875, 8.48359], "rotation": 270, "texture": "#2"},
				"down": {"uv": [10.61797, 3.10156, 12.95391, 8.48359], "rotation": 90, "texture": "#2"}
			}
		},
		{
			"from": [4.5, 0.1, 2.7],
			"to": [7.5, 0.1, 4.9],
			"rotation": {"angle": 45, "axis": "y", "origin": [7.35, 2.7, 3.75]},
			"faces": {
				"north": {"uv": [0, 0, 3, 0], "texture": "#2"},
				"east": {"uv": [0, 0, 4, 0], "texture": "#2"},
				"south": {"uv": [0, 0, 3, 0], "texture": "#2"},
				"west": {"uv": [0, 0, 4, 0], "texture": "#2"},
				"up": {"uv": [12.85156, 3.10156, 15.1875, 8.48359], "rotation": 270, "texture": "#2"},
				"down": {"uv": [10.61797, 3.10156, 12.95391, 8.48359], "rotation": 90, "texture": "#2"}
			}
		},
		{
			"from": [4.5, 0.1, 2.7],
			"to": [7.5, 0.1, 4.9],
			"rotation": {"angle": 0, "axis": "y", "origin": [7.35, 2.7, 3.75]},
			"faces": {
				"north": {"uv": [0, 0, 3, 0], "texture": "#2"},
				"east": {"uv": [0, 0, 4, 0], "texture": "#2"},
				"south": {"uv": [0, 0, 3, 0], "texture": "#2"},
				"west": {"uv": [0, 0, 4, 0], "texture": "#2"},
				"up": {"uv": [12.85156, 3.10156, 15.1875, 8.48359], "rotation": 270, "texture": "#2"},
				"down": {"uv": [10.61797, 3.10156, 12.95391, 8.48359], "rotation": 90, "texture": "#2"}
			}
		},
		{
			"from": [6.3, 0.1, 3.6],
			"to": [8.5, 0.1, 6.6],
			"rotation": {"angle": 0, "axis": "y", "origin": [7.35, 2.7, 3.75]},
			"faces": {
				"north": {"uv": [0, 0, 4, 0], "texture": "#2"},
				"east": {"uv": [0, 0, 3, 0], "texture": "#2"},
				"south": {"uv": [0, 0, 4, 0], "texture": "#2"},
				"west": {"uv": [0, 0, 3, 0], "texture": "#2"},
				"up": {"uv": [12.85156, 3.10156, 15.1875, 8.48359], "rotation": 180, "texture": "#2"},
				"down": {"uv": [10.61797, 3.10156, 12.95391, 8.48359], "rotation": 90, "texture": "#2"}
			}
		},
		{
			"from": [6.3, 0.1, 3.6],
			"to": [8.5, 0.1, 6.6],
			"rotation": {"angle": 45, "axis": "y", "origin": [7.35, 2.7, 3.75]},
			"faces": {
				"north": {"uv": [0, 0, 4, 0], "texture": "#2"},
				"east": {"uv": [0, 0, 3, 0], "texture": "#2"},
				"south": {"uv": [0, 0, 4, 0], "texture": "#2"},
				"west": {"uv": [0, 0, 3, 0], "texture": "#2"},
				"up": {"uv": [12.85156, 3.10156, 15.1875, 8.48359], "rotation": 180, "texture": "#2"},
				"down": {"uv": [10.61797, 3.10156, 12.95391, 8.48359], "rotation": 90, "texture": "#2"}
			}
		},
		{
			"from": [7.2, 0.1, 2.6],
			"to": [10.2, 0.1, 4.8],
			"rotation": {"angle": 0, "axis": "y", "origin": [7.35, 2.7, 3.75]},
			"faces": {
				"north": {"uv": [0, 0, 3, 0], "texture": "#2"},
				"east": {"uv": [0, 0, 4, 0], "texture": "#2"},
				"south": {"uv": [0, 0, 3, 0], "texture": "#2"},
				"west": {"uv": [0, 0, 4, 0], "texture": "#2"},
				"up": {"uv": [12.85156, 3.10156, 15.1875, 8.48359], "rotation": 90, "texture": "#2"},
				"down": {"uv": [10.61797, 3.10156, 12.95391, 8.48359], "rotation": 90, "texture": "#2"}
			}
		},
		{
			"from": [7.2, 0.1, 2.6],
			"to": [10.2, 0.1, 4.8],
			"rotation": {"angle": 45, "axis": "y", "origin": [7.35, 2.7, 3.75]},
			"faces": {
				"north": {"uv": [0, 0, 3, 0], "texture": "#2"},
				"east": {"uv": [0, 0, 4, 0], "texture": "#2"},
				"south": {"uv": [0, 0, 3, 0], "texture": "#2"},
				"west": {"uv": [0, 0, 4, 0], "texture": "#2"},
				"up": {"uv": [12.85156, 3.10156, 15.1875, 8.48359], "rotation": 90, "texture": "#2"},
				"down": {"uv": [10.61797, 3.10156, 12.95391, 8.48359], "rotation": 90, "texture": "#2"}
			}
		},
		{
			"from": [10.8, 7.8, 7.2],
			"to": [10.8, 10.8, 10.2],
			"rotation": {"angle": 0, "axis": "z", "origin": [10.8, 9.3, 8.7]},
			"faces": {
				"north": {"uv": [0.71484, 9.21485, 5.37578, 10.74687], "rotation": 90, "texture": "#2"},
				"east": {"uv": [0.71484, 9.21485, 5.37578, 13.74687], "rotation": 270, "texture": "#2"},
				"south": {"uv": [0.71484, 9.21485, 5.37578, 10.74687], "rotation": 270, "texture": "#2"},
				"west": {"uv": [0.71484, 9.21485, 5.37578, 13.74687], "rotation": 270, "texture": "#2"},
				"up": {"uv": [0.71484, 9.21485, 5.37578, 10.74687], "rotation": 270, "texture": "#2"},
				"down": {"uv": [0.71484, 9.21485, 5.37578, 10.74687], "rotation": 270, "texture": "#2"}
			}
		},
		{
			"from": [10.8, 7.8, 7.2],
			"to": [10.8, 10.8, 10.2],
			"rotation": {"angle": 22.5, "axis": "y", "origin": [10.8, 9.3, 8.7]},
			"faces": {
				"north": {"uv": [0.71484, 9.21485, 5.37578, 10.74687], "rotation": 90, "texture": "#2"},
				"east": {"uv": [0.71484, 9.21485, 5.37578, 13.74687], "rotation": 270, "texture": "#2"},
				"south": {"uv": [0.71484, 9.21485, 5.37578, 10.74687], "rotation": 270, "texture": "#2"},
				"west": {"uv": [0.71484, 9.21485, 5.37578, 13.74687], "rotation": 270, "texture": "#2"},
				"up": {"uv": [0.71484, 9.21485, 5.37578, 10.74687], "rotation": 270, "texture": "#2"},
				"down": {"uv": [0.71484, 9.21485, 5.37578, 10.74687], "rotation": 270, "texture": "#2"}
			}
		},
		{
			"from": [10.8, 7.8, 7.2],
			"to": [10.8, 10.8, 10.2],
			"rotation": {"angle": 45, "axis": "y", "origin": [10.8, 9.3, 8.7]},
			"faces": {
				"north": {"uv": [0.71484, 9.21485, 5.37578, 10.74687], "rotation": 90, "texture": "#2"},
				"east": {"uv": [0.71484, 9.21485, 5.37578, 13.74687], "rotation": 270, "texture": "#2"},
				"south": {"uv": [0.71484, 9.21485, 5.37578, 10.74687], "rotation": 270, "texture": "#2"},
				"west": {"uv": [0.71484, 9.21485, 5.37578, 13.74687], "rotation": 270, "texture": "#2"},
				"up": {"uv": [0.71484, 9.21485, 5.37578, 10.74687], "rotation": 270, "texture": "#2"},
				"down": {"uv": [0.71484, 9.21485, 5.37578, 10.74687], "rotation": 270, "texture": "#2"}
			}
		},
		{
			"from": [10.8, 7.8, 7.2],
			"to": [10.8, 10.8, 10.2],
			"rotation": {"angle": -45, "axis": "y", "origin": [10.8, 9.3, 8.7]},
			"faces": {
				"north": {"uv": [0.71484, 9.21485, 5.37578, 10.74687], "rotation": 270, "texture": "#2"},
				"east": {"uv": [0.71484, 9.21485, 5.37578, 13.74687], "rotation": 270, "texture": "#2"},
				"south": {"uv": [0.71484, 9.21485, 5.37578, 10.74687], "rotation": 90, "texture": "#2"},
				"west": {"uv": [0.71484, 9.21485, 5.37578, 13.74687], "rotation": 270, "texture": "#2"},
				"up": {"uv": [0.71484, 9.21485, 5.37578, 10.74687], "rotation": 90, "texture": "#2"},
				"down": {"uv": [0.71484, 9.21485, 5.37578, 10.74687], "rotation": 90, "texture": "#2"}
			}
		},
		{
			"from": [10.8, 7.8, 7.2],
			"to": [10.8, 10.8, 10.2],
			"rotation": {"angle": -22.5, "axis": "y", "origin": [10.8, 9.3, 8.7]},
			"faces": {
				"north": {"uv": [0.71484, 9.21485, 5.37578, 10.74687], "rotation": 90, "texture": "#2"},
				"east": {"uv": [0.71484, 9.21485, 5.37578, 13.74687], "rotation": 270, "texture": "#2"},
				"south": {"uv": [0.71484, 9.21485, 5.37578, 10.74687], "rotation": 270, "texture": "#2"},
				"west": {"uv": [0.71484, 9.21485, 5.37578, 13.74687], "rotation": 270, "texture": "#2"},
				"up": {"uv": [0.71484, 9.21485, 5.37578, 10.74687], "rotation": 270, "texture": "#2"},
				"down": {"uv": [0.71484, 9.21485, 5.37578, 10.74687], "rotation": 270, "texture": "#2"}
			}
		},
		{
			"from": [9.3, 7.8, 8.7],
			"to": [12.3, 10.8, 8.7],
			"rotation": {"angle": -22.5, "axis": "y", "origin": [10.8, 9.3, 8.7]},
			"faces": {
				"north": {"uv": [0.71484, 9.21485, 5.37578, 13.74687], "rotation": 270, "texture": "#2"},
				"east": {"uv": [0.71484, 9.21485, 5.37578, 10.74687], "rotation": 270, "texture": "#2"},
				"south": {"uv": [0.71484, 9.21485, 5.37578, 13.74687], "rotation": 270, "texture": "#2"},
				"west": {"uv": [0.71484, 9.21485, 5.37578, 10.74687], "rotation": 90, "texture": "#2"},
				"up": {"uv": [0.71484, 9.21485, 5.37578, 10.74687], "rotation": 180, "texture": "#2"},
				"down": {"uv": [0.71484, 9.21485, 5.37578, 10.74687], "texture": "#2"}
			}
		},
		{
			"from": [9.3, 9.3, 7.2],
			"to": [12.3, 9.3, 10.2],
			"rotation": {"angle": -22.5, "axis": "x", "origin": [10.8, 9.3, 8.7]},
			"faces": {
				"north": {"uv": [0.71484, 9.21485, 5.37578, 10.74687], "texture": "#2"},
				"east": {"uv": [0.71484, 9.21485, 5.37578, 10.74687], "texture": "#2"},
				"south": {"uv": [0.71484, 9.21485, 5.37578, 10.74687], "texture": "#2"},
				"west": {"uv": [0.71484, 9.21485, 5.37578, 10.74687], "texture": "#2"},
				"up": {"uv": [0.71484, 9.21485, 5.37578, 13.74687], "texture": "#2"},
				"down": {"uv": [0.71484, 9.21485, 5.37578, 13.74687], "texture": "#2"}
			}
		},
		{
			"from": [9.3, 9.3, 7.2],
			"to": [12.3, 9.3, 10.2],
			"rotation": {"angle": 22.5, "axis": "x", "origin": [10.8, 9.3, 8.7]},
			"faces": {
				"north": {"uv": [0.71484, 9.21485, 5.37578, 10.74687], "rotation": 180, "texture": "#2"},
				"east": {"uv": [0.71484, 9.21485, 5.37578, 10.74687], "rotation": 180, "texture": "#2"},
				"south": {"uv": [0.71484, 9.21485, 5.37578, 10.74687], "rotation": 180, "texture": "#2"},
				"west": {"uv": [0.71484, 9.21485, 5.37578, 10.74687], "rotation": 180, "texture": "#2"},
				"up": {"uv": [0.71484, 9.21485, 5.37578, 13.74687], "texture": "#2"},
				"down": {"uv": [0.71484, 9.21485, 5.37578, 13.74687], "texture": "#2"}
			}
		},
		{
			"from": [9.3, 9.3, 7.2],
			"to": [12.3, 9.3, 10.2],
			"rotation": {"angle": 0, "axis": "x", "origin": [10.8, 9.3, 8.7]},
			"faces": {
				"north": {"uv": [0.71484, 9.21485, 5.37578, 10.74687], "rotation": 180, "texture": "#2"},
				"east": {"uv": [0.71484, 9.21485, 5.37578, 10.74687], "rotation": 180, "texture": "#2"},
				"south": {"uv": [0.71484, 9.21485, 5.37578, 10.74687], "rotation": 180, "texture": "#2"},
				"west": {"uv": [0.71484, 9.21485, 5.37578, 10.74687], "rotation": 180, "texture": "#2"},
				"up": {"uv": [0.71484, 9.21485, 5.37578, 13.74687], "texture": "#2"},
				"down": {"uv": [0.71484, 9.21485, 5.37578, 13.74687], "texture": "#2"}
			}
		},
		{
			"from": [9.3, 9.3, 7.2],
			"to": [12.3, 9.3, 10.2],
			"rotation": {"angle": -22.5, "axis": "x", "origin": [10.8, 9.3, 8.7]},
			"faces": {
				"north": {"uv": [0.71484, 9.21485, 5.37578, 10.74687], "rotation": 180, "texture": "#2"},
				"east": {"uv": [0.71484, 9.21485, 5.37578, 10.74687], "rotation": 180, "texture": "#2"},
				"south": {"uv": [0.71484, 9.21485, 5.37578, 10.74687], "rotation": 180, "texture": "#2"},
				"west": {"uv": [0.71484, 9.21485, 5.37578, 10.74687], "rotation": 180, "texture": "#2"},
				"up": {"uv": [0.71484, 9.21485, 5.37578, 13.74687], "texture": "#2"},
				"down": {"uv": [0.71484, 9.21485, 5.37578, 13.74687], "texture": "#2"}
			}
		},
		{
			"from": [9.7, 0.1, 8.4],
			"to": [11.9, 0.1, 11.4],
			"rotation": {"angle": 45, "axis": "y", "origin": [10.75, 2.7, 8.55]},
			"faces": {
				"north": {"uv": [0, 0, 4, 0], "texture": "#2"},
				"east": {"uv": [0, 0, 3, 0], "texture": "#2"},
				"south": {"uv": [0, 0, 4, 0], "texture": "#2"},
				"west": {"uv": [0, 0, 3, 0], "texture": "#2"},
				"up": {"uv": [12.85156, 3.10156, 15.1875, 8.48359], "rotation": 180, "texture": "#2"},
				"down": {"uv": [10.61797, 3.10156, 12.95391, 8.48359], "rotation": 90, "texture": "#2"}
			}
		},
		{
			"from": [10.6, 0.1, 7.4],
			"to": [13.6, 0.1, 9.6],
			"rotation": {"angle": 45, "axis": "y", "origin": [10.75, 2.7, 8.55]},
			"faces": {
				"north": {"uv": [0, 0, 3, 0], "texture": "#2"},
				"east": {"uv": [0, 0, 4, 0], "texture": "#2"},
				"south": {"uv": [0, 0, 3, 0], "texture": "#2"},
				"west": {"uv": [0, 0, 4, 0], "texture": "#2"},
				"up": {"uv": [12.85156, 3.10156, 15.1875, 8.48359], "rotation": 90, "texture": "#2"},
				"down": {"uv": [10.61797, 3.10156, 12.95391, 8.48359], "rotation": 90, "texture": "#2"}
			}
		},
		{
			"from": [9.3, 9.3, 7.2],
			"to": [12.3, 9.3, 10.2],
			"rotation": {"angle": 0, "axis": "y", "origin": [4.3, 4.5, 5.2]},
			"faces": {
				"north": {"uv": [0.71484, 9.21485, 5.37578, 10.74687], "texture": "#2"},
				"east": {"uv": [0.71484, 9.21485, 5.37578, 10.74687], "texture": "#2"},
				"south": {"uv": [0.71484, 9.21485, 5.37578, 10.74687], "texture": "#2"},
				"west": {"uv": [0.71484, 9.21485, 5.37578, 10.74687], "texture": "#2"},
				"up": {"uv": [0.71484, 9.21485, 5.37578, 13.74687], "texture": "#2"},
				"down": {"uv": [0.71484, 9.21485, 5.37578, 13.74687], "texture": "#2"}
			}
		},
		{
			"from": [10.8, 7.8, 7.2],
			"to": [10.8, 10.8, 10.2],
			"rotation": {"angle": 0, "axis": "z", "origin": [10.8, 9.3, 8.7]},
			"faces": {
				"north": {"uv": [0.71484, 9.21485, 5.37578, 10.74687], "rotation": 90, "texture": "#2"},
				"east": {"uv": [0.71484, 9.21485, 5.37578, 13.74687], "rotation": 270, "texture": "#2"},
				"south": {"uv": [0.71484, 9.21485, 5.37578, 10.74687], "rotation": 270, "texture": "#2"},
				"west": {"uv": [0.71484, 9.21485, 5.37578, 13.74687], "rotation": 270, "texture": "#2"},
				"up": {"uv": [0.71484, 9.21485, 5.37578, 10.74687], "rotation": 270, "texture": "#2"},
				"down": {"uv": [0.71484, 9.21485, 5.37578, 10.74687], "rotation": 270, "texture": "#2"}
			}
		},
		{
			"from": [10.8, 7.8, 7.2],
			"to": [10.8, 10.8, 10.2],
			"rotation": {"angle": 22.5, "axis": "y", "origin": [10.8, 9.3, 8.7]},
			"faces": {
				"north": {"uv": [0.71484, 9.21485, 5.37578, 10.74687], "rotation": 90, "texture": "#2"},
				"east": {"uv": [0.71484, 9.21485, 5.37578, 13.74687], "rotation": 270, "texture": "#2"},
				"south": {"uv": [0.71484, 9.21485, 5.37578, 10.74687], "rotation": 270, "texture": "#2"},
				"west": {"uv": [0.71484, 9.21485, 5.37578, 13.74687], "rotation": 270, "texture": "#2"},
				"up": {"uv": [0.71484, 9.21485, 5.37578, 10.74687], "rotation": 270, "texture": "#2"},
				"down": {"uv": [0.71484, 9.21485, 5.37578, 10.74687], "rotation": 270, "texture": "#2"}
			}
		},
		{
			"from": [10.8, 7.8, 7.2],
			"to": [10.8, 10.8, 10.2],
			"rotation": {"angle": 45, "axis": "y", "origin": [10.8, 9.3, 8.7]},
			"faces": {
				"north": {"uv": [0.71484, 9.21485, 5.37578, 10.74687], "rotation": 90, "texture": "#2"},
				"east": {"uv": [0.71484, 9.21485, 5.37578, 13.74687], "rotation": 270, "texture": "#2"},
				"south": {"uv": [0.71484, 9.21485, 5.37578, 10.74687], "rotation": 270, "texture": "#2"},
				"west": {"uv": [0.71484, 9.21485, 5.37578, 13.74687], "rotation": 270, "texture": "#2"},
				"up": {"uv": [0.71484, 9.21485, 5.37578, 10.74687], "rotation": 270, "texture": "#2"},
				"down": {"uv": [0.71484, 9.21485, 5.37578, 10.74687], "rotation": 270, "texture": "#2"}
			}
		},
		{
			"from": [9.3, 7.8, 8.7],
			"to": [12.3, 10.8, 8.7],
			"rotation": {"angle": 22.5, "axis": "y", "origin": [10.8, 9.3, 8.7]},
			"faces": {
				"north": {"uv": [0.71484, 9.21485, 5.37578, 13.74687], "rotation": 270, "texture": "#2"},
				"east": {"uv": [0.71484, 9.21485, 5.37578, 10.74687], "rotation": 270, "texture": "#2"},
				"south": {"uv": [0.71484, 9.21485, 5.37578, 13.74687], "rotation": 270, "texture": "#2"},
				"west": {"uv": [0.71484, 9.21485, 5.37578, 10.74687], "rotation": 90, "texture": "#2"},
				"up": {"uv": [0.71484, 9.21485, 5.37578, 10.74687], "rotation": 180, "texture": "#2"},
				"down": {"uv": [0.71484, 9.21485, 5.37578, 10.74687], "texture": "#2"}
			}
		},
		{
			"from": [9.3, 7.8, 8.7],
			"to": [12.3, 10.8, 8.7],
			"rotation": {"angle": 0, "axis": "y", "origin": [10.8, 9.3, 8.7]},
			"faces": {
				"north": {"uv": [0.71484, 9.21485, 5.37578, 13.74687], "rotation": 270, "texture": "#2"},
				"east": {"uv": [0.71484, 9.21485, 5.37578, 10.74687], "rotation": 270, "texture": "#2"},
				"south": {"uv": [0.71484, 9.21485, 5.37578, 13.74687], "rotation": 270, "texture": "#2"},
				"west": {"uv": [0.71484, 9.21485, 5.37578, 10.74687], "rotation": 90, "texture": "#2"},
				"up": {"uv": [0.71484, 9.21485, 5.37578, 10.74687], "rotation": 180, "texture": "#2"},
				"down": {"uv": [0.71484, 9.21485, 5.37578, 10.74687], "texture": "#2"}
			}
		},
		{
			"from": [10.8, 7.8, 7.2],
			"to": [10.8, 10.8, 10.2],
			"rotation": {"angle": -45, "axis": "y", "origin": [10.8, 9.3, 8.7]},
			"faces": {
				"north": {"uv": [0.71484, 9.21485, 5.37578, 10.74687], "rotation": 270, "texture": "#2"},
				"east": {"uv": [0.71484, 9.21485, 5.37578, 13.74687], "rotation": 270, "texture": "#2"},
				"south": {"uv": [0.71484, 9.21485, 5.37578, 10.74687], "rotation": 90, "texture": "#2"},
				"west": {"uv": [0.71484, 9.21485, 5.37578, 13.74687], "rotation": 270, "texture": "#2"},
				"up": {"uv": [0.71484, 9.21485, 5.37578, 10.74687], "rotation": 90, "texture": "#2"},
				"down": {"uv": [0.71484, 9.21485, 5.37578, 10.74687], "rotation": 90, "texture": "#2"}
			}
		},
		{
			"from": [10.8, 7.8, 7.2],
			"to": [10.8, 10.8, 10.2],
			"rotation": {"angle": -22.5, "axis": "y", "origin": [10.8, 9.3, 8.7]},
			"faces": {
				"north": {"uv": [0.71484, 9.21485, 5.37578, 10.74687], "rotation": 90, "texture": "#2"},
				"east": {"uv": [0.71484, 9.21485, 5.37578, 13.74687], "rotation": 270, "texture": "#2"},
				"south": {"uv": [0.71484, 9.21485, 5.37578, 10.74687], "rotation": 270, "texture": "#2"},
				"west": {"uv": [0.71484, 9.21485, 5.37578, 13.74687], "rotation": 270, "texture": "#2"},
				"up": {"uv": [0.71484, 9.21485, 5.37578, 10.74687], "rotation": 270, "texture": "#2"},
				"down": {"uv": [0.71484, 9.21485, 5.37578, 10.74687], "rotation": 270, "texture": "#2"}
			}
		},
		{
			"from": [9.3, 7.8, 8.7],
			"to": [12.3, 10.8, 8.7],
			"rotation": {"angle": -22.5, "axis": "y", "origin": [10.8, 9.3, 8.7]},
			"faces": {
				"north": {"uv": [0.71484, 9.21485, 5.37578, 13.74687], "rotation": 270, "texture": "#2"},
				"east": {"uv": [0.71484, 9.21485, 5.37578, 10.74687], "rotation": 270, "texture": "#2"},
				"south": {"uv": [0.71484, 9.21485, 5.37578, 13.74687], "rotation": 270, "texture": "#2"},
				"west": {"uv": [0.71484, 9.21485, 5.37578, 10.74687], "rotation": 90, "texture": "#2"},
				"up": {"uv": [0.71484, 9.21485, 5.37578, 10.74687], "rotation": 180, "texture": "#2"},
				"down": {"uv": [0.71484, 9.21485, 5.37578, 10.74687], "texture": "#2"}
			}
		},
		{
			"from": [9.3, 9.3, 7.2],
			"to": [12.3, 9.3, 10.2],
			"rotation": {"angle": -22.5, "axis": "x", "origin": [10.8, 9.3, 8.7]},
			"faces": {
				"north": {"uv": [0.71484, 9.21485, 5.37578, 10.74687], "texture": "#2"},
				"east": {"uv": [0.71484, 9.21485, 5.37578, 10.74687], "texture": "#2"},
				"south": {"uv": [0.71484, 9.21485, 5.37578, 10.74687], "texture": "#2"},
				"west": {"uv": [0.71484, 9.21485, 5.37578, 10.74687], "texture": "#2"},
				"up": {"uv": [0.71484, 9.21485, 5.37578, 13.74687], "texture": "#2"},
				"down": {"uv": [0.71484, 9.21485, 5.37578, 13.74687], "texture": "#2"}
			}
		},
		{
			"from": [9.3, 9.3, 7.2],
			"to": [12.3, 9.3, 10.2],
			"rotation": {"angle": -45, "axis": "x", "origin": [10.8, 9.3, 8.7]},
			"faces": {
				"north": {"uv": [0.71484, 9.21485, 5.37578, 10.74687], "texture": "#2"},
				"east": {"uv": [0.71484, 9.21485, 5.37578, 10.74687], "texture": "#2"},
				"south": {"uv": [0.71484, 9.21485, 5.37578, 10.74687], "texture": "#2"},
				"west": {"uv": [0.71484, 9.21485, 5.37578, 10.74687], "texture": "#2"},
				"up": {"uv": [0.71484, 9.21485, 5.37578, 13.74687], "texture": "#2"},
				"down": {"uv": [0.71484, 9.21485, 5.37578, 13.74687], "texture": "#2"}
			}
		},
		{
			"from": [9.3, 7.8, 8.7],
			"to": [12.3, 10.8, 8.7],
			"rotation": {"angle": 0, "axis": "x", "origin": [10.8, 9.3, 8.7]},
			"faces": {
				"north": {"uv": [0.71484, 9.21485, 5.37578, 13.74687], "rotation": 180, "texture": "#2"},
				"east": {"uv": [0.71484, 9.21485, 5.37578, 10.74687], "rotation": 90, "texture": "#2"},
				"south": {"uv": [0.71484, 9.21485, 5.37578, 13.74687], "texture": "#2"},
				"west": {"uv": [0.71484, 9.21485, 5.37578, 10.74687], "rotation": 270, "texture": "#2"},
				"up": {"uv": [0.71484, 9.21485, 5.37578, 10.74687], "texture": "#2"},
				"down": {"uv": [0.71484, 9.21485, 5.37578, 10.74687], "rotation": 180, "texture": "#2"}
			}
		},
		{
			"from": [9.3, 7.8, 8.7],
			"to": [12.3, 10.8, 8.7],
			"rotation": {"angle": -22.5, "axis": "x", "origin": [10.8, 9.3, 8.7]},
			"faces": {
				"north": {"uv": [0.71484, 9.21485, 5.37578, 13.74687], "rotation": 180, "texture": "#2"},
				"east": {"uv": [0.71484, 9.21485, 5.37578, 10.74687], "rotation": 90, "texture": "#2"},
				"south": {"uv": [0.71484, 9.21485, 5.37578, 13.74687], "texture": "#2"},
				"west": {"uv": [0.71484, 9.21485, 5.37578, 10.74687], "rotation": 270, "texture": "#2"},
				"up": {"uv": [0.71484, 9.21485, 5.37578, 10.74687], "texture": "#2"},
				"down": {"uv": [0.71484, 9.21485, 5.37578, 10.74687], "rotation": 180, "texture": "#2"}
			}
		},
		{
			"from": [9.3, 9.3, 7.2],
			"to": [12.3, 9.3, 10.2],
			"rotation": {"angle": 45, "axis": "x", "origin": [10.8, 9.3, 8.7]},
			"faces": {
				"north": {"uv": [0.71484, 9.21485, 5.37578, 10.74687], "rotation": 180, "texture": "#2"},
				"east": {"uv": [0.71484, 9.21485, 5.37578, 10.74687], "rotation": 180, "texture": "#2"},
				"south": {"uv": [0.71484, 9.21485, 5.37578, 10.74687], "rotation": 180, "texture": "#2"},
				"west": {"uv": [0.71484, 9.21485, 5.37578, 10.74687], "rotation": 180, "texture": "#2"},
				"up": {"uv": [0.71484, 9.21485, 5.37578, 13.74687], "texture": "#2"},
				"down": {"uv": [0.71484, 9.21485, 5.37578, 13.74687], "texture": "#2"}
			}
		},
		{
			"from": [9.3, 9.3, 7.2],
			"to": [12.3, 9.3, 10.2],
			"rotation": {"angle": 22.5, "axis": "x", "origin": [10.8, 9.3, 8.7]},
			"faces": {
				"north": {"uv": [0.71484, 9.21485, 5.37578, 10.74687], "rotation": 180, "texture": "#2"},
				"east": {"uv": [0.71484, 9.21485, 5.37578, 10.74687], "rotation": 180, "texture": "#2"},
				"south": {"uv": [0.71484, 9.21485, 5.37578, 10.74687], "rotation": 180, "texture": "#2"},
				"west": {"uv": [0.71484, 9.21485, 5.37578, 10.74687], "rotation": 180, "texture": "#2"},
				"up": {"uv": [0.71484, 9.21485, 5.37578, 13.74687], "texture": "#2"},
				"down": {"uv": [0.71484, 9.21485, 5.37578, 13.74687], "texture": "#2"}
			}
		},
		{
			"from": [9.3, 9.3, 7.2],
			"to": [12.3, 9.3, 10.2],
			"rotation": {"angle": 0, "axis": "x", "origin": [10.8, 9.3, 8.7]},
			"faces": {
				"north": {"uv": [0.71484, 9.21485, 5.37578, 10.74687], "rotation": 180, "texture": "#2"},
				"east": {"uv": [0.71484, 9.21485, 5.37578, 10.74687], "rotation": 180, "texture": "#2"},
				"south": {"uv": [0.71484, 9.21485, 5.37578, 10.74687], "rotation": 180, "texture": "#2"},
				"west": {"uv": [0.71484, 9.21485, 5.37578, 10.74687], "rotation": 180, "texture": "#2"},
				"up": {"uv": [0.71484, 9.21485, 5.37578, 13.74687], "texture": "#2"},
				"down": {"uv": [0.71484, 9.21485, 5.37578, 13.74687], "texture": "#2"}
			}
		},
		{
			"from": [9.3, 9.3, 7.2],
			"to": [12.3, 9.3, 10.2],
			"rotation": {"angle": -22.5, "axis": "x", "origin": [10.8, 9.3, 8.7]},
			"faces": {
				"north": {"uv": [0.71484, 9.21485, 5.37578, 10.74687], "rotation": 180, "texture": "#2"},
				"east": {"uv": [0.71484, 9.21485, 5.37578, 10.74687], "rotation": 180, "texture": "#2"},
				"south": {"uv": [0.71484, 9.21485, 5.37578, 10.74687], "rotation": 180, "texture": "#2"},
				"west": {"uv": [0.71484, 9.21485, 5.37578, 10.74687], "rotation": 180, "texture": "#2"},
				"up": {"uv": [0.71484, 9.21485, 5.37578, 13.74687], "texture": "#2"},
				"down": {"uv": [0.71484, 9.21485, 5.37578, 13.74687], "texture": "#2"}
			}
		},
		{
			"from": [9.3, 7.8, 8.7],
			"to": [12.3, 10.8, 8.7],
			"rotation": {"angle": 22.5, "axis": "x", "origin": [10.8, 9.3, 8.7]},
			"faces": {
				"north": {"uv": [0.71484, 9.21485, 5.37578, 13.74687], "rotation": 180, "texture": "#2"},
				"east": {"uv": [0.71484, 9.21485, 5.37578, 10.74687], "rotation": 90, "texture": "#2"},
				"south": {"uv": [0.71484, 9.21485, 5.37578, 13.74687], "texture": "#2"},
				"west": {"uv": [0.71484, 9.21485, 5.37578, 10.74687], "rotation": 270, "texture": "#2"},
				"up": {"uv": [0.71484, 9.21485, 5.37578, 10.74687], "texture": "#2"},
				"down": {"uv": [0.71484, 9.21485, 5.37578, 10.74687], "rotation": 180, "texture": "#2"}
			}
		},
		{
			"from": [10.8, 0, 8.4],
			"to": [10.8, 9.5, 9.2],
			"rotation": {"angle": 0, "axis": "y", "origin": [10.8, 5.2, 8.8]},
			"faces": {
				"north": {"uv": [9.30469, 2.875, 9.48438, 16], "texture": "#2"},
				"east": {"uv": [9.30469, 2.875, 10.48438, 16], "texture": "#2"},
				"south": {"uv": [9.30469, 2.875, 9.48438, 16], "texture": "#2"},
				"west": {"uv": [10.46875, 2.875, 9.35938, 16], "texture": "#2"},
				"up": {"uv": [9.30469, 2.875, 9.48438, 9.71875], "texture": "#2"},
				"down": {"uv": [9.30469, 2.875, 9.48438, 9.71875], "texture": "#2"}
			}
		},
		{
			"from": [9.6, -0.44896, 7.54749],
			"to": [12, 2.65104, 7.54749],
			"rotation": {"angle": -45, "axis": "x", "origin": [10.85, 1.20104, 7.64749]},
			"faces": {
				"north": {"uv": [12.39063, 10.15625, 15.39063, 15.15625], "texture": "#2"},
				"east": {"uv": [11, 10.74219, 16, 10.74219], "rotation": 270, "texture": "#2"},
				"south": {"uv": [12.39063, 10.15625, 15.39063, 15.15625], "texture": "#2"},
				"west": {"uv": [11, 10.74219, 16, 10.74219], "rotation": 90, "texture": "#2"},
				"up": {"uv": [11, 10.74219, 14, 10.74219], "rotation": 180, "texture": "#2"},
				"down": {"uv": [11, 10.74219, 14, 10.74219], "texture": "#2"}
			}
		},
		{
			"from": [9.5, -0.54896, 9.80607],
			"to": [12, 2.55104, 9.80607],
			"rotation": {"angle": 45, "axis": "x", "origin": [10.75, 1.20104, 9.70607]},
			"faces": {
				"north": {"uv": [12.39063, 10.15625, 15.39063, 15.15625], "texture": "#2"},
				"east": {"uv": [11, 10.74219, 16, 10.74219], "rotation": 270, "texture": "#2"},
				"south": {"uv": [12.39063, 10.15625, 15.39063, 15.15625], "texture": "#2"},
				"west": {"uv": [11, 10.74219, 16, 10.74219], "rotation": 90, "texture": "#2"},
				"up": {"uv": [11, 10.74219, 14, 10.74219], "rotation": 180, "texture": "#2"},
				"down": {"uv": [11, 10.74219, 14, 10.74219], "texture": "#2"}
			}
		},
		{
			"from": [10.65054, 1.03876, 7.45607],
			"to": [13.40054, 1.03876, 9.95607],
			"rotation": {"angle": 45, "axis": "z", "origin": [12.02554, 0.53876, 8.70607]},
			"faces": {
				"north": {"uv": [11, 10.74219, 16, 10.74219], "rotation": 180, "texture": "#2"},
				"east": {"uv": [11, 10.74219, 14, 10.74219], "rotation": 180, "texture": "#2"},
				"south": {"uv": [11, 10.74219, 16, 10.74219], "rotation": 180, "texture": "#2"},
				"west": {"uv": [11, 10.74219, 14, 10.74219], "rotation": 180, "texture": "#2"},
				"up": {"uv": [12.39063, 10.15625, 15.39063, 15.15625], "rotation": 90, "texture": "#2"},
				"down": {"uv": [12.39063, 10.15625, 15.39063, 15.15625], "rotation": 90, "texture": "#2"}
			}
		},
		{
			"from": [9.97199, -0.48269, 7.55607],
			"to": [9.97199, 2.26731, 9.85607],
			"rotation": {"angle": 45, "axis": "z", "origin": [10.07199, 0.89231, 8.70607]},
			"faces": {
				"north": {"uv": [11, 10.74219, 16, 10.74219], "rotation": 270, "texture": "#2"},
				"east": {"uv": [12.39063, 10.15625, 15.39063, 15.15625], "texture": "#2"},
				"south": {"uv": [11, 10.74219, 16, 10.74219], "rotation": 90, "texture": "#2"},
				"west": {"uv": [12.39063, 10.15625, 15.39063, 15.15625], "texture": "#2"},
				"up": {"uv": [11, 10.74219, 14, 10.74219], "rotation": 90, "texture": "#2"},
				"down": {"uv": [11, 10.74219, 14, 10.74219], "rotation": 90, "texture": "#2"}
			}
		},
		{
			"from": [9.6, 0.1, 5.7],
			"to": [11.8, 0.1, 8.7],
			"rotation": {"angle": 0, "axis": "y", "origin": [10.75, 2.7, 8.55]},
			"faces": {
				"north": {"uv": [0, 0, 4, 0], "texture": "#2"},
				"east": {"uv": [0, 0, 3, 0], "texture": "#2"},
				"south": {"uv": [0, 0, 4, 0], "texture": "#2"},
				"west": {"uv": [0, 0, 3, 0], "texture": "#2"},
				"up": {"uv": [12.85156, 3.10156, 15.1875, 8.48359], "texture": "#2"},
				"down": {"uv": [10.61797, 3.10156, 12.95391, 8.48359], "rotation": 90, "texture": "#2"}
			}
		},
		{
			"from": [7.9, 0.1, 7.5],
			"to": [10.9, 0.1, 9.7],
			"rotation": {"angle": -45, "axis": "y", "origin": [10.75, 2.7, 8.55]},
			"faces": {
				"north": {"uv": [0, 0, 3, 0], "texture": "#2"},
				"east": {"uv": [0, 0, 4, 0], "texture": "#2"},
				"south": {"uv": [0, 0, 3, 0], "texture": "#2"},
				"west": {"uv": [0, 0, 4, 0], "texture": "#2"},
				"up": {"uv": [12.85156, 3.10156, 15.1875, 8.48359], "rotation": 270, "texture": "#2"},
				"down": {"uv": [10.61797, 3.10156, 12.95391, 8.48359], "rotation": 90, "texture": "#2"}
			}
		},
		{
			"from": [7.9, 0.1, 7.5],
			"to": [10.9, 0.1, 9.7],
			"rotation": {"angle": 45, "axis": "y", "origin": [10.75, 2.7, 8.55]},
			"faces": {
				"north": {"uv": [0, 0, 3, 0], "texture": "#2"},
				"east": {"uv": [0, 0, 4, 0], "texture": "#2"},
				"south": {"uv": [0, 0, 3, 0], "texture": "#2"},
				"west": {"uv": [0, 0, 4, 0], "texture": "#2"},
				"up": {"uv": [12.85156, 3.10156, 15.1875, 8.48359], "rotation": 270, "texture": "#2"},
				"down": {"uv": [10.61797, 3.10156, 12.95391, 8.48359], "rotation": 90, "texture": "#2"}
			}
		},
		{
			"from": [7.9, 0.1, 7.5],
			"to": [10.9, 0.1, 9.7],
			"rotation": {"angle": 0, "axis": "y", "origin": [10.75, 2.7, 8.55]},
			"faces": {
				"north": {"uv": [0, 0, 3, 0], "texture": "#2"},
				"east": {"uv": [0, 0, 4, 0], "texture": "#2"},
				"south": {"uv": [0, 0, 3, 0], "texture": "#2"},
				"west": {"uv": [0, 0, 4, 0], "texture": "#2"},
				"up": {"uv": [12.85156, 3.10156, 15.1875, 8.48359], "rotation": 270, "texture": "#2"},
				"down": {"uv": [10.61797, 3.10156, 12.95391, 8.48359], "rotation": 90, "texture": "#2"}
			}
		},
		{
			"from": [9.7, 0.1, 8.4],
			"to": [11.9, 0.1, 11.4],
			"rotation": {"angle": 0, "axis": "y", "origin": [10.75, 2.7, 8.55]},
			"faces": {
				"north": {"uv": [0, 0, 4, 0], "texture": "#2"},
				"east": {"uv": [0, 0, 3, 0], "texture": "#2"},
				"south": {"uv": [0, 0, 4, 0], "texture": "#2"},
				"west": {"uv": [0, 0, 3, 0], "texture": "#2"},
				"up": {"uv": [12.85156, 3.10156, 15.1875, 8.48359], "rotation": 180, "texture": "#2"},
				"down": {"uv": [10.61797, 3.10156, 12.95391, 8.48359], "rotation": 90, "texture": "#2"}
			}
		},
		{
			"from": [9.7, 0.1, 8.4],
			"to": [11.9, 0.1, 11.4],
			"rotation": {"angle": 45, "axis": "y", "origin": [10.75, 2.7, 8.55]},
			"faces": {
				"north": {"uv": [0, 0, 4, 0], "texture": "#2"},
				"east": {"uv": [0, 0, 3, 0], "texture": "#2"},
				"south": {"uv": [0, 0, 4, 0], "texture": "#2"},
				"west": {"uv": [0, 0, 3, 0], "texture": "#2"},
				"up": {"uv": [12.85156, 3.10156, 15.1875, 8.48359], "rotation": 180, "texture": "#2"},
				"down": {"uv": [10.61797, 3.10156, 12.95391, 8.48359], "rotation": 90, "texture": "#2"}
			}
		},
		{
			"from": [10.6, 0.1, 7.4],
			"to": [13.6, 0.1, 9.6],
			"rotation": {"angle": 0, "axis": "y", "origin": [10.75, 2.7, 8.55]},
			"faces": {
				"north": {"uv": [0, 0, 3, 0], "texture": "#2"},
				"east": {"uv": [0, 0, 4, 0], "texture": "#2"},
				"south": {"uv": [0, 0, 3, 0], "texture": "#2"},
				"west": {"uv": [0, 0, 4, 0], "texture": "#2"},
				"up": {"uv": [12.85156, 3.10156, 15.1875, 8.48359], "rotation": 90, "texture": "#2"},
				"down": {"uv": [10.61797, 3.10156, 12.95391, 8.48359], "rotation": 90, "texture": "#2"}
			}
		},
		{
			"from": [10.6, 0.1, 7.4],
			"to": [13.6, 0.1, 9.6],
			"rotation": {"angle": 45, "axis": "y", "origin": [10.75, 2.7, 8.55]},
			"faces": {
				"north": {"uv": [0, 0, 3, 0], "texture": "#2"},
				"east": {"uv": [0, 0, 4, 0], "texture": "#2"},
				"south": {"uv": [0, 0, 3, 0], "texture": "#2"},
				"west": {"uv": [0, 0, 4, 0], "texture": "#2"},
				"up": {"uv": [12.85156, 3.10156, 15.1875, 8.48359], "rotation": 90, "texture": "#2"},
				"down": {"uv": [10.61797, 3.10156, 12.95391, 8.48359], "rotation": 90, "texture": "#2"}
			}
		},
		{
			"from": [2.8, 8, 9.5],
			"to": [5.8, 8, 12.5],
			"rotation": {"angle": 0, "axis": "y", "origin": [-2.2, 3.2, 7.5]},
			"faces": {
				"north": {"uv": [0.36328, 9.12891, 5.25078, 10.74688], "texture": "#2"},
				"east": {"uv": [0.36328, 9.12891, 5.25078, 10.74688], "texture": "#2"},
				"south": {"uv": [0.36328, 9.12891, 5.25078, 10.74688], "texture": "#2"},
				"west": {"uv": [0.36328, 9.12891, 5.25078, 10.74688], "texture": "#2"},
				"up": {"uv": [0.36328, 9.12891, 5.25078, 13.74688], "texture": "#2"},
				"down": {"uv": [0.36328, 9.12891, 5.25078, 13.74688], "texture": "#2"}
			}
		},
		{
			"from": [4.3, 6.5, 9.5],
			"to": [4.3, 9.5, 12.5],
			"rotation": {"angle": 0, "axis": "z", "origin": [4.3, 8, 11]},
			"faces": {
				"north": {"uv": [0.36328, 9.12891, 5.25078, 10.74688], "rotation": 90, "texture": "#2"},
				"east": {"uv": [0.36328, 9.12891, 5.25078, 13.74688], "rotation": 270, "texture": "#2"},
				"south": {"uv": [0.36328, 9.12891, 5.25078, 10.74688], "rotation": 270, "texture": "#2"},
				"west": {"uv": [0.36328, 9.12891, 5.25078, 13.74688], "rotation": 270, "texture": "#2"},
				"up": {"uv": [0.36328, 9.12891, 5.25078, 10.74688], "rotation": 270, "texture": "#2"},
				"down": {"uv": [0.36328, 9.12891, 5.25078, 10.74688], "rotation": 270, "texture": "#2"}
			}
		},
		{
			"from": [4.3, 6.5, 9.5],
			"to": [4.3, 9.5, 12.5],
			"rotation": {"angle": 22.5, "axis": "y", "origin": [4.3, 8, 11]},
			"faces": {
				"north": {"uv": [0.36328, 9.12891, 5.25078, 10.74688], "rotation": 90, "texture": "#2"},
				"east": {"uv": [0.36328, 9.12891, 5.25078, 13.74688], "rotation": 270, "texture": "#2"},
				"south": {"uv": [0.36328, 9.12891, 5.25078, 10.74688], "rotation": 270, "texture": "#2"},
				"west": {"uv": [0.36328, 9.12891, 5.25078, 13.74688], "rotation": 270, "texture": "#2"},
				"up": {"uv": [0.36328, 9.12891, 5.25078, 10.74688], "rotation": 270, "texture": "#2"},
				"down": {"uv": [0.36328, 9.12891, 5.25078, 10.74688], "rotation": 270, "texture": "#2"}
			}
		},
		{
			"from": [4.3, 6.5, 9.5],
			"to": [4.3, 9.5, 12.5],
			"rotation": {"angle": 45, "axis": "y", "origin": [4.3, 8, 11]},
			"faces": {
				"north": {"uv": [0.36328, 9.12891, 5.25078, 10.74688], "rotation": 90, "texture": "#2"},
				"east": {"uv": [0.36328, 9.12891, 5.25078, 13.74688], "rotation": 270, "texture": "#2"},
				"south": {"uv": [0.36328, 9.12891, 5.25078, 10.74688], "rotation": 270, "texture": "#2"},
				"west": {"uv": [0.36328, 9.12891, 5.25078, 13.74688], "rotation": 270, "texture": "#2"},
				"up": {"uv": [0.36328, 9.12891, 5.25078, 10.74688], "rotation": 270, "texture": "#2"},
				"down": {"uv": [0.36328, 9.12891, 5.25078, 10.74688], "rotation": 270, "texture": "#2"}
			}
		},
		{
			"from": [2.8, 6.5, 11],
			"to": [5.8, 9.5, 11],
			"rotation": {"angle": 22.5, "axis": "y", "origin": [4.3, 8, 11]},
			"faces": {
				"north": {"uv": [0.36328, 9.12891, 5.25078, 13.74688], "rotation": 270, "texture": "#2"},
				"east": {"uv": [0.36328, 9.12891, 5.25078, 10.74688], "rotation": 270, "texture": "#2"},
				"south": {"uv": [0.36328, 9.12891, 5.25078, 13.74688], "rotation": 270, "texture": "#2"},
				"west": {"uv": [0.36328, 9.12891, 5.25078, 10.74688], "rotation": 90, "texture": "#2"},
				"up": {"uv": [0.36328, 9.12891, 5.25078, 10.74688], "rotation": 180, "texture": "#2"},
				"down": {"uv": [0.36328, 9.12891, 5.25078, 10.74688], "texture": "#2"}
			}
		},
		{
			"from": [2.8, 6.5, 11],
			"to": [5.8, 9.5, 11],
			"rotation": {"angle": 0, "axis": "y", "origin": [4.3, 8, 11]},
			"faces": {
				"north": {"uv": [0.36328, 9.12891, 5.25078, 13.74688], "rotation": 270, "texture": "#2"},
				"east": {"uv": [0.36328, 9.12891, 5.25078, 10.74688], "rotation": 270, "texture": "#2"},
				"south": {"uv": [0.36328, 9.12891, 5.25078, 13.74688], "rotation": 270, "texture": "#2"},
				"west": {"uv": [0.36328, 9.12891, 5.25078, 10.74688], "rotation": 90, "texture": "#2"},
				"up": {"uv": [0.36328, 9.12891, 5.25078, 10.74688], "rotation": 180, "texture": "#2"},
				"down": {"uv": [0.36328, 9.12891, 5.25078, 10.74688], "texture": "#2"}
			}
		},
		{
			"from": [4.3, 6.5, 9.5],
			"to": [4.3, 9.5, 12.5],
			"rotation": {"angle": -45, "axis": "y", "origin": [4.3, 8, 11]},
			"faces": {
				"north": {"uv": [0.36328, 9.12891, 5.25078, 10.74688], "rotation": 270, "texture": "#2"},
				"east": {"uv": [0.36328, 9.12891, 5.25078, 13.74688], "rotation": 270, "texture": "#2"},
				"south": {"uv": [0.36328, 9.12891, 5.25078, 10.74688], "rotation": 90, "texture": "#2"},
				"west": {"uv": [0.36328, 9.12891, 5.25078, 13.74688], "rotation": 270, "texture": "#2"},
				"up": {"uv": [0.36328, 9.12891, 5.25078, 10.74688], "rotation": 90, "texture": "#2"},
				"down": {"uv": [0.36328, 9.12891, 5.25078, 10.74688], "rotation": 90, "texture": "#2"}
			}
		},
		{
			"from": [4.3, 6.5, 9.5],
			"to": [4.3, 9.5, 12.5],
			"rotation": {"angle": -22.5, "axis": "y", "origin": [4.3, 8, 11]},
			"faces": {
				"north": {"uv": [0.36328, 9.12891, 5.25078, 10.74688], "rotation": 90, "texture": "#2"},
				"east": {"uv": [0.36328, 9.12891, 5.25078, 13.74688], "rotation": 270, "texture": "#2"},
				"south": {"uv": [0.36328, 9.12891, 5.25078, 10.74688], "rotation": 270, "texture": "#2"},
				"west": {"uv": [0.36328, 9.12891, 5.25078, 13.74688], "rotation": 270, "texture": "#2"},
				"up": {"uv": [0.36328, 9.12891, 5.25078, 10.74688], "rotation": 270, "texture": "#2"},
				"down": {"uv": [0.36328, 9.12891, 5.25078, 10.74688], "rotation": 270, "texture": "#2"}
			}
		},
		{
			"from": [2.8, 6.5, 11],
			"to": [5.8, 9.5, 11],
			"rotation": {"angle": -22.5, "axis": "y", "origin": [4.3, 8, 11]},
			"faces": {
				"north": {"uv": [0.36328, 9.12891, 5.25078, 13.74688], "rotation": 270, "texture": "#2"},
				"east": {"uv": [0.36328, 9.12891, 5.25078, 10.74688], "rotation": 270, "texture": "#2"},
				"south": {"uv": [0.36328, 9.12891, 5.25078, 13.74688], "rotation": 270, "texture": "#2"},
				"west": {"uv": [0.36328, 9.12891, 5.25078, 10.74688], "rotation": 90, "texture": "#2"},
				"up": {"uv": [0.36328, 9.12891, 5.25078, 10.74688], "rotation": 180, "texture": "#2"},
				"down": {"uv": [0.36328, 9.12891, 5.25078, 10.74688], "texture": "#2"}
			}
		},
		{
			"from": [2.8, 8, 9.5],
			"to": [5.8, 8, 12.5],
			"rotation": {"angle": -22.5, "axis": "x", "origin": [4.3, 8, 11]},
			"faces": {
				"north": {"uv": [0.36328, 9.12891, 5.25078, 10.74688], "texture": "#2"},
				"east": {"uv": [0.36328, 9.12891, 5.25078, 10.74688], "texture": "#2"},
				"south": {"uv": [0.36328, 9.12891, 5.25078, 10.74688], "texture": "#2"},
				"west": {"uv": [0.36328, 9.12891, 5.25078, 10.74688], "texture": "#2"},
				"up": {"uv": [0.36328, 9.12891, 5.25078, 13.74688], "texture": "#2"},
				"down": {"uv": [0.36328, 9.12891, 5.25078, 13.74688], "texture": "#2"}
			}
		},
		{
			"from": [2.8, 8, 9.5],
			"to": [5.8, 8, 12.5],
			"rotation": {"angle": -45, "axis": "x", "origin": [4.3, 8, 11]},
			"faces": {
				"north": {"uv": [0.36328, 9.12891, 5.25078, 10.74688], "texture": "#2"},
				"east": {"uv": [0.36328, 9.12891, 5.25078, 10.74688], "texture": "#2"},
				"south": {"uv": [0.36328, 9.12891, 5.25078, 10.74688], "texture": "#2"},
				"west": {"uv": [0.36328, 9.12891, 5.25078, 10.74688], "texture": "#2"},
				"up": {"uv": [0.36328, 9.12891, 5.25078, 13.74688], "texture": "#2"},
				"down": {"uv": [0.36328, 9.12891, 5.25078, 13.74688], "texture": "#2"}
			}
		},
		{
			"from": [2.8, 6.5, 11],
			"to": [5.8, 9.5, 11],
			"rotation": {"angle": 0, "axis": "x", "origin": [4.3, 8, 11]},
			"faces": {
				"north": {"uv": [0.36328, 9.12891, 5.25078, 13.74688], "rotation": 180, "texture": "#2"},
				"east": {"uv": [0.36328, 9.12891, 5.25078, 10.74688], "rotation": 90, "texture": "#2"},
				"south": {"uv": [0.36328, 9.12891, 5.25078, 13.74688], "texture": "#2"},
				"west": {"uv": [0.36328, 9.12891, 5.25078, 10.74688], "rotation": 270, "texture": "#2"},
				"up": {"uv": [0.36328, 9.12891, 5.25078, 10.74688], "texture": "#2"},
				"down": {"uv": [0.36328, 9.12891, 5.25078, 10.74688], "rotation": 180, "texture": "#2"}
			}
		},
		{
			"from": [2.8, 6.5, 11],
			"to": [5.8, 9.5, 11],
			"rotation": {"angle": -22.5, "axis": "x", "origin": [4.3, 8, 11]},
			"faces": {
				"north": {"uv": [0.36328, 9.12891, 5.25078, 13.74688], "rotation": 180, "texture": "#2"},
				"east": {"uv": [0.36328, 9.12891, 5.25078, 10.74688], "rotation": 90, "texture": "#2"},
				"south": {"uv": [0.36328, 9.12891, 5.25078, 13.74688], "texture": "#2"},
				"west": {"uv": [0.36328, 9.12891, 5.25078, 10.74688], "rotation": 270, "texture": "#2"},
				"up": {"uv": [0.36328, 9.12891, 5.25078, 10.74688], "texture": "#2"},
				"down": {"uv": [0.36328, 9.12891, 5.25078, 10.74688], "rotation": 180, "texture": "#2"}
			}
		},
		{
			"from": [2.8, 8, 9.5],
			"to": [5.8, 8, 12.5],
			"rotation": {"angle": 45, "axis": "x", "origin": [4.3, 8, 11]},
			"faces": {
				"north": {"uv": [0.36328, 9.12891, 5.25078, 10.74688], "rotation": 180, "texture": "#2"},
				"east": {"uv": [0.36328, 9.12891, 5.25078, 10.74688], "rotation": 180, "texture": "#2"},
				"south": {"uv": [0.36328, 9.12891, 5.25078, 10.74688], "rotation": 180, "texture": "#2"},
				"west": {"uv": [0.36328, 9.12891, 5.25078, 10.74688], "rotation": 180, "texture": "#2"},
				"up": {"uv": [0.36328, 9.12891, 5.25078, 13.74688], "texture": "#2"},
				"down": {"uv": [0.36328, 9.12891, 5.25078, 13.74688], "texture": "#2"}
			}
		},
		{
			"from": [2.8, 8, 9.5],
			"to": [5.8, 8, 12.5],
			"rotation": {"angle": 22.5, "axis": "x", "origin": [4.3, 8, 11]},
			"faces": {
				"north": {"uv": [0.36328, 9.12891, 5.25078, 10.74688], "rotation": 180, "texture": "#2"},
				"east": {"uv": [0.36328, 9.12891, 5.25078, 10.74688], "rotation": 180, "texture": "#2"},
				"south": {"uv": [0.36328, 9.12891, 5.25078, 10.74688], "rotation": 180, "texture": "#2"},
				"west": {"uv": [0.36328, 9.12891, 5.25078, 10.74688], "rotation": 180, "texture": "#2"},
				"up": {"uv": [0.36328, 9.12891, 5.25078, 13.74688], "texture": "#2"},
				"down": {"uv": [0.36328, 9.12891, 5.25078, 13.74688], "texture": "#2"}
			}
		},
		{
			"from": [2.8, 8, 9.5],
			"to": [5.8, 8, 12.5],
			"rotation": {"angle": 0, "axis": "x", "origin": [4.3, 8, 11]},
			"faces": {
				"north": {"uv": [0.36328, 9.12891, 5.25078, 10.74688], "rotation": 180, "texture": "#2"},
				"east": {"uv": [0.36328, 9.12891, 5.25078, 10.74688], "rotation": 180, "texture": "#2"},
				"south": {"uv": [0.36328, 9.12891, 5.25078, 10.74688], "rotation": 180, "texture": "#2"},
				"west": {"uv": [0.36328, 9.12891, 5.25078, 10.74688], "rotation": 180, "texture": "#2"},
				"up": {"uv": [0.36328, 9.12891, 5.25078, 13.74688], "texture": "#2"},
				"down": {"uv": [0.36328, 9.12891, 5.25078, 13.74688], "texture": "#2"}
			}
		},
		{
			"from": [2.8, 8, 9.5],
			"to": [5.8, 8, 12.5],
			"rotation": {"angle": -22.5, "axis": "x", "origin": [4.3, 8, 11]},
			"faces": {
				"north": {"uv": [0.36328, 9.12891, 5.25078, 10.74688], "rotation": 180, "texture": "#2"},
				"east": {"uv": [0.36328, 9.12891, 5.25078, 10.74688], "rotation": 180, "texture": "#2"},
				"south": {"uv": [0.36328, 9.12891, 5.25078, 10.74688], "rotation": 180, "texture": "#2"},
				"west": {"uv": [0.36328, 9.12891, 5.25078, 10.74688], "rotation": 180, "texture": "#2"},
				"up": {"uv": [0.36328, 9.12891, 5.25078, 13.74688], "texture": "#2"},
				"down": {"uv": [0.36328, 9.12891, 5.25078, 13.74688], "texture": "#2"}
			}
		},
		{
			"from": [2.8, 6.5, 11],
			"to": [5.8, 9.5, 11],
			"rotation": {"angle": 22.5, "axis": "x", "origin": [4.3, 8, 11]},
			"faces": {
				"north": {"uv": [0.36328, 9.12891, 5.25078, 13.74688], "rotation": 180, "texture": "#2"},
				"east": {"uv": [0.36328, 9.12891, 5.25078, 10.74688], "rotation": 90, "texture": "#2"},
				"south": {"uv": [0.36328, 9.12891, 5.25078, 13.74688], "texture": "#2"},
				"west": {"uv": [0.36328, 9.12891, 5.25078, 10.74688], "rotation": 270, "texture": "#2"},
				"up": {"uv": [0.36328, 9.12891, 5.25078, 10.74688], "texture": "#2"},
				"down": {"uv": [0.36328, 9.12891, 5.25078, 10.74688], "rotation": 180, "texture": "#2"}
			}
		},
		{
			"from": [4.3, 0, 10.9],
			"to": [4.3, 7.6, 11.7],
			"rotation": {"angle": 0, "axis": "y", "origin": [4.05, 2.6, 11.65]},
			"faces": {
				"north": {"uv": [9.30469, 2.875, 9.48438, 16], "texture": "#2"},
				"east": {"uv": [9.30469, 2.875, 10.48438, 16], "texture": "#2"},
				"south": {"uv": [9.30469, 2.875, 9.48438, 16], "texture": "#2"},
				"west": {"uv": [10.46875, 2.875, 9.35938, 16], "texture": "#2"},
				"up": {"uv": [9.30469, 2.875, 9.48438, 9.71875], "texture": "#2"},
				"down": {"uv": [9.30469, 2.875, 9.48438, 9.71875], "texture": "#2"}
			}
		},
		{
			"from": [3.1, -0.44896, 10.04749],
			"to": [5.5, 2.65104, 10.04749],
			"rotation": {"angle": -45, "axis": "x", "origin": [4.35, 1.20104, 10.14749]},
			"faces": {
				"north": {"uv": [12.39063, 10.15625, 15.39063, 15.15625], "texture": "#2"},
				"east": {"uv": [11, 10.74219, 16, 10.74219], "rotation": 270, "texture": "#2"},
				"south": {"uv": [12.39063, 10.15625, 15.39063, 15.15625], "texture": "#2"},
				"west": {"uv": [11, 10.74219, 16, 10.74219], "rotation": 90, "texture": "#2"},
				"up": {"uv": [11, 10.74219, 14, 10.74219], "rotation": 180, "texture": "#2"},
				"down": {"uv": [11, 10.74219, 14, 10.74219], "texture": "#2"}
			}
		},
		{
			"from": [3, -0.54896, 12.30607],
			"to": [5.5, 2.55104, 12.30607],
			"rotation": {"angle": 45, "axis": "x", "origin": [4.25, 1.20104, 12.20607]},
			"faces": {
				"north": {"uv": [12.39063, 10.15625, 15.39063, 15.15625], "texture": "#2"},
				"east": {"uv": [11, 10.74219, 16, 10.74219], "rotation": 270, "texture": "#2"},
				"south": {"uv": [12.39063, 10.15625, 15.39063, 15.15625], "texture": "#2"},
				"west": {"uv": [11, 10.74219, 16, 10.74219], "rotation": 90, "texture": "#2"},
				"up": {"uv": [11, 10.74219, 14, 10.74219], "rotation": 180, "texture": "#2"},
				"down": {"uv": [11, 10.74219, 14, 10.74219], "texture": "#2"}
			}
		},
		{
			"from": [4.15054, 1.03876, 9.95607],
			"to": [6.90054, 1.03876, 12.45607],
			"rotation": {"angle": 45, "axis": "z", "origin": [5.52554, 0.53876, 11.20607]},
			"faces": {
				"north": {"uv": [11, 10.74219, 16, 10.74219], "rotation": 180, "texture": "#2"},
				"east": {"uv": [11, 10.74219, 14, 10.74219], "rotation": 180, "texture": "#2"},
				"south": {"uv": [11, 10.74219, 16, 10.74219], "rotation": 180, "texture": "#2"},
				"west": {"uv": [11, 10.74219, 14, 10.74219], "rotation": 180, "texture": "#2"},
				"up": {"uv": [12.39063, 10.15625, 15.39063, 15.15625], "rotation": 90, "texture": "#2"},
				"down": {"uv": [12.39063, 10.15625, 15.39063, 15.15625], "rotation": 90, "texture": "#2"}
			}
		},
		{
			"from": [3.47199, -0.48269, 10.05607],
			"to": [3.47199, 2.26731, 12.35607],
			"rotation": {"angle": 45, "axis": "z", "origin": [3.57199, 0.89231, 11.20607]},
			"faces": {
				"north": {"uv": [11, 10.74219, 16, 10.74219], "rotation": 270, "texture": "#2"},
				"east": {"uv": [12.39063, 10.15625, 15.39063, 15.15625], "texture": "#2"},
				"south": {"uv": [11, 10.74219, 16, 10.74219], "rotation": 90, "texture": "#2"},
				"west": {"uv": [12.39063, 10.15625, 15.39063, 15.15625], "texture": "#2"},
				"up": {"uv": [11, 10.74219, 14, 10.74219], "rotation": 90, "texture": "#2"},
				"down": {"uv": [11, 10.74219, 14, 10.74219], "rotation": 90, "texture": "#2"}
			}
		},
		{
			"from": [3.1, 0.1, 8.2],
			"to": [5.3, 0.1, 11.2],
			"rotation": {"angle": 0, "axis": "y", "origin": [4.25, 2.7, 11.05]},
			"faces": {
				"north": {"uv": [0, 0, 4, 0], "texture": "#2"},
				"east": {"uv": [0, 0, 3, 0], "texture": "#2"},
				"south": {"uv": [0, 0, 4, 0], "texture": "#2"},
				"west": {"uv": [0, 0, 3, 0], "texture": "#2"},
				"up": {"uv": [12.85156, 3.10156, 15.1875, 8.48359], "texture": "#2"},
				"down": {"uv": [10.61797, 3.10156, 12.95391, 8.48359], "rotation": 90, "texture": "#2"}
			}
		},
		{
			"from": [1.4, 0.1, 10],
			"to": [4.4, 0.1, 12.2],
			"rotation": {"angle": -45, "axis": "y", "origin": [4.25, 2.7, 11.05]},
			"faces": {
				"north": {"uv": [0, 0, 3, 0], "texture": "#2"},
				"east": {"uv": [0, 0, 4, 0], "texture": "#2"},
				"south": {"uv": [0, 0, 3, 0], "texture": "#2"},
				"west": {"uv": [0, 0, 4, 0], "texture": "#2"},
				"up": {"uv": [12.85156, 3.10156, 15.1875, 8.48359], "rotation": 270, "texture": "#2"},
				"down": {"uv": [10.61797, 3.10156, 12.95391, 8.48359], "rotation": 90, "texture": "#2"}
			}
		},
		{
			"from": [1.4, 0.1, 10],
			"to": [4.4, 0.1, 12.2],
			"rotation": {"angle": 45, "axis": "y", "origin": [4.25, 2.7, 11.05]},
			"faces": {
				"north": {"uv": [0, 0, 3, 0], "texture": "#2"},
				"east": {"uv": [0, 0, 4, 0], "texture": "#2"},
				"south": {"uv": [0, 0, 3, 0], "texture": "#2"},
				"west": {"uv": [0, 0, 4, 0], "texture": "#2"},
				"up": {"uv": [12.85156, 3.10156, 15.1875, 8.48359], "rotation": 270, "texture": "#2"},
				"down": {"uv": [10.61797, 3.10156, 12.95391, 8.48359], "rotation": 90, "texture": "#2"}
			}
		},
		{
			"from": [1.4, 0.1, 10],
			"to": [4.4, 0.1, 12.2],
			"rotation": {"angle": 0, "axis": "y", "origin": [4.25, 2.7, 11.05]},
			"faces": {
				"north": {"uv": [0, 0, 3, 0], "texture": "#2"},
				"east": {"uv": [0, 0, 4, 0], "texture": "#2"},
				"south": {"uv": [0, 0, 3, 0], "texture": "#2"},
				"west": {"uv": [0, 0, 4, 0], "texture": "#2"},
				"up": {"uv": [12.85156, 3.10156, 15.1875, 8.48359], "rotation": 270, "texture": "#2"},
				"down": {"uv": [10.61797, 3.10156, 12.95391, 8.48359], "rotation": 90, "texture": "#2"}
			}
		},
		{
			"from": [3.2, 0.1, 10.9],
			"to": [5.4, 0.1, 13.9],
			"rotation": {"angle": 0, "axis": "y", "origin": [4.25, 2.7, 11.05]},
			"faces": {
				"north": {"uv": [0, 0, 4, 0], "texture": "#2"},
				"east": {"uv": [0, 0, 3, 0], "texture": "#2"},
				"south": {"uv": [0, 0, 4, 0], "texture": "#2"},
				"west": {"uv": [0, 0, 3, 0], "texture": "#2"},
				"up": {"uv": [12.85156, 3.10156, 15.1875, 8.48359], "rotation": 180, "texture": "#2"},
				"down": {"uv": [10.61797, 3.10156, 12.95391, 8.48359], "rotation": 90, "texture": "#2"}
			}
		},
		{
			"from": [3.2, 0.1, 10.9],
			"to": [5.4, 0.1, 13.9],
			"rotation": {"angle": 45, "axis": "y", "origin": [4.25, 2.7, 11.05]},
			"faces": {
				"north": {"uv": [0, 0, 4, 0], "texture": "#2"},
				"east": {"uv": [0, 0, 3, 0], "texture": "#2"},
				"south": {"uv": [0, 0, 4, 0], "texture": "#2"},
				"west": {"uv": [0, 0, 3, 0], "texture": "#2"},
				"up": {"uv": [12.85156, 3.10156, 15.1875, 8.48359], "rotation": 180, "texture": "#2"},
				"down": {"uv": [10.61797, 3.10156, 12.95391, 8.48359], "rotation": 90, "texture": "#2"}
			}
		},
		{
			"from": [4.1, 0.1, 9.9],
			"to": [7.1, 0.1, 12.1],
			"rotation": {"angle": 0, "axis": "y", "origin": [4.25, 2.7, 11.05]},
			"faces": {
				"north": {"uv": [0, 0, 3, 0], "texture": "#2"},
				"east": {"uv": [0, 0, 4, 0], "texture": "#2"},
				"south": {"uv": [0, 0, 3, 0], "texture": "#2"},
				"west": {"uv": [0, 0, 4, 0], "texture": "#2"},
				"up": {"uv": [12.85156, 3.10156, 15.1875, 8.48359], "rotation": 90, "texture": "#2"},
				"down": {"uv": [10.61797, 3.10156, 12.95391, 8.48359], "rotation": 90, "texture": "#2"}
			}
		},
		{
			"from": [4.1, 0.1, 9.9],
			"to": [7.1, 0.1, 12.1],
			"rotation": {"angle": 45, "axis": "y", "origin": [4.25, 2.7, 11.05]},
			"faces": {
				"north": {"uv": [0, 0, 3, 0], "texture": "#2"},
				"east": {"uv": [0, 0, 4, 0], "texture": "#2"},
				"south": {"uv": [0, 0, 3, 0], "texture": "#2"},
				"west": {"uv": [0, 0, 4, 0], "texture": "#2"},
				"up": {"uv": [12.85156, 3.10156, 15.1875, 8.48359], "rotation": 90, "texture": "#2"},
				"down": {"uv": [10.61797, 3.10156, 12.95391, 8.48359], "rotation": 90, "texture": "#2"}
			}
		}
	],
	"groups": [
		{
			"name": "group",
			"origin": [9.3, 14.5, 8.5],
			"color": 0,
			"children": [
				{
					"name": "group",
					"origin": [11.05, 2.6, 4.75],
					"color": 0,
					"children": [0, 1, 2, 3, 4, 5, 6, 7, 8, 9, 10, 11, 12, 13, 14, 15, 16, 17, 18, 19, 20, 21, 22, 23, 24, 25, 26, 27, 28, 29, 30, 31, 32, 33, 34, 35, 36, 37, 38, 39, 40, 41, 42, 43, 44, 45, 46, 47, 48, 49, 50, 51, 52, 53, 54, 55, 56, 57, 58, 59, 60, 61]
				},
				{
					"name": "group",
					"origin": [11.05, 2.6, 4.75],
					"color": 0,
					"children": [62, 63, 64, 65, 66, 67, 68, 69, 70, 71, 72, 73, 74, 75, 76, 77, 78, 79, 80, 81, 82, 83, 84, 85, 86, 87, 88, 89, 90, 91, 92, 93, 94, 95, 96, 97, 98, 99, 100, 101, 102, 103, 104]
				}
			]
		},
		{
			"name": "group",
			"origin": [9.3, 14.5, 8.5],
			"color": 0,
			"children": [
				{
					"name": "group",
					"origin": [11.05, 2.6, 4.75],
					"color": 0,
					"children": [105, 106, 107, 108, 109, 110, 111, 112, 113, 114, 115, 116, 117, 118, 119, 120, 121, 122, 123, 124, 125, 126, 127, 128, 129, 130, 131, 132, 133, 134, 135]
				}
			]
		}
	]
}