{
	"credit": "Made with Blockbench",
	"parent": "minecraft:block/cross",
	"textures": {
		"cross": "block/azure_bluet"
	},
	"elements": [
		{
			"from": [7, -0.1, 4],
			"to": [8, 8.3, 4],
			"rotation": {"angle": 0, "axis": "y", "origin": [4, 0, -3]},
			"faces": {
				"north": {"uv": [11.30469, 1.92188, 13.04688, 15.92188], "texture": "#cross"},
				"east": {"uv": [13.04688, 1.92188, 11.3125, 15.92188], "texture": "#cross"},
				"south": {"uv": [13.03906, 1.92188, 11.3125, 15.92188], "texture": "#cross"},
				"west": {"uv": [13.04688, 1.92188, 11.3125, 15.92188], "texture": "#cross"},
				"up": {"uv": [7.47656, 1.92188, 8.78906, 1.92188], "texture": "#cross"},
				"down": {"uv": [7.47656, 1.92188, 8.78906, 1.92188], "texture": "#cross"}
			}
		},
		{
			"from": [6.45, 7.65, 2.75],
			"to": [8.95, 7.65, 5.25],
			"rotation": {"angle": -22.5, "axis": "z", "origin": [7.5, 7.45, 4]},
			"faces": {
				"north": {"uv": [0.19531, 2.98438, 4.91406, 8.89844], "rotation": 90, "texture": "#cross"},
				"east": {"uv": [0.19531, 2.98438, 4.91406, 8.89844], "rotation": 270, "texture": "#cross"},
				"south": {"uv": [0.19531, 2.98438, 4.91406, 8.89844], "rotation": 270, "texture": "#cross"},
				"west": {"uv": [0.19531, 2.98438, 4.91406, 8.89844], "rotation": 270, "texture": "#cross"},
				"up": {"uv": [0.19531, 2.98438, 5.91406, 8.89844], "rotation": 270, "texture": "#cross"},
				"down": {"uv": [0.19531, 2.98438, 5.91406, 8.89844], "rotation": 270, "texture": "#cross"}
			}
		},
		{
			"from": [7.5, -0.1, 8.5],
			"to": [7.5, 7.1, 9.5],
			"rotation": {"angle": 0, "axis": "y", "origin": [7.5, 6.575, 4]},
			"faces": {
				"north": {"uv": [12.52344, 2, 10.78906, 16], "texture": "#cross"},
				"east": {"uv": [12.51563, 2, 10.78906, 16], "texture": "#cross"},
				"south": {"uv": [12.52344, 2, 10.78906, 16], "texture": "#cross"},
				"west": {"uv": [10.78125, 2, 12.52344, 16], "texture": "#cross"},
				"up": {"uv": [9.40625, 2, 10.71875, 2], "rotation": 270, "texture": "#cross"},
				"down": {"uv": [9.40625, 2, 10.71875, 2], "rotation": 90, "texture": "#cross"}
			}
		},
		{
			"from": [6.25, 6.55, 7.85],
			"to": [8.75, 6.55, 10.35],
			"rotation": {"angle": -22.5, "axis": "x", "origin": [7.5, 6.45, 9]},
			"faces": {
				"north": {"uv": [0.19531, 2.98438, 4.91406, 8.89844], "rotation": 270, "texture": "#cross"},
				"east": {"uv": [0.19531, 2.98438, 4.91406, 8.89844], "rotation": 270, "texture": "#cross"},
				"south": {"uv": [0.19531, 2.98438, 4.91406, 8.89844], "rotation": 270, "texture": "#cross"},
				"west": {"uv": [0.19531, 2.98438, 4.91406, 8.89844], "rotation": 90, "texture": "#cross"},
				"up": {"uv": [0.19531, 2.98438, 5.91406, 8.89844], "rotation": 180, "texture": "#cross"},
				"down": {"uv": [0.19531, 2.98438, 5.91406, 8.89844], "texture": "#cross"}
			}
		},
		{
			"from": [8.5, -0.1, 5],
			"to": [8.5, 6.3, 6],
			"rotation": {"angle": -45, "axis": "y", "origin": [7.5, 6.275, 6.5]},
			"faces": {
				"north": {"uv": [11.86719, 2, 10.13281, 16], "texture": "#cross"},
				"east": {"uv": [11.85938, 2, 10.13281, 16], "texture": "#cross"},
				"south": {"uv": [11.86719, 2, 10.13281, 16], "texture": "#cross"},
				"west": {"uv": [10.125, 2, 11.86719, 16], "texture": "#cross"},
				"up": {"uv": [6.29688, 2, 7.60938, 2], "rotation": 270, "texture": "#cross"},
				"down": {"uv": [6.29688, 2, 7.60938, 2], "rotation": 90, "texture": "#cross"}
			}
		},
		{
			"from": [8.91421, -0.1, 6],
			"to": [8.91421, 6.3, 7],
			"rotation": {"angle": -22.5, "axis": "y", "origin": [8.91421, 3.1, 6.5]},
			"faces": {
				"north": {"uv": [11.86719, 2, 10.13281, 16], "texture": "#cross"},
				"east": {"uv": [11.85938, 2, 10.13281, 16], "texture": "#cross"},
				"south": {"uv": [11.86719, 2, 10.13281, 16], "texture": "#cross"},
				"west": {"uv": [10.125, 2, 11.86719, 16], "texture": "#cross"},
				"up": {"uv": [6.29688, 2, 7.60938, 2], "rotation": 270, "texture": "#cross"},
				"down": {"uv": [6.29688, 2, 7.60938, 2], "rotation": 90, "texture": "#cross"}
			}
		},
		{
			"from": [12, -0.1, 6.5],
			"to": [13, 5.1, 6.5],
			"rotation": {"angle": -45, "axis": "y", "origin": [7.5, 6.275, 6.5]},
			"faces": {
				"north": {"uv": [12.3125, 1.96094, 10.58594, 15.96094], "texture": "#cross"},
				"east": {"uv": [12.32031, 1.96094, 10.58594, 15.96094], "texture": "#cross"},
				"south": {"uv": [10.57813, 1.96094, 12.32031, 15.96094], "texture": "#cross"},
				"west": {"uv": [12.32031, 1.96094, 10.58594, 15.96094], "texture": "#cross"},
				"up": {"uv": [6.75, 1.96094, 8.0625, 1.96094], "rotation": 180, "texture": "#cross"},
				"down": {"uv": [6.75, 1.96094, 8.0625, 1.96094], "rotation": 180, "texture": "#cross"}
			}
		},
		{
			"from": [7.25, 5.85, 4.65],
			"to": [9.75, 5.85, 7.15],
			"rotation": {"angle": -45, "axis": "y", "origin": [7.5, 5.275, 6.5]},
			"faces": {
				"north": {"uv": [0.19531, 2.98438, 4.91406, 8.89844], "rotation": 270, "texture": "#cross"},
				"east": {"uv": [0.19531, 2.98438, 4.91406, 8.89844], "rotation": 270, "texture": "#cross"},
				"south": {"uv": [0.19531, 2.98438, 4.91406, 8.89844], "rotation": 270, "texture": "#cross"},
				"west": {"uv": [0.19531, 2.98438, 4.91406, 8.89844], "rotation": 90, "texture": "#cross"},
				"up": {"uv": [0.19531, 2.98438, 5.91406, 8.89844], "rotation": 180, "texture": "#cross"},
				"down": {"uv": [0.19531, 2.98438, 5.91406, 8.89844], "texture": "#cross"}
			}
		},
		{
			"from": [11.45, 4.75, 5.25],
			"to": [13.95, 4.75, 7.75],
			"rotation": {"angle": -45, "axis": "y", "origin": [7.5, 5.275, 6.5]},
			"faces": {
				"north": {"uv": [0.19531, 2.98438, 4.91406, 8.89844], "rotation": 270, "texture": "#cross"},
				"east": {"uv": [0.19531, 2.98438, 4.91406, 8.89844], "rotation": 270, "texture": "#cross"},
				"south": {"uv": [0.19531, 2.98438, 4.91406, 8.89844], "rotation": 90, "texture": "#cross"},
				"west": {"uv": [0.19531, 2.98438, 4.91406, 8.89844], "rotation": 270, "texture": "#cross"},
				"up": {"uv": [0.19531, 2.98438, 5.91406, 8.89844], "rotation": 90, "texture": "#cross"},
				"down": {"uv": [0.19531, 2.98438, 5.91406, 8.89844], "rotation": 90, "texture": "#cross"}
			}
		},
		{
			"from": [6.83553, -0.1, 13.03553],
			"to": [7.83553, 8.3, 13.03553],
			"rotation": {"angle": 0, "axis": "y", "origin": [5.56777, 5.775, 10.01777]},
			"faces": {
				"north": {"uv": [12.64063, 2, 10.91406, 16], "texture": "#cross"},
				"east": {"uv": [12.64844, 2, 10.91406, 16], "texture": "#cross"},
				"south": {"uv": [10.90625, 2, 12.64844, 16], "texture": "#cross"},
				"west": {"uv": [12.64844, 2, 10.91406, 16], "texture": "#cross"},
				"up": {"uv": [9.40625, 2, 10.71875, 2], "rotation": 180, "texture": "#cross"},
				"down": {"uv": [9.40625, 2, 10.71875, 2], "rotation": 180, "texture": "#cross"}
			}
		},
		{
			"from": [6.08553, 7.65, 11.78553],
			"to": [8.58553, 7.65, 14.28553],
			"rotation": {"angle": 22.5, "axis": "x", "origin": [7.33553, 7.45, 13.03553]},
			"faces": {
				"north": {"uv": [0.19531, 2.98438, 4.91406, 8.89844], "rotation": 270, "texture": "#cross"},
				"east": {"uv": [0.19531, 2.98438, 4.91406, 8.89844], "rotation": 270, "texture": "#cross"},
				"south": {"uv": [0.19531, 2.98438, 4.91406, 8.89844], "rotation": 90, "texture": "#cross"},
				"west": {"uv": [0.19531, 2.98438, 4.91406, 8.89844], "rotation": 270, "texture": "#cross"},
				"up": {"uv": [0.19531, 2.98438, 5.91406, 8.89844], "rotation": 90, "texture": "#cross"},
				"down": {"uv": [0.19531, 2.98438, 5.91406, 8.89844], "rotation": 90, "texture": "#cross"}
			}
		},
		{
			"from": [4.7, -0.1, 7.03553],
			"to": [4.7, 8.3, 8.03553],
			"rotation": {"angle": 22.5, "axis": "y", "origin": [7.41777, 6.575, 8.51777]},
			"faces": {
				"north": {"uv": [12.72656, 2, 10.99219, 16], "texture": "#cross"},
				"east": {"uv": [12.71875, 2, 10.99219, 16], "texture": "#cross"},
				"south": {"uv": [12.72656, 2, 10.99219, 16], "texture": "#cross"},
				"west": {"uv": [10.98438, 2, 12.72656, 16], "texture": "#cross"},
				"up": {"uv": [9.40625, 2, 10.71875, 2], "rotation": 270, "texture": "#cross"},
				"down": {"uv": [9.40625, 2, 10.71875, 2], "rotation": 90, "texture": "#cross"}
			}
		},
		{
			"from": [3.45, 7.75, 6.28553],
			"to": [5.95, 7.75, 8.78553],
			"rotation": {"angle": 22.5, "axis": "y", "origin": [7.41777, 5.575, 8.51777]},
			"faces": {
				"north": {"uv": [0.19531, 2.98438, 4.91406, 8.89844], "rotation": 270, "texture": "#cross"},
				"east": {"uv": [0.19531, 2.98438, 4.91406, 8.89844], "rotation": 270, "texture": "#cross"},
				"south": {"uv": [0.19531, 2.98438, 4.91406, 8.89844], "rotation": 270, "texture": "#cross"},
				"west": {"uv": [0.19531, 2.98438, 4.91406, 8.89844], "rotation": 90, "texture": "#cross"},
				"up": {"uv": [0.19531, 2.98438, 5.91406, 8.89844], "rotation": 180, "texture": "#cross"},
				"down": {"uv": [0.19531, 2.98438, 5.91406, 8.89844], "texture": "#cross"}
			}
		},
		{
			"from": [9.84392, 7.45, 4.85991],
			"to": [12.34392, 7.45, 7.35991],
			"rotation": {"angle": 22.5, "axis": "x", "origin": [11.09392, 7.45, 6.10991]},
			"faces": {
				"north": {"uv": [0.19531, 2.98438, 4.91406, 8.89844], "rotation": 270, "texture": "#cross"},
				"east": {"uv": [0.19531, 2.98438, 4.91406, 8.89844], "rotation": 90, "texture": "#cross"},
				"south": {"uv": [0.19531, 2.98438, 4.91406, 8.89844], "rotation": 270, "texture": "#cross"},
				"west": {"uv": [0.19531, 2.98438, 4.91406, 8.89844], "rotation": 270, "texture": "#cross"},
				"up": {"uv": [0.19531, 2.98438, 5.91406, 8.89844], "texture": "#cross"},
				"down": {"uv": [0.19531, 2.98438, 5.91406, 8.89844], "rotation": 180, "texture": "#cross"}
			}
		},
		{
			"from": [11.73553, -0.1, 7.2],
			"to": [11.73553, 8.3, 8.2],
			"rotation": {"angle": 22.5, "axis": "y", "origin": [7.41777, 6.575, 8.51777]},
			"faces": {
				"north": {"uv": [12.96875, 2, 11.23438, 16], "texture": "#cross"},
				"east": {"uv": [11.22656, 2, 12.96875, 16], "texture": "#cross"},
				"south": {"uv": [12.96875, 2, 11.23438, 16], "texture": "#cross"},
				"west": {"uv": [12.96094, 2, 11.23438, 16], "texture": "#cross"},
				"up": {"uv": [7.39844, 2, 8.71094, 2], "rotation": 90, "texture": "#cross"},
				"down": {"uv": [7.39844, 2, 8.71094, 2], "rotation": 270, "texture": "#cross"}
			}
		},
		{
			"from": [4.58553, 5.75, 3.78553],
			"to": [7.08553, 5.75, 6.28553],
			"rotation": {"angle": -22.5, "axis": "x", "origin": [5.83553, 5.55, 5.03553]},
			"faces": {
				"north": {"uv": [0.19531, 2.98438, 4.91406, 8.89844], "rotation": 270, "texture": "#cross"},
				"east": {"uv": [0.19531, 2.98438, 4.91406, 8.89844], "rotation": 90, "texture": "#cross"},
				"south": {"uv": [0.19531, 2.98438, 4.91406, 8.89844], "rotation": 270, "texture": "#cross"},
				"west": {"uv": [0.19531, 2.98438, 4.91406, 8.89844], "rotation": 270, "texture": "#cross"},
				"up": {"uv": [0.19531, 2.98438, 5.91406, 8.89844], "texture": "#cross"},
				"down": {"uv": [0.19531, 2.98438, 5.91406, 8.89844], "rotation": 180, "texture": "#cross"}
			}
		},
		{
			"from": [5.83553, 0, 4.53553],
			"to": [5.83553, 6.2, 5.53553],
			"rotation": {"angle": 0, "axis": "y", "origin": [5.56777, 5.775, 10.01777]},
			"faces": {
				"north": {"uv": [12.64844, 2, 10.91406, 16], "texture": "#cross"},
				"east": {"uv": [10.90625, 2, 12.64844, 16], "texture": "#cross"},
				"south": {"uv": [12.64844, 2, 10.91406, 16], "texture": "#cross"},
				"west": {"uv": [12.64063, 2, 10.91406, 16], "texture": "#cross"},
				"up": {"uv": [7.07813, 2, 8.39063, 2], "rotation": 90, "texture": "#cross"},
				"down": {"uv": [7.07813, 2, 8.39063, 2], "rotation": 270, "texture": "#cross"}
			}
		},
		{
			"from": [5.20165, 4.75, 5.38388],
			"to": [7.70165, 4.75, 7.88388],
			"rotation": {"angle": 45, "axis": "y", "origin": [5.56777, 4.775, 10.01777]},
			"faces": {
				"north": {"uv": [0.19531, 2.98438, 4.91406, 8.89844], "rotation": 270, "texture": "#cross"},
				"east": {"uv": [0.19531, 2.98438, 4.91406, 8.89844], "rotation": 90, "texture": "#cross"},
				"south": {"uv": [0.19531, 2.98438, 4.91406, 8.89844], "rotation": 270, "texture": "#cross"},
				"west": {"uv": [0.19531, 2.98438, 4.91406, 8.89844], "rotation": 270, "texture": "#cross"},
				"up": {"uv": [0.19531, 2.98438, 5.91406, 8.89844], "texture": "#cross"},
				"down": {"uv": [0.19531, 2.98438, 5.91406, 8.89844], "rotation": 180, "texture": "#cross"}
			}
		},
		{
			"from": [4.35165, 5.85, 9.63388],
			"to": [6.35165, 5.85, 11.63388],
			"rotation": {"angle": 45, "axis": "y", "origin": [5.56777, 4.775, 10.01777]},
			"faces": {
				"north": {"uv": [0.19531, 2.98438, 4.91406, 8.89844], "rotation": 270, "texture": "#cross"},
				"east": {"uv": [0.19531, 2.98438, 4.91406, 8.89844], "rotation": 270, "texture": "#cross"},
				"south": {"uv": [0.19531, 2.98438, 4.91406, 8.89844], "rotation": 90, "texture": "#cross"},
				"west": {"uv": [0.19531, 2.98438, 4.91406, 8.89844], "rotation": 270, "texture": "#cross"},
				"up": {"uv": [0.19531, 2.98438, 5.91406, 8.89844], "rotation": 90, "texture": "#cross"},
				"down": {"uv": [0.19531, 2.98438, 5.91406, 8.89844], "rotation": 90, "texture": "#cross"}
			}
		},
		{
			"from": [6.45165, -0.1, 6.13388],
			"to": [6.45165, 5.1, 7.13388],
			"rotation": {"angle": 45, "axis": "y", "origin": [5.56777, 5.775, 10.01777]},
			"faces": {
				"north": {"uv": [12.52344, 2, 10.78906, 16], "texture": "#cross"},
				"east": {"uv": [10.78125, 2, 12.52344, 16], "texture": "#cross"},
				"south": {"uv": [12.52344, 2, 10.78906, 16], "texture": "#cross"},
				"west": {"uv": [12.51563, 2, 10.78906, 16], "texture": "#cross"},
				"up": {"uv": [6.95313, 2, 8.26563, 2], "rotation": 90, "texture": "#cross"},
				"down": {"uv": [6.95313, 2, 8.26563, 2], "rotation": 270, "texture": "#cross"}
			}
		},
		{
			"from": [4.95165, -0.1, 10.63388],
			"to": [5.95165, 6.3, 10.63388],
			"rotation": {"angle": 45, "axis": "y", "origin": [5.56777, 5.775, 10.01777]},
			"faces": {
				"north": {"uv": [12.91406, 2, 11.1875, 16], "texture": "#cross"},
				"east": {"uv": [12.92188, 2, 11.1875, 16], "texture": "#cross"},
				"south": {"uv": [11.17969, 2, 12.92188, 16], "texture": "#cross"},
				"west": {"uv": [12.92188, 2, 11.1875, 16], "texture": "#cross"},
				"up": {"uv": [9.40625, 2, 10.71875, 2], "rotation": 180, "texture": "#cross"},
				"down": {"uv": [9.40625, 2, 10.71875, 2], "rotation": 180, "texture": "#cross"}
			}
		},
		{
			"from": [9.5, -0.1, 10],
			"to": [9.5, 6.3, 11],
			"rotation": {"angle": -45, "axis": "y", "origin": [8.5, 6.275, 11.5]},
			"faces": {
				"north": {"uv": [11.86719, 2, 10.13281, 16], "texture": "#cross"},
				"east": {"uv": [11.85938, 2, 10.13281, 16], "texture": "#cross"},
				"south": {"uv": [11.86719, 2, 10.13281, 16], "texture": "#cross"},
				"west": {"uv": [10.125, 2, 11.86719, 16], "texture": "#cross"},
				"up": {"uv": [6.29688, 2, 7.60938, 2], "rotation": 270, "texture": "#cross"},
				"down": {"uv": [6.29688, 2, 7.60938, 2], "rotation": 90, "texture": "#cross"}
			}
		},
		{
			"from": [8.63137, 5.85, 10.78284],
			"to": [10.63137, 5.85, 12.78284],
			"rotation": {"angle": -22.5, "axis": "z", "origin": [9.63137, 5.85, 11.78284]},
			"faces": {
				"north": {"uv": [0.19531, 2.98438, 4.91406, 8.89844], "rotation": 270, "texture": "#cross"},
				"east": {"uv": [0.19531, 2.98438, 4.91406, 8.89844], "rotation": 270, "texture": "#cross"},
				"south": {"uv": [0.19531, 2.98438, 4.91406, 8.89844], "rotation": 270, "texture": "#cross"},
				"west": {"uv": [0.19531, 2.98438, 4.91406, 8.89844], "rotation": 90, "texture": "#cross"},
				"up": {"uv": [0.19531, 2.98438, 5.91406, 8.89844], "rotation": 180, "texture": "#cross"},
				"down": {"uv": [0.19531, 2.98438, 5.91406, 8.89844], "texture": "#cross"}
			}
		},
		{
			"from": [8.63137, 5.95, 10.78284],
			"to": [10.63137, 5.95, 12.78284],
			"rotation": {"angle": -22.5, "axis": "z", "origin": [9.63137, 5.95, 11.78284]},
			"faces": {
				"north": {"uv": [0.19531, 2.98438, 4.91406, 8.89844], "rotation": 270, "texture": "#cross"},
				"east": {"uv": [0.19531, 2.98438, 4.91406, 8.89844], "rotation": 270, "texture": "#cross"},
				"south": {"uv": [0.19531, 2.98438, 4.91406, 8.89844], "rotation": 270, "texture": "#cross"},
				"west": {"uv": [0.19531, 2.98438, 4.91406, 8.89844], "rotation": 90, "texture": "#cross"},
				"up": {"uv": [0.19531, 2.98438, 5.91406, 8.89844], "rotation": 180, "texture": "#cross"},
				"down": {"uv": [0.19531, 2.98438, 5.91406, 8.89844], "texture": "#cross"}
			}
		},
		{
			"from": [11.45, 4.85, 5.25],
			"to": [13.95, 4.85, 7.75],
			"rotation": {"angle": -45, "axis": "y", "origin": [7.5, 5.375, 6.5]},
			"faces": {
				"north": {"uv": [0.19531, 2.98438, 4.91406, 8.89844], "rotation": 270, "texture": "#cross"},
				"east": {"uv": [0.19531, 2.98438, 4.91406, 8.89844], "rotation": 270, "texture": "#cross"},
				"south": {"uv": [0.19531, 2.98438, 4.91406, 8.89844], "rotation": 90, "texture": "#cross"},
				"west": {"uv": [0.19531, 2.98438, 4.91406, 8.89844], "rotation": 270, "texture": "#cross"},
				"up": {"uv": [0.19531, 2.98438, 5.91406, 8.89844], "rotation": 90, "texture": "#cross"},
				"down": {"uv": [0.19531, 2.98438, 5.91406, 8.89844], "rotation": 90, "texture": "#cross"}
			}
		},
		{
			"from": [6.83553, 0, 13.03553],
			"to": [7.83553, 8.4, 13.03553],
			"rotation": {"angle": 0, "axis": "y", "origin": [5.56777, 5.875, 10.01777]},
			"faces": {
				"north": {"uv": [12.64063, 2, 10.91406, 16], "texture": "#cross"},
				"east": {"uv": [12.64844, 2, 10.91406, 16], "texture": "#cross"},
				"south": {"uv": [10.90625, 2, 12.64844, 16], "texture": "#cross"},
				"west": {"uv": [12.64844, 2, 10.91406, 16], "texture": "#cross"},
				"up": {"uv": [9.40625, 2, 10.71875, 2], "rotation": 180, "texture": "#cross"},
				"down": {"uv": [9.40625, 2, 10.71875, 2], "rotation": 180, "texture": "#cross"}
			}
		},
		{
			"from": [6.25, 6.65, 7.85],
			"to": [8.75, 6.65, 10.35],
			"rotation": {"angle": -22.5, "axis": "x", "origin": [7.5, 6.55, 9]},
			"faces": {
				"north": {"uv": [0.19531, 2.98438, 4.91406, 8.89844], "rotation": 270, "texture": "#cross"},
				"east": {"uv": [0.19531, 2.98438, 4.91406, 8.89844], "rotation": 270, "texture": "#cross"},
				"south": {"uv": [0.19531, 2.98438, 4.91406, 8.89844], "rotation": 270, "texture": "#cross"},
				"west": {"uv": [0.19531, 2.98438, 4.91406, 8.89844], "rotation": 90, "texture": "#cross"},
				"up": {"uv": [0.19531, 2.98438, 5.91406, 8.89844], "rotation": 180, "texture": "#cross"},
				"down": {"uv": [0.19531, 2.98438, 5.91406, 8.89844], "texture": "#cross"}
			}
		},
		{
			"from": [7.25, 5.95, 4.65],
			"to": [9.75, 5.95, 7.15],
			"rotation": {"angle": -45, "axis": "y", "origin": [7.5, 5.375, 6.5]},
			"faces": {
				"north": {"uv": [0.19531, 2.98438, 4.91406, 8.89844], "rotation": 270, "texture": "#cross"},
				"east": {"uv": [0.19531, 2.98438, 4.91406, 8.89844], "rotation": 270, "texture": "#cross"},
				"south": {"uv": [0.19531, 2.98438, 4.91406, 8.89844], "rotation": 270, "texture": "#cross"},
				"west": {"uv": [0.19531, 2.98438, 4.91406, 8.89844], "rotation": 90, "texture": "#cross"},
				"up": {"uv": [0.19531, 2.98438, 5.91406, 8.89844], "rotation": 180, "texture": "#cross"},
				"down": {"uv": [0.19531, 2.98438, 5.91406, 8.89844], "texture": "#cross"}
			}
		},
		{
			"from": [9.84392, 7.55, 4.85991],
			"to": [12.34392, 7.55, 7.35991],
			"rotation": {"angle": 22.5, "axis": "x", "origin": [11.09392, 7.55, 6.10991]},
			"faces": {
				"north": {"uv": [0.19531, 2.98438, 4.91406, 8.89844], "rotation": 270, "texture": "#cross"},
				"east": {"uv": [0.19531, 2.98438, 4.91406, 8.89844], "rotation": 90, "texture": "#cross"},
				"south": {"uv": [0.19531, 2.98438, 4.91406, 8.89844], "rotation": 270, "texture": "#cross"},
				"west": {"uv": [0.19531, 2.98438, 4.91406, 8.89844], "rotation": 270, "texture": "#cross"},
				"up": {"uv": [0.19531, 2.98438, 5.91406, 8.89844], "texture": "#cross"},
				"down": {"uv": [0.19531, 2.98438, 5.91406, 8.89844], "rotation": 180, "texture": "#cross"}
			}
		},
		{
			"from": [5.20165, 4.85, 5.38388],
			"to": [7.70165, 4.85, 7.88388],
			"rotation": {"angle": 45, "axis": "y", "origin": [5.56777, 4.875, 10.01777]},
			"faces": {
				"north": {"uv": [0.19531, 2.98438, 4.91406, 8.89844], "rotation": 270, "texture": "#cross"},
				"east": {"uv": [0.19531, 2.98438, 4.91406, 8.89844], "rotation": 90, "texture": "#cross"},
				"south": {"uv": [0.19531, 2.98438, 4.91406, 8.89844], "rotation": 270, "texture": "#cross"},
				"west": {"uv": [0.19531, 2.98438, 4.91406, 8.89844], "rotation": 270, "texture": "#cross"},
				"up": {"uv": [0.19531, 2.98438, 5.91406, 8.89844], "texture": "#cross"},
				"down": {"uv": [0.19531, 2.98438, 5.91406, 8.89844], "rotation": 180, "texture": "#cross"}
			}
		},
		{
			"from": [3.45, 7.85, 6.28553],
			"to": [5.95, 7.85, 8.78553],
			"rotation": {"angle": 22.5, "axis": "y", "origin": [7.41777, 5.675, 8.51777]},
			"faces": {
				"north": {"uv": [0.19531, 2.98438, 4.91406, 8.89844], "rotation": 270, "texture": "#cross"},
				"east": {"uv": [0.19531, 2.98438, 4.91406, 8.89844], "rotation": 270, "texture": "#cross"},
				"south": {"uv": [0.19531, 2.98438, 4.91406, 8.89844], "rotation": 270, "texture": "#cross"},
				"west": {"uv": [0.19531, 2.98438, 4.91406, 8.89844], "rotation": 90, "texture": "#cross"},
				"up": {"uv": [0.19531, 2.98438, 5.91406, 8.89844], "rotation": 180, "texture": "#cross"},
				"down": {"uv": [0.19531, 2.98438, 5.91406, 8.89844], "texture": "#cross"}
			}
		},
		{
			"from": [4.58553, 5.85, 3.78553],
			"to": [7.08553, 5.85, 6.28553],
			"rotation": {"angle": -22.5, "axis": "x", "origin": [5.83553, 5.65, 5.03553]},
			"faces": {
				"north": {"uv": [0.19531, 2.98438, 4.91406, 8.89844], "rotation": 270, "texture": "#cross"},
				"east": {"uv": [0.19531, 2.98438, 4.91406, 8.89844], "rotation": 90, "texture": "#cross"},
				"south": {"uv": [0.19531, 2.98438, 4.91406, 8.89844], "rotation": 270, "texture": "#cross"},
				"west": {"uv": [0.19531, 2.98438, 4.91406, 8.89844], "rotation": 270, "texture": "#cross"},
				"up": {"uv": [0.19531, 2.98438, 5.91406, 8.89844], "texture": "#cross"},
				"down": {"uv": [0.19531, 2.98438, 5.91406, 8.89844], "rotation": 180, "texture": "#cross"}
			}
		},
		{
			"from": [6.45, 7.75, 2.75],
			"to": [8.95, 7.75, 5.25],
			"rotation": {"angle": -22.5, "axis": "z", "origin": [7.5, 7.55, 4]},
			"faces": {
				"north": {"uv": [0.19531, 2.98438, 4.91406, 8.89844], "rotation": 90, "texture": "#cross"},
				"east": {"uv": [0.19531, 2.98438, 4.91406, 8.89844], "rotation": 270, "texture": "#cross"},
				"south": {"uv": [0.19531, 2.98438, 4.91406, 8.89844], "rotation": 270, "texture": "#cross"},
				"west": {"uv": [0.19531, 2.98438, 4.91406, 8.89844], "rotation": 270, "texture": "#cross"},
				"up": {"uv": [0.19531, 2.98438, 5.91406, 8.89844], "rotation": 270, "texture": "#cross"},
				"down": {"uv": [0.19531, 2.98438, 5.91406, 8.89844], "rotation": 270, "texture": "#cross"}
			}
		},
		{
			"from": [8.63137, 6.05, 10.78284],
			"to": [10.63137, 6.05, 12.78284],
			"rotation": {"angle": -22.5, "axis": "z", "origin": [9.63137, 6.05, 11.78284]},
			"faces": {
				"north": {"uv": [0.19531, 2.98438, 4.91406, 8.89844], "rotation": 270, "texture": "#cross"},
				"east": {"uv": [0.19531, 2.98438, 4.91406, 8.89844], "rotation": 270, "texture": "#cross"},
				"south": {"uv": [0.19531, 2.98438, 4.91406, 8.89844], "rotation": 270, "texture": "#cross"},
				"west": {"uv": [0.19531, 2.98438, 4.91406, 8.89844], "rotation": 90, "texture": "#cross"},
				"up": {"uv": [0.19531, 2.98438, 5.91406, 8.89844], "rotation": 180, "texture": "#cross"},
				"down": {"uv": [0.19531, 2.98438, 5.91406, 8.89844], "texture": "#cross"}
			}
		},
		{
			"from": [11.45, 4.95, 5.25],
			"to": [13.95, 4.95, 7.75],
			"rotation": {"angle": -45, "axis": "y", "origin": [7.5, 5.475, 6.5]},
			"faces": {
				"north": {"uv": [0.19531, 2.98438, 4.91406, 8.89844], "rotation": 270, "texture": "#cross"},
				"east": {"uv": [0.19531, 2.98438, 4.91406, 8.89844], "rotation": 270, "texture": "#cross"},
				"south": {"uv": [0.19531, 2.98438, 4.91406, 8.89844], "rotation": 90, "texture": "#cross"},
				"west": {"uv": [0.19531, 2.98438, 4.91406, 8.89844], "rotation": 270, "texture": "#cross"},
				"up": {"uv": [0.19531, 2.98438, 5.91406, 8.89844], "rotation": 90, "texture": "#cross"},
				"down": {"uv": [0.19531, 2.98438, 5.91406, 8.89844], "rotation": 90, "texture": "#cross"}
			}
		},
		{
			"from": [6.83553, 0.1, 13.03553],
			"to": [7.83553, 8.5, 13.03553],
			"rotation": {"angle": 0, "axis": "y", "origin": [5.56777, 5.975, 10.01777]},
			"faces": {
				"north": {"uv": [12.64063, 2, 10.91406, 16], "texture": "#cross"},
				"east": {"uv": [12.64844, 2, 10.91406, 16], "texture": "#cross"},
				"south": {"uv": [10.90625, 2, 12.64844, 16], "texture": "#cross"},
				"west": {"uv": [12.64844, 2, 10.91406, 16], "texture": "#cross"},
				"up": {"uv": [9.40625, 2, 10.71875, 2], "rotation": 180, "texture": "#cross"},
				"down": {"uv": [9.40625, 2, 10.71875, 2], "rotation": 180, "texture": "#cross"}
			}
		},
		{
			"from": [6.25, 6.75, 7.85],
			"to": [8.75, 6.75, 10.35],
			"rotation": {"angle": -22.5, "axis": "x", "origin": [7.5, 6.65, 9]},
			"faces": {
				"north": {"uv": [0.19531, 2.98438, 4.91406, 8.89844], "rotation": 270, "texture": "#cross"},
				"east": {"uv": [0.19531, 2.98438, 4.91406, 8.89844], "rotation": 270, "texture": "#cross"},
				"south": {"uv": [0.19531, 2.98438, 4.91406, 8.89844], "rotation": 270, "texture": "#cross"},
				"west": {"uv": [0.19531, 2.98438, 4.91406, 8.89844], "rotation": 90, "texture": "#cross"},
				"up": {"uv": [0.19531, 2.98438, 5.91406, 8.89844], "rotation": 180, "texture": "#cross"},
				"down": {"uv": [0.19531, 2.98438, 5.91406, 8.89844], "texture": "#cross"}
			}
		},
		{
			"from": [7.25, 6.05, 4.65],
			"to": [9.75, 6.05, 7.15],
			"rotation": {"angle": -45, "axis": "y", "origin": [7.5, 5.475, 6.5]},
			"faces": {
				"north": {"uv": [0.19531, 2.98438, 4.91406, 8.89844], "rotation": 270, "texture": "#cross"},
				"east": {"uv": [0.19531, 2.98438, 4.91406, 8.89844], "rotation": 270, "texture": "#cross"},
				"south": {"uv": [0.19531, 2.98438, 4.91406, 8.89844], "rotation": 270, "texture": "#cross"},
				"west": {"uv": [0.19531, 2.98438, 4.91406, 8.89844], "rotation": 90, "texture": "#cross"},
				"up": {"uv": [0.19531, 2.98438, 5.91406, 8.89844], "rotation": 180, "texture": "#cross"},
				"down": {"uv": [0.19531, 2.98438, 5.91406, 8.89844], "texture": "#cross"}
			}
		},
		{
			"from": [9.84392, 7.65, 4.85991],
			"to": [12.34392, 7.65, 7.35991],
			"rotation": {"angle": 22.5, "axis": "x", "origin": [11.09392, 7.65, 6.10991]},
			"faces": {
				"north": {"uv": [0.19531, 2.98438, 4.91406, 8.89844], "rotation": 270, "texture": "#cross"},
				"east": {"uv": [0.19531, 2.98438, 4.91406, 8.89844], "rotation": 90, "texture": "#cross"},
				"south": {"uv": [0.19531, 2.98438, 4.91406, 8.89844], "rotation": 270, "texture": "#cross"},
				"west": {"uv": [0.19531, 2.98438, 4.91406, 8.89844], "rotation": 270, "texture": "#cross"},
				"up": {"uv": [0.19531, 2.98438, 5.91406, 8.89844], "texture": "#cross"},
				"down": {"uv": [0.19531, 2.98438, 5.91406, 8.89844], "rotation": 180, "texture": "#cross"}
			}
		},
		{
			"from": [5.20165, 4.95, 5.38388],
			"to": [7.70165, 4.95, 7.88388],
			"rotation": {"angle": 45, "axis": "y", "origin": [5.56777, 4.975, 10.01777]},
			"faces": {
				"north": {"uv": [0.19531, 2.98438, 4.91406, 8.89844], "rotation": 270, "texture": "#cross"},
				"east": {"uv": [0.19531, 2.98438, 4.91406, 8.89844], "rotation": 90, "texture": "#cross"},
				"south": {"uv": [0.19531, 2.98438, 4.91406, 8.89844], "rotation": 270, "texture": "#cross"},
				"west": {"uv": [0.19531, 2.98438, 4.91406, 8.89844], "rotation": 270, "texture": "#cross"},
				"up": {"uv": [0.19531, 2.98438, 5.91406, 8.89844], "texture": "#cross"},
				"down": {"uv": [0.19531, 2.98438, 5.91406, 8.89844], "rotation": 180, "texture": "#cross"}
			}
		},
		{
			"from": [3.45, 7.95, 6.28553],
			"to": [5.95, 7.95, 8.78553],
			"rotation": {"angle": 22.5, "axis": "y", "origin": [7.41777, 5.775, 8.51777]},
			"faces": {
				"north": {"uv": [0.19531, 2.98438, 4.91406, 8.89844], "rotation": 270, "texture": "#cross"},
				"east": {"uv": [0.19531, 2.98438, 4.91406, 8.89844], "rotation": 270, "texture": "#cross"},
				"south": {"uv": [0.19531, 2.98438, 4.91406, 8.89844], "rotation": 270, "texture": "#cross"},
				"west": {"uv": [0.19531, 2.98438, 4.91406, 8.89844], "rotation": 90, "texture": "#cross"},
				"up": {"uv": [0.19531, 2.98438, 5.91406, 8.89844], "rotation": 180, "texture": "#cross"},
				"down": {"uv": [0.19531, 2.98438, 5.91406, 8.89844], "texture": "#cross"}
			}
		},
		{
			"from": [4.58553, 5.95, 3.78553],
			"to": [7.08553, 5.95, 6.28553],
			"rotation": {"angle": -22.5, "axis": "x", "origin": [5.83553, 5.75, 5.03553]},
			"faces": {
				"north": {"uv": [0.19531, 2.98438, 4.91406, 8.89844], "rotation": 270, "texture": "#cross"},
				"east": {"uv": [0.19531, 2.98438, 4.91406, 8.89844], "rotation": 90, "texture": "#cross"},
				"south": {"uv": [0.19531, 2.98438, 4.91406, 8.89844], "rotation": 270, "texture": "#cross"},
				"west": {"uv": [0.19531, 2.98438, 4.91406, 8.89844], "rotation": 270, "texture": "#cross"},
				"up": {"uv": [0.19531, 2.98438, 5.91406, 8.89844], "texture": "#cross"},
				"down": {"uv": [0.19531, 2.98438, 5.91406, 8.89844], "rotation": 180, "texture": "#cross"}
			}
		},
		{
			"from": [6.45, 7.85, 2.75],
			"to": [8.95, 7.85, 5.25],
			"rotation": {"angle": -22.5, "axis": "z", "origin": [7.5, 7.65, 4]},
			"faces": {
				"north": {"uv": [0.19531, 2.98438, 4.91406, 8.89844], "rotation": 90, "texture": "#cross"},
				"east": {"uv": [0.19531, 2.98438, 4.91406, 8.89844], "rotation": 270, "texture": "#cross"},
				"south": {"uv": [0.19531, 2.98438, 4.91406, 8.89844], "rotation": 270, "texture": "#cross"},
				"west": {"uv": [0.19531, 2.98438, 4.91406, 8.89844], "rotation": 270, "texture": "#cross"},
				"up": {"uv": [0.19531, 2.98438, 5.91406, 8.89844], "rotation": 270, "texture": "#cross"},
				"down": {"uv": [0.19531, 2.98438, 5.91406, 8.89844], "rotation": 270, "texture": "#cross"}
			}
		},
		{
			"from": [7.50561, 0.34583, 3.55],
			"to": [10.30561, 0.34583, 4.55],
			"rotation": {"angle": 22.5, "axis": "z", "origin": [8.50561, 0.24583, 4.05]},
			"faces": {
				"north": {"uv": [1.00781, 11.05469, 1.28906, 15.86719], "rotation": 270, "texture": "#cross"},
				"east": {"uv": [1.00781, 11.05469, 1.28906, 14.86719], "rotation": 90, "texture": "#cross"},
				"south": {"uv": [1.00781, 11.05469, 1.28906, 15.86719], "rotation": 90, "texture": "#cross"},
				"west": {"uv": [1.00781, 11.05469, 1.28906, 14.86719], "rotation": 90, "texture": "#cross"},
				"up": {"uv": [1.00781, 11.05469, 3.28906, 15.86719], "rotation": 90, "texture": "#cross"},
				"down": {"uv": [3.29688, 11.05469, 1.03906, 15.86719], "rotation": 90, "texture": "#cross"}
			}
		},
		{
			"from": [8.00561, 0.44583, 3.55],
			"to": [8.00561, 3.24583, 4.55],
			"rotation": {"angle": 45, "axis": "z", "origin": [8.50561, 0.24583, 4.05]},
			"faces": {
				"north": {"uv": [1.00781, 11.05469, 1.28906, 15.86719], "texture": "#cross"},
				"east": {"uv": [3.29688, 11.05469, 1.03906, 15.86719], "texture": "#cross"},
				"south": {"uv": [1.00781, 11.05469, 1.28906, 15.86719], "texture": "#cross"},
				"west": {"uv": [1.00781, 11.05469, 3.28906, 15.86719], "texture": "#cross"},
				"up": {"uv": [1.00781, 11.05469, 1.28906, 14.86719], "texture": "#cross"},
				"down": {"uv": [1.00781, 11.05469, 1.28906, 14.86719], "texture": "#cross"}
			}
		},
		{
			"from": [9.56921, 0.21306, 11.21617],
			"to": [12.36921, 0.21306, 12.21617],
			"rotation": {"angle": 22.5, "axis": "z", "origin": [10.46921, 0.01306, 11.71617]},
			"faces": {
				"north": {"uv": [1.00781, 11.29609, 1.73125, 15.86719], "rotation": 270, "texture": "#cross"},
				"east": {"uv": [1.00781, 11.29609, 1.73125, 14.86719], "rotation": 90, "texture": "#cross"},
				"south": {"uv": [1.00781, 11.29609, 1.73125, 15.86719], "rotation": 90, "texture": "#cross"},
				"west": {"uv": [1.00781, 11.29609, 1.73125, 14.86719], "rotation": 90, "texture": "#cross"},
				"up": {"uv": [1.00781, 11.29609, 3.73125, 15.86719], "rotation": 90, "texture": "#cross"},
				"down": {"uv": [3.73906, 11.29609, 1.03906, 15.86719], "rotation": 90, "texture": "#cross"}
			}
		},
		{
			"from": [3.56921, 0.31306, 4.51617],
			"to": [4.56921, 0.31306, 7.31617],
			"rotation": {"angle": 22.5, "axis": "x", "origin": [4.06921, 0.21306, 6.41617]},
			"faces": {
				"north": {"uv": [1.00781, 11.29609, 1.73125, 14.86719], "rotation": 90, "texture": "#cross"},
				"east": {"uv": [1.00781, 11.29609, 1.73125, 15.86719], "rotation": 90, "texture": "#cross"},
				"south": {"uv": [1.00781, 11.29609, 1.73125, 14.86719], "rotation": 90, "texture": "#cross"},
				"west": {"uv": [1.00781, 11.29609, 1.73125, 15.86719], "rotation": 270, "texture": "#cross"},
				"up": {"uv": [1.00781, 11.29609, 3.73125, 15.86719], "texture": "#cross"},
				"down": {"uv": [3.73906, 11.29609, 1.03906, 15.86719], "rotation": 180, "texture": "#cross"}
			}
		},
		{
			"from": [3.36921, 0.30545, 9.95443],
			"to": [6.16921, 0.30545, 10.95443],
			"rotation": {"angle": -22.5, "axis": "z", "origin": [5.06921, 0.30545, 10.65443]},
			"faces": {
				"north": {"uv": [1.00781, 11.29609, 1.73125, 15.86719], "rotation": 90, "texture": "#cross"},
				"east": {"uv": [1.00781, 11.29609, 1.73125, 14.86719], "rotation": 90, "texture": "#cross"},
				"south": {"uv": [1.00781, 11.29609, 1.73125, 15.86719], "rotation": 270, "texture": "#cross"},
				"west": {"uv": [1.00781, 11.29609, 1.73125, 14.86719], "rotation": 90, "texture": "#cross"},
				"up": {"uv": [1.00781, 11.29609, 3.73125, 15.86719], "rotation": 270, "texture": "#cross"},
				"down": {"uv": [3.73906, 11.29609, 1.03906, 15.86719], "rotation": 270, "texture": "#cross"}
			}
		},
		{
			"from": [6.56921, 0.03726, 13.7],
			"to": [7.56921, 2.83726, 13.7],
			"rotation": {"angle": 45, "axis": "x", "origin": [7.26921, 0.93726, 13.1]},
			"faces": {
				"north": {"uv": [3.29688, 11.05469, 1.03906, 15.86719], "texture": "#cross"},
				"east": {"uv": [1.00781, 11.05469, 1.28906, 15.86719], "texture": "#cross"},
				"south": {"uv": [1.00781, 11.05469, 3.28906, 15.86719], "texture": "#cross"},
				"west": {"uv": [1.00781, 11.05469, 1.28906, 15.86719], "texture": "#cross"},
				"up": {"uv": [1.00781, 11.05469, 1.28906, 14.86719], "rotation": 270, "texture": "#cross"},
				"down": {"uv": [1.00781, 11.05469, 1.28906, 14.86719], "rotation": 90, "texture": "#cross"}
			}
		},
		{
			"from": [8.20561, 0.24583, 6.45],
			"to": [9.20561, 0.24583, 9.25],
			"rotation": {"angle": -22.5, "axis": "x", "origin": [8.70561, 0.24583, 7.35]},
			"faces": {
				"north": {"uv": [5.39063, 11.91406, 5.67188, 15], "rotation": 90, "texture": "#cross"},
				"east": {"uv": [5.39063, 11.91406, 5.67188, 16], "rotation": 270, "texture": "#cross"},
				"south": {"uv": [5.39063, 11.91406, 5.67188, 15], "rotation": 90, "texture": "#cross"},
				"west": {"uv": [5.39063, 11.91406, 5.67188, 16], "rotation": 90, "texture": "#cross"},
				"up": {"uv": [5.39063, 11.91406, 7.67188, 16], "rotation": 180, "texture": "#cross"},
				"down": {"uv": [7.67969, 11.91406, 5.42188, 16], "texture": "#cross"}
			}
		},
		{
			"from": [11.00561, 0.24583, 5.85],
			"to": [13.80561, 0.24583, 6.85],
			"rotation": {"angle": 22.5, "axis": "z", "origin": [11.90561, 0.24583, 6.35]},
			"faces": {
				"north": {"uv": [5.39063, 11.91406, 5.67188, 16], "rotation": 270, "texture": "#cross"},
				"east": {"uv": [5.39063, 11.91406, 5.67188, 15], "rotation": 90, "texture": "#cross"},
				"south": {"uv": [5.39063, 11.91406, 5.67188, 16], "rotation": 90, "texture": "#cross"},
				"west": {"uv": [5.39063, 11.91406, 5.67188, 15], "rotation": 90, "texture": "#cross"},
				"up": {"uv": [5.39063, 11.91406, 7.67188, 16], "rotation": 90, "texture": "#cross"},
				"down": {"uv": [7.67969, 11.91406, 5.42188, 16], "rotation": 90, "texture": "#cross"}
			}
		}
	],
	"display": {
		"thirdperson_righthand": {
			"translation": [0, 2, 0],
			"scale": [0.4043, 0.4043, 0.4043]
		},
		"thirdperson_lefthand": {
			"translation": [0, 3, 0],
			"scale": [0.43945, 0.43945, 0.43945]
		},
		"firstperson_righthand": {
			"translation": [0, 3.5, 0]
		},
		"firstperson_lefthand": {
			"translation": [0, 2.5, 0]
		},
		"gui": {
			"rotation": [30.5, 0, 0],
			"translation": [0, 4.75, 0],
			"scale": [1.28906, 1.28906, 1.28906]
		}
	}
}