{
	"credit": "Made with Blockbench",
	"ambientocclusion": false,
	"textures": {
		"particle": "block/bamboo_large_leaves",
		"texture": "block/bamboo_large_leaves"
	},
	"elements": [
		{
			"from": [10.6261, 4.21801, 5.4],
			"to": [10.6261, 12.41801, 10.2],
			"shade": false,
			"rotation": {"angle": 45, "axis": "z", "origin": [10.4261, 10.11801, 7.8]},
			"faces": {
				"east": {"uv": [0, 0, 16, 16], "texture": "#texture", "tintindex": 0},
				"west": {"uv": [0, 0, 16, 16], "texture": "#texture", "tintindex": 0}
			}
		},
		{
			"from": [5.28676, 2.6473, 6.3],
			"to": [10.08676, 10.8473, 6.3],
			"shade": false,
			"rotation": {"angle": 45, "axis": "x", "origin": [7.48676, 10.0473, 6.8]},
			"faces": {
				"north": {"uv": [0, 0, 16, 16], "texture": "#texture", "tintindex": 0},
				"south": {"uv": [0, 0, 16, 16], "texture": "#texture", "tintindex": 0}
			}
		},
		{
			"from": [6.48676, 0.93517, 5.70797],
			"to": [6.48676, 10.13517, 11.50797],
			"shade": false,
			"rotation": {"angle": -45, "axis": "z", "origin": [7.68676, 9.83517, 4.60797]},
			"faces": {
				"east": {"uv": [0, 0, 16, 16], "texture": "#texture", "tintindex": 0},
				"west": {"uv": [0, 0, 16, 16], "texture": "#texture", "tintindex": 0}
			}
		},
		{
			"from": [5.15122, 3.93517, 10.80797],
			"to": [10.95122, 13.13517, 10.80797],
			"shade": false,
			"rotation": {"angle": -45, "axis": "x", "origin": [6.15122, 9.83517, 12.60797]},
			"faces": {
				"north": {"uv": [0, 0, 16, 16], "texture": "#texture", "tintindex": 0},
				"south": {"uv": [0, 0, 16, 16], "texture": "#texture", "tintindex": 0}
			}
		},
		{
			"from": [10.70691, -2.4641, 3.9],
			"to": [10.70691, 7.9359, 12.7],
			"shade": false,
			"rotation": {"angle": 45, "axis": "z", "origin": [10.70691, 5.5359, 8.3]},
			"faces": {
				"east": {"uv": [16, 0, 0, 16], "texture": "#texture", "tintindex": 0},
				"west": {"uv": [0, 0, 16, 16], "texture": "#texture", "tintindex": 0}
			}
		},
		{
			"from": [6.07459, -2.22931, 3.9],
			"to": [6.07459, 8.17069, 12.7],
			"shade": false,
			"rotation": {"angle": -45, "axis": "z", "origin": [5.27459, 6.27069, 8.3]},
			"faces": {
				"east": {"uv": [16, 0, 0, 16], "texture": "#texture", "tintindex": 0},
				"west": {"uv": [0, 0, 16, 16], "texture": "#texture", "tintindex": 0}
			}
		},
		{
			"from": [2.87459, -2.90207, 5.2877],
			"to": [11.67459, 7.49793, 5.2877],
			"shade": false,
			"rotation": {"angle": 45, "axis": "x", "origin": [7.27459, 4.79793, 5.2877]},
			"faces": {
				"north": {"uv": [0, 0, 16, 16], "texture": "#texture", "tintindex": 0},
				"south": {"uv": [16, 0, 0, 16], "texture": "#texture", "tintindex": 0}
			}
		},
		{
			"from": [2.87459, -7.81629, 9.37349],
			"to": [11.67459, 1.58371, 9.37349],
			"shade": false,
			"rotation": {"angle": -45, "axis": "x", "origin": [7.27459, 3.38371, 3.87349]},
			"faces": {
				"north": {"uv": [0, 0, 16, 16], "texture": "#texture", "tintindex": 0},
				"south": {"uv": [16, 0, 0, 16], "texture": "#texture", "tintindex": 0}
			}
		}
	]
}