{
	"credit": "Made with Blockbench",
	"parent": "block/block",
	"ambientocclusion": false,
	"textures": {
		"bottom": "block/cactus_bottom",
		"top": "block/cactus_top",
		"particle": "block/cactus_side",
		"side": "block/cactus_side"
	},
	"elements": [
		{
			"from": [0, 0, 0],
			"to": [16, 16, 16],
			"faces": {
				"up": {"uv": [0, 0, 16, 16], "texture": "#top", "cullface": "up"},
				"down": {"uv": [0, 0, 16, 16], "texture": "#bottom", "cullface": "down"}
			}
		},
		{
			"from": [0, 0, 1],
			"to": [16, 16, 15],
			"faces": {
				"north": {"uv": [0, 0, 16, 16], "texture": "#side"},
				"south": {"uv": [0, 0, 16, 16], "texture": "#side"}
			}
		},
		{
			"from": [1, 0, 0],
			"to": [15, 16, 16],
			"faces": {
				"east": {"uv": [0, 0, 16, 16], "texture": "#side"},
				"west": {"uv": [0, 0, 16, 16], "texture": "#side"}
			}
		},
		{
			"from": [3.8, 13.9, 0],
			"to": [6.6, 13.9, 1],
			"rotation": {"angle": 0, "axis": "z", "origin": [5.2, 14.1, 0.5]},
			"faces": {
				"north": {"uv": [0, 0.36719, 0, 2.63281], "rotation": 90, "texture": "#side"},
				"east": {"uv": [0, 0.36719, 0, 0.63281], "rotation": 270, "texture": "#side"},
				"south": {"uv": [0, 0.36719, 0, 2.63281], "rotation": 270, "texture": "#side"},
				"west": {"uv": [0, 0.36719, 0, 0.63281], "rotation": 270, "texture": "#side"},
				"up": {"uv": [0, 0.40625, 1, 2.67188], "rotation": 90, "texture": "#side"},
				"down": {"uv": [0, 0.57031, 1, 2.83594], "rotation": 270, "texture": "#side"}
			}
		},
		{
			"from": [5.1, 12.6, 0],
			"to": [5.1, 15.4, 1],
			"faces": {
				"north": {"uv": [0, 0.36719, 0, 2.63281], "texture": "#side"},
				"east": {"uv": [0, 0.57031, 1, 2.83594], "rotation": 180, "texture": "#side"},
				"south": {"uv": [0, 0.36719, 0, 2.63281], "texture": "#side"},
				"west": {"uv": [0, 0.40625, 1, 2.67188], "texture": "#side"},
				"up": {"uv": [0, 0.36719, 0, 0.63281], "texture": "#side"},
				"down": {"uv": [0, 0.36719, 0, 0.63281], "texture": "#side"}
			}
		},
		{
			"from": [11.1, 11.6, 0],
			"to": [11.1, 14.4, 1],
			"faces": {
				"north": {"uv": [0, 0.36719, 0, 2.63281], "texture": "#side"},
				"east": {"uv": [0, 0.57031, 1, 2.83594], "rotation": 180, "texture": "#side"},
				"south": {"uv": [0, 0.36719, 0, 2.63281], "texture": "#side"},
				"west": {"uv": [0, 0.40625, 1, 2.67188], "texture": "#side"},
				"up": {"uv": [0, 0.36719, 0, 0.63281], "texture": "#side"},
				"down": {"uv": [0, 0.36719, 0, 0.63281], "texture": "#side"}
			}
		},
		{
			"from": [9.8, 12.9, 0],
			"to": [12.6, 12.9, 1],
			"rotation": {"angle": 0, "axis": "z", "origin": [5.2, 14.1, 0.5]},
			"faces": {
				"north": {"uv": [0, 0.36719, 0, 2.63281], "rotation": 90, "texture": "#side"},
				"east": {"uv": [0, 0.36719, 0, 0.63281], "rotation": 270, "texture": "#side"},
				"south": {"uv": [0, 0.36719, 0, 2.63281], "rotation": 270, "texture": "#side"},
				"west": {"uv": [0, 0.36719, 0, 0.63281], "rotation": 270, "texture": "#side"},
				"up": {"uv": [0, 0.40625, 1, 2.67188], "rotation": 90, "texture": "#side"},
				"down": {"uv": [0, 0.57031, 1, 2.83594], "rotation": 270, "texture": "#side"}
			}
		},
		{
			"from": [9.7, 8.9, 0],
			"to": [12.5, 8.9, 1],
			"rotation": {"angle": 0, "axis": "z", "origin": [5.2, 14.1, 0.5]},
			"faces": {
				"north": {"uv": [0, 0.36719, 0, 2.63281], "rotation": 90, "texture": "#side"},
				"east": {"uv": [0, 0.36719, 0, 0.63281], "rotation": 270, "texture": "#side"},
				"south": {"uv": [0, 0.36719, 0, 2.63281], "rotation": 270, "texture": "#side"},
				"west": {"uv": [0, 0.36719, 0, 0.63281], "rotation": 270, "texture": "#side"},
				"up": {"uv": [0, 0.40625, 1, 2.67188], "rotation": 90, "texture": "#side"},
				"down": {"uv": [0, 0.57031, 1, 2.83594], "rotation": 270, "texture": "#side"}
			}
		},
		{
			"from": [11, 7.6, 0],
			"to": [11, 10.4, 1],
			"faces": {
				"north": {"uv": [0, 0.36719, 0, 2.63281], "texture": "#side"},
				"east": {"uv": [0, 0.57031, 1, 2.83594], "rotation": 180, "texture": "#side"},
				"south": {"uv": [0, 0.36719, 0, 2.63281], "texture": "#side"},
				"west": {"uv": [0, 0.40625, 1, 2.67188], "texture": "#side"},
				"up": {"uv": [0, 0.36719, 0, 0.63281], "texture": "#side"},
				"down": {"uv": [0, 0.36719, 0, 0.63281], "texture": "#side"}
			}
		},
		{
			"from": [4, 2.1, 0],
			"to": [6.8, 2.1, 1],
			"rotation": {"angle": 0, "axis": "z", "origin": [5.2, 14.1, 0.5]},
			"faces": {
				"north": {"uv": [0, 0.36719, 0, 2.63281], "rotation": 90, "texture": "#side"},
				"east": {"uv": [0, 0.36719, 0, 0.63281], "rotation": 270, "texture": "#side"},
				"south": {"uv": [0, 0.36719, 0, 2.63281], "rotation": 270, "texture": "#side"},
				"west": {"uv": [0, 0.36719, 0, 0.63281], "rotation": 270, "texture": "#side"},
				"up": {"uv": [0, 0.40625, 1, 2.67188], "rotation": 90, "texture": "#side"},
				"down": {"uv": [0, 0.57031, 1, 2.83594], "rotation": 270, "texture": "#side"}
			}
		},
		{
			"from": [5.3, 0.8, 0],
			"to": [5.3, 3.6, 1],
			"faces": {
				"north": {"uv": [0, 0.36719, 0, 2.63281], "texture": "#side"},
				"east": {"uv": [0, 0.57031, 1, 2.83594], "rotation": 180, "texture": "#side"},
				"south": {"uv": [0, 0.36719, 0, 2.63281], "texture": "#side"},
				"west": {"uv": [0, 0.40625, 1, 2.67188], "texture": "#side"},
				"up": {"uv": [0, 0.36719, 0, 0.63281], "texture": "#side"},
				"down": {"uv": [0, 0.36719, 0, 0.63281], "texture": "#side"}
			}
		},
		{
			"from": [9.8, 0.6, 0],
			"to": [12.6, 0.6, 1],
			"rotation": {"angle": 0, "axis": "z", "origin": [5.2, 14.1, 0.5]},
			"faces": {
				"north": {"uv": [0, 0.36719, 0, 2.63281], "rotation": 90, "texture": "#side"},
				"east": {"uv": [0, 0.36719, 0, 0.63281], "rotation": 270, "texture": "#side"},
				"south": {"uv": [0, 0.36719, 0, 2.63281], "rotation": 270, "texture": "#side"},
				"west": {"uv": [0, 0.36719, 0, 0.63281], "rotation": 270, "texture": "#side"},
				"up": {"uv": [0, 0.40625, 1, 2.67188], "rotation": 90, "texture": "#side"},
				"down": {"uv": [0, 0.57031, 1, 2.83594], "rotation": 270, "texture": "#side"}
			}
		},
		{
			"from": [9.7, 4.8, 0],
			"to": [12.5, 4.8, 1],
			"rotation": {"angle": 0, "axis": "z", "origin": [5.2, 14.1, 0.5]},
			"faces": {
				"north": {"uv": [0, 0.36719, 0, 2.63281], "rotation": 90, "texture": "#side"},
				"east": {"uv": [0, 0.36719, 0, 0.63281], "rotation": 270, "texture": "#side"},
				"south": {"uv": [0, 0.36719, 0, 2.63281], "rotation": 270, "texture": "#side"},
				"west": {"uv": [0, 0.36719, 0, 0.63281], "rotation": 270, "texture": "#side"},
				"up": {"uv": [0, 0.40625, 1, 2.67188], "rotation": 90, "texture": "#side"},
				"down": {"uv": [0, 0.57031, 1, 2.83594], "rotation": 270, "texture": "#side"}
			}
		},
		{
			"from": [11, 3.5, 0],
			"to": [11, 6.3, 1],
			"faces": {
				"north": {"uv": [0, 0.36719, 0, 2.63281], "texture": "#side"},
				"east": {"uv": [0, 0.57031, 1, 2.83594], "rotation": 180, "texture": "#side"},
				"south": {"uv": [0, 0.36719, 0, 2.63281], "texture": "#side"},
				"west": {"uv": [0, 0.40625, 1, 2.67188], "texture": "#side"},
				"up": {"uv": [0, 0.36719, 0, 0.63281], "texture": "#side"},
				"down": {"uv": [0, 0.36719, 0, 0.63281], "texture": "#side"}
			}
		},
		{
			"from": [11.1, -0.7, 0],
			"to": [11.1, 2.1, 1],
			"faces": {
				"north": {"uv": [0, 0.36719, 0, 2.63281], "texture": "#side"},
				"east": {"uv": [0, 0.57031, 1, 2.83594], "rotation": 180, "texture": "#side"},
				"south": {"uv": [0, 0.36719, 0, 2.63281], "texture": "#side"},
				"west": {"uv": [0, 0.40625, 1, 2.67188], "texture": "#side"},
				"up": {"uv": [0, 0.36719, 0, 0.63281], "texture": "#side"},
				"down": {"uv": [0, 0.36719, 0, 0.63281], "texture": "#side"}
			}
		},
		{
			"from": [4.1, 6.3, 0],
			"to": [6.9, 6.3, 1],
			"rotation": {"angle": 0, "axis": "z", "origin": [5.2, 14.1, 0.5]},
			"faces": {
				"north": {"uv": [0, 0.36719, 0, 2.63281], "rotation": 90, "texture": "#side"},
				"east": {"uv": [0, 0.36719, 0, 0.63281], "rotation": 270, "texture": "#side"},
				"south": {"uv": [0, 0.36719, 0, 2.63281], "rotation": 270, "texture": "#side"},
				"west": {"uv": [0, 0.36719, 0, 0.63281], "rotation": 270, "texture": "#side"},
				"up": {"uv": [0, 0.40625, 1, 2.67188], "rotation": 90, "texture": "#side"},
				"down": {"uv": [0, 0.57031, 1, 2.83594], "rotation": 270, "texture": "#side"}
			}
		},
		{
			"from": [5.4, 5, 0],
			"to": [5.4, 7.8, 1],
			"faces": {
				"north": {"uv": [0, 0.36719, 0, 2.63281], "texture": "#side"},
				"east": {"uv": [0, 0.57031, 1, 2.83594], "rotation": 180, "texture": "#side"},
				"south": {"uv": [0, 0.36719, 0, 2.63281], "texture": "#side"},
				"west": {"uv": [0, 0.40625, 1, 2.67188], "texture": "#side"},
				"up": {"uv": [0, 0.36719, 0, 0.63281], "texture": "#side"},
				"down": {"uv": [0, 0.36719, 0, 0.63281], "texture": "#side"}
			}
		},
		{
			"from": [3.9, 10.7, 0],
			"to": [6.7, 10.7, 1],
			"rotation": {"angle": 0, "axis": "z", "origin": [5.2, 14.1, 0.5]},
			"faces": {
				"north": {"uv": [0, 0.36719, 0, 2.63281], "rotation": 90, "texture": "#side"},
				"east": {"uv": [0, 0.36719, 0, 0.63281], "rotation": 270, "texture": "#side"},
				"south": {"uv": [0, 0.36719, 0, 2.63281], "rotation": 270, "texture": "#side"},
				"west": {"uv": [0, 0.36719, 0, 0.63281], "rotation": 270, "texture": "#side"},
				"up": {"uv": [0, 0.40625, 1, 2.67188], "rotation": 90, "texture": "#side"},
				"down": {"uv": [0, 0.57031, 1, 2.83594], "rotation": 270, "texture": "#side"}
			}
		},
		{
			"from": [5.2, 9.4, 0],
			"to": [5.2, 12.2, 1],
			"faces": {
				"north": {"uv": [0, 0.36719, 0, 2.63281], "texture": "#side"},
				"east": {"uv": [0, 0.57031, 1, 2.83594], "rotation": 180, "texture": "#side"},
				"south": {"uv": [0, 0.36719, 0, 2.63281], "texture": "#side"},
				"west": {"uv": [0, 0.40625, 1, 2.67188], "texture": "#side"},
				"up": {"uv": [0, 0.36719, 0, 0.63281], "texture": "#side"},
				"down": {"uv": [0, 0.36719, 0, 0.63281], "texture": "#side"}
			}
		},
		{
			"from": [0, 14, 9.3],
			"to": [1, 14, 12.1],
			"rotation": {"angle": 0, "axis": "y", "origin": [8.2, 7.35, 0.5]},
			"faces": {
				"north": {"uv": [0, 0.36719, 0, 0.63281], "rotation": 270, "texture": "#side"},
				"east": {"uv": [0, 0.36719, 0, 2.63281], "rotation": 270, "texture": "#side"},
				"south": {"uv": [0, 0.36719, 0, 0.63281], "rotation": 270, "texture": "#side"},
				"west": {"uv": [0, 0.36719, 0, 2.63281], "rotation": 90, "texture": "#side"},
				"up": {"uv": [0, 0.40625, 1, 2.67188], "texture": "#side"},
				"down": {"uv": [0, 0.57031, 1, 2.83594], "texture": "#side"}
			}
		},
		{
			"from": [0, 12.7, 10.8],
			"to": [1, 15.5, 10.8],
			"rotation": {"angle": 0, "axis": "y", "origin": [8.2, 7.35, 0.5]},
			"faces": {
				"north": {"uv": [0, 0.57031, 1, 2.83594], "rotation": 180, "texture": "#side"},
				"east": {"uv": [0, 0.36719, 0, 2.63281], "texture": "#side"},
				"south": {"uv": [0, 0.40625, 1, 2.67188], "texture": "#side"},
				"west": {"uv": [0, 0.36719, 0, 2.63281], "texture": "#side"},
				"up": {"uv": [0, 0.36719, 0, 0.63281], "rotation": 270, "texture": "#side"},
				"down": {"uv": [0, 0.36719, 0, 0.63281], "rotation": 90, "texture": "#side"}
			}
		},
		{
			"from": [0, 11.6, 5],
			"to": [1, 14.4, 5],
			"rotation": {"angle": 0, "axis": "y", "origin": [8.2, 7.35, 0.5]},
			"faces": {
				"north": {"uv": [0, 0.57031, 1, 2.83594], "rotation": 180, "texture": "#side"},
				"east": {"uv": [0, 0.36719, 0, 2.63281], "texture": "#side"},
				"south": {"uv": [0, 0.40625, 1, 2.67188], "texture": "#side"},
				"west": {"uv": [0, 0.36719, 0, 2.63281], "texture": "#side"},
				"up": {"uv": [0, 0.36719, 0, 0.63281], "rotation": 270, "texture": "#side"},
				"down": {"uv": [0, 0.36719, 0, 0.63281], "rotation": 90, "texture": "#side"}
			}
		},
		{
			"from": [0, 12.9, 3.5],
			"to": [1, 12.9, 6.3],
			"rotation": {"angle": 0, "axis": "y", "origin": [8.2, 7.35, 0.5]},
			"faces": {
				"north": {"uv": [0, 0.36719, 0, 0.63281], "rotation": 270, "texture": "#side"},
				"east": {"uv": [0, 0.36719, 0, 2.63281], "rotation": 270, "texture": "#side"},
				"south": {"uv": [0, 0.36719, 0, 0.63281], "rotation": 270, "texture": "#side"},
				"west": {"uv": [0, 0.36719, 0, 2.63281], "rotation": 90, "texture": "#side"},
				"up": {"uv": [0, 0.40625, 1, 2.67188], "texture": "#side"},
				"down": {"uv": [0, 0.57031, 1, 2.83594], "texture": "#side"}
			}
		},
		{
			"from": [0, 8.9, 3.4],
			"to": [1, 8.9, 6.2],
			"rotation": {"angle": 0, "axis": "y", "origin": [8.2, 7.35, 0.5]},
			"faces": {
				"north": {"uv": [0, 0.36719, 0, 0.63281], "rotation": 270, "texture": "#side"},
				"east": {"uv": [0, 0.36719, 0, 2.63281], "rotation": 270, "texture": "#side"},
				"south": {"uv": [0, 0.36719, 0, 0.63281], "rotation": 270, "texture": "#side"},
				"west": {"uv": [0, 0.36719, 0, 2.63281], "rotation": 90, "texture": "#side"},
				"up": {"uv": [0, 0.40625, 1, 2.67188], "texture": "#side"},
				"down": {"uv": [0, 0.57031, 1, 2.83594], "texture": "#side"}
			}
		},
		{
			"from": [0, 7.6, 4.9],
			"to": [1, 10.4, 4.9],
			"rotation": {"angle": 0, "axis": "y", "origin": [8.2, 7.35, 0.5]},
			"faces": {
				"north": {"uv": [0, 0.57031, 1, 2.83594], "rotation": 180, "texture": "#side"},
				"east": {"uv": [0, 0.36719, 0, 2.63281], "texture": "#side"},
				"south": {"uv": [0, 0.40625, 1, 2.67188], "texture": "#side"},
				"west": {"uv": [0, 0.36719, 0, 2.63281], "texture": "#side"},
				"up": {"uv": [0, 0.36719, 0, 0.63281], "rotation": 270, "texture": "#side"},
				"down": {"uv": [0, 0.36719, 0, 0.63281], "rotation": 90, "texture": "#side"}
			}
		},
		{
			"from": [0, 2.1, 9.2],
			"to": [1, 2.1, 12],
			"rotation": {"angle": 0, "axis": "y", "origin": [8.2, 7.35, 0.5]},
			"faces": {
				"north": {"uv": [0, 0.36719, 0, 0.63281], "rotation": 270, "texture": "#side"},
				"east": {"uv": [0, 0.36719, 0, 2.63281], "rotation": 270, "texture": "#side"},
				"south": {"uv": [0, 0.36719, 0, 0.63281], "rotation": 270, "texture": "#side"},
				"west": {"uv": [0, 0.36719, 0, 2.63281], "rotation": 90, "texture": "#side"},
				"up": {"uv": [0, 0.40625, 1, 2.67188], "texture": "#side"},
				"down": {"uv": [0, 0.57031, 1, 2.83594], "texture": "#side"}
			}
		},
		{
			"from": [0, 0.8, 10.7],
			"to": [1, 3.6, 10.7],
			"rotation": {"angle": 0, "axis": "y", "origin": [8.2, 7.35, 0.5]},
			"faces": {
				"north": {"uv": [0, 0.57031, 1, 2.83594], "rotation": 180, "texture": "#side"},
				"east": {"uv": [0, 0.36719, 0, 2.63281], "texture": "#side"},
				"south": {"uv": [0, 0.40625, 1, 2.67188], "texture": "#side"},
				"west": {"uv": [0, 0.36719, 0, 2.63281], "texture": "#side"},
				"up": {"uv": [0, 0.36719, 0, 0.63281], "rotation": 270, "texture": "#side"},
				"down": {"uv": [0, 0.36719, 0, 0.63281], "rotation": 90, "texture": "#side"}
			}
		},
		{
			"from": [0, 0.6, 3.4],
			"to": [1, 0.6, 6.2],
			"rotation": {"angle": 0, "axis": "y", "origin": [8.2, 7.35, 0.5]},
			"faces": {
				"north": {"uv": [0, 0.36719, 0, 0.63281], "rotation": 270, "texture": "#side"},
				"east": {"uv": [0, 0.36719, 0, 2.63281], "rotation": 270, "texture": "#side"},
				"south": {"uv": [0, 0.36719, 0, 0.63281], "rotation": 270, "texture": "#side"},
				"west": {"uv": [0, 0.36719, 0, 2.63281], "rotation": 90, "texture": "#side"},
				"up": {"uv": [0, 0.40625, 1, 2.67188], "texture": "#side"},
				"down": {"uv": [0, 0.57031, 1, 2.83594], "texture": "#side"}
			}
		},
		{
			"from": [0, 4.8, 3.4],
			"to": [1, 4.8, 6.2],
			"rotation": {"angle": 0, "axis": "y", "origin": [8.2, 7.35, 0.5]},
			"faces": {
				"north": {"uv": [0, 0.36719, 0, 0.63281], "rotation": 270, "texture": "#side"},
				"east": {"uv": [0, 0.36719, 0, 2.63281], "rotation": 270, "texture": "#side"},
				"south": {"uv": [0, 0.36719, 0, 0.63281], "rotation": 270, "texture": "#side"},
				"west": {"uv": [0, 0.36719, 0, 2.63281], "rotation": 90, "texture": "#side"},
				"up": {"uv": [0, 0.40625, 1, 2.67188], "texture": "#side"},
				"down": {"uv": [0, 0.57031, 1, 2.83594], "texture": "#side"}
			}
		},
		{
			"from": [0, 3.5, 4.9],
			"to": [1, 6.3, 4.9],
			"rotation": {"angle": 0, "axis": "y", "origin": [8.2, 7.35, 0.5]},
			"faces": {
				"north": {"uv": [0, 0.57031, 1, 2.83594], "rotation": 180, "texture": "#side"},
				"east": {"uv": [0, 0.36719, 0, 2.63281], "texture": "#side"},
				"south": {"uv": [0, 0.40625, 1, 2.67188], "texture": "#side"},
				"west": {"uv": [0, 0.36719, 0, 2.63281], "texture": "#side"},
				"up": {"uv": [0, 0.36719, 0, 0.63281], "rotation": 270, "texture": "#side"},
				"down": {"uv": [0, 0.36719, 0, 0.63281], "rotation": 90, "texture": "#side"}
			}
		},
		{
			"from": [0, -0.7, 4.9],
			"to": [1, 2.1, 4.9],
			"rotation": {"angle": 0, "axis": "y", "origin": [8.2, 7.35, 0.5]},
			"faces": {
				"north": {"uv": [0, 0.57031, 1, 2.83594], "rotation": 180, "texture": "#side"},
				"east": {"uv": [0, 0.36719, 0, 2.63281], "texture": "#side"},
				"south": {"uv": [0, 0.40625, 1, 2.67188], "texture": "#side"},
				"west": {"uv": [0, 0.36719, 0, 2.63281], "texture": "#side"},
				"up": {"uv": [0, 0.36719, 0, 0.63281], "rotation": 270, "texture": "#side"},
				"down": {"uv": [0, 0.36719, 0, 0.63281], "rotation": 90, "texture": "#side"}
			}
		},
		{
			"from": [0, 6.3, 9.2],
			"to": [1, 6.3, 12],
			"rotation": {"angle": 0, "axis": "y", "origin": [8.2, 7.35, 0.5]},
			"faces": {
				"north": {"uv": [0, 0.36719, 0, 0.63281], "rotation": 270, "texture": "#side"},
				"east": {"uv": [0, 0.36719, 0, 2.63281], "rotation": 270, "texture": "#side"},
				"south": {"uv": [0, 0.36719, 0, 0.63281], "rotation": 270, "texture": "#side"},
				"west": {"uv": [0, 0.36719, 0, 2.63281], "rotation": 90, "texture": "#side"},
				"up": {"uv": [0, 0.40625, 1, 2.67188], "texture": "#side"},
				"down": {"uv": [0, 0.57031, 1, 2.83594], "texture": "#side"}
			}
		},
		{
			"from": [0, 5, 10.7],
			"to": [1, 7.8, 10.7],
			"rotation": {"angle": 0, "axis": "y", "origin": [8.2, 7.35, 0.5]},
			"faces": {
				"north": {"uv": [0, 0.57031, 1, 2.83594], "rotation": 180, "texture": "#side"},
				"east": {"uv": [0, 0.36719, 0, 2.63281], "texture": "#side"},
				"south": {"uv": [0, 0.40625, 1, 2.67188], "texture": "#side"},
				"west": {"uv": [0, 0.36719, 0, 2.63281], "texture": "#side"},
				"up": {"uv": [0, 0.36719, 0, 0.63281], "rotation": 270, "texture": "#side"},
				"down": {"uv": [0, 0.36719, 0, 0.63281], "rotation": 90, "texture": "#side"}
			}
		},
		{
			"from": [0, 10.7, 9.2],
			"to": [1, 10.7, 12],
			"rotation": {"angle": 0, "axis": "y", "origin": [8.2, 7.35, 0.5]},
			"faces": {
				"north": {"uv": [0, 0.36719, 0, 0.63281], "rotation": 270, "texture": "#side"},
				"east": {"uv": [0, 0.36719, 0, 2.63281], "rotation": 270, "texture": "#side"},
				"south": {"uv": [0, 0.36719, 0, 0.63281], "rotation": 270, "texture": "#side"},
				"west": {"uv": [0, 0.36719, 0, 2.63281], "rotation": 90, "texture": "#side"},
				"up": {"uv": [0, 0.40625, 1, 2.67188], "texture": "#side"},
				"down": {"uv": [0, 0.57031, 1, 2.83594], "texture": "#side"}
			}
		},
		{
			"from": [0, 9.4, 10.7],
			"to": [1, 12.2, 10.7],
			"rotation": {"angle": 0, "axis": "y", "origin": [8.2, 7.35, 0.5]},
			"faces": {
				"north": {"uv": [0, 0.57031, 1, 2.83594], "rotation": 180, "texture": "#side"},
				"east": {"uv": [0, 0.36719, 0, 2.63281], "texture": "#side"},
				"south": {"uv": [0, 0.40625, 1, 2.67188], "texture": "#side"},
				"west": {"uv": [0, 0.36719, 0, 2.63281], "texture": "#side"},
				"up": {"uv": [0, 0.36719, 0, 0.63281], "rotation": 270, "texture": "#side"},
				"down": {"uv": [0, 0.36719, 0, 0.63281], "rotation": 90, "texture": "#side"}
			}
		},
		{
			"from": [9.3, 13.9, 15],
			"to": [12.1, 13.9, 16],
			"rotation": {"angle": 0, "axis": "y", "origin": [0.5, 7.35, 7.8]},
			"faces": {
				"north": {"uv": [0, 0.36719, 0, 2.63281], "rotation": 270, "texture": "#side"},
				"east": {"uv": [0, 0.36719, 0, 0.63281], "rotation": 270, "texture": "#side"},
				"south": {"uv": [0, 0.36719, 0, 2.63281], "rotation": 90, "texture": "#side"},
				"west": {"uv": [0, 0.36719, 0, 0.63281], "rotation": 270, "texture": "#side"},
				"up": {"uv": [0, 0.40625, 1, 2.67188], "rotation": 270, "texture": "#side"},
				"down": {"uv": [0, 0.57031, 1, 2.83594], "rotation": 90, "texture": "#side"}
			}
		},
		{
			"from": [10.8, 12.6, 15],
			"to": [10.8, 15.4, 16],
			"rotation": {"angle": 0, "axis": "y", "origin": [0.5, 7.35, 7.8]},
			"faces": {
				"north": {"uv": [0, 0.36719, 0, 2.63281], "texture": "#side"},
				"east": {"uv": [0, 0.40625, 1, 2.67188], "texture": "#side"},
				"south": {"uv": [0, 0.36719, 0, 2.63281], "texture": "#side"},
				"west": {"uv": [0, 0.57031, 1, 2.83594], "rotation": 180, "texture": "#side"},
				"up": {"uv": [0, 0.36719, 0, 0.63281], "rotation": 180, "texture": "#side"},
				"down": {"uv": [0, 0.36719, 0, 0.63281], "rotation": 180, "texture": "#side"}
			}
		},
		{
			"from": [5, 11.6, 15],
			"to": [5, 14.4, 16],
			"rotation": {"angle": 0, "axis": "y", "origin": [0.5, 7.35, 7.8]},
			"faces": {
				"north": {"uv": [0, 0.36719, 0, 2.63281], "texture": "#side"},
				"east": {"uv": [0, 0.40625, 1, 2.67188], "texture": "#side"},
				"south": {"uv": [0, 0.36719, 0, 2.63281], "texture": "#side"},
				"west": {"uv": [0, 0.57031, 1, 2.83594], "rotation": 180, "texture": "#side"},
				"up": {"uv": [0, 0.36719, 0, 0.63281], "rotation": 180, "texture": "#side"},
				"down": {"uv": [0, 0.36719, 0, 0.63281], "rotation": 180, "texture": "#side"}
			}
		},
		{
			"from": [3.5, 12.9, 15],
			"to": [6.3, 12.9, 16],
			"rotation": {"angle": 0, "axis": "y", "origin": [0.5, 7.35, 7.8]},
			"faces": {
				"north": {"uv": [0, 0.36719, 0, 2.63281], "rotation": 270, "texture": "#side"},
				"east": {"uv": [0, 0.36719, 0, 0.63281], "rotation": 270, "texture": "#side"},
				"south": {"uv": [0, 0.36719, 0, 2.63281], "rotation": 90, "texture": "#side"},
				"west": {"uv": [0, 0.36719, 0, 0.63281], "rotation": 270, "texture": "#side"},
				"up": {"uv": [0, 0.40625, 1, 2.67188], "rotation": 270, "texture": "#side"},
				"down": {"uv": [0, 0.57031, 1, 2.83594], "rotation": 90, "texture": "#side"}
			}
		},
		{
			"from": [3.5, 8.9, 15],
			"to": [6.3, 8.9, 16],
			"rotation": {"angle": 0, "axis": "y", "origin": [0.5, 7.35, 7.8]},
			"faces": {
				"north": {"uv": [0, 0.36719, 0, 2.63281], "rotation": 270, "texture": "#side"},
				"east": {"uv": [0, 0.36719, 0, 0.63281], "rotation": 270, "texture": "#side"},
				"south": {"uv": [0, 0.36719, 0, 2.63281], "rotation": 90, "texture": "#side"},
				"west": {"uv": [0, 0.36719, 0, 0.63281], "rotation": 270, "texture": "#side"},
				"up": {"uv": [0, 0.40625, 1, 2.67188], "rotation": 270, "texture": "#side"},
				"down": {"uv": [0, 0.57031, 1, 2.83594], "rotation": 90, "texture": "#side"}
			}
		},
		{
			"from": [5, 7.6, 15],
			"to": [5, 10.4, 16],
			"rotation": {"angle": 0, "axis": "y", "origin": [0.5, 7.35, 7.8]},
			"faces": {
				"north": {"uv": [0, 0.36719, 0, 2.63281], "texture": "#side"},
				"east": {"uv": [0, 0.40625, 1, 2.67188], "texture": "#side"},
				"south": {"uv": [0, 0.36719, 0, 2.63281], "texture": "#side"},
				"west": {"uv": [0, 0.57031, 1, 2.83594], "rotation": 180, "texture": "#side"},
				"up": {"uv": [0, 0.36719, 0, 0.63281], "rotation": 180, "texture": "#side"},
				"down": {"uv": [0, 0.36719, 0, 0.63281], "rotation": 180, "texture": "#side"}
			}
		},
		{
			"from": [9.2, 2.1, 15],
			"to": [12, 2.1, 16],
			"rotation": {"angle": 0, "axis": "y", "origin": [0.5, 7.35, 7.8]},
			"faces": {
				"north": {"uv": [0, 0.36719, 0, 2.63281], "rotation": 270, "texture": "#side"},
				"east": {"uv": [0, 0.36719, 0, 0.63281], "rotation": 270, "texture": "#side"},
				"south": {"uv": [0, 0.36719, 0, 2.63281], "rotation": 90, "texture": "#side"},
				"west": {"uv": [0, 0.36719, 0, 0.63281], "rotation": 270, "texture": "#side"},
				"up": {"uv": [0, 0.40625, 1, 2.67188], "rotation": 270, "texture": "#side"},
				"down": {"uv": [0, 0.57031, 1, 2.83594], "rotation": 90, "texture": "#side"}
			}
		},
		{
			"from": [10.7, 0.8, 15],
			"to": [10.7, 3.6, 16],
			"rotation": {"angle": 0, "axis": "y", "origin": [0.5, 7.35, 7.8]},
			"faces": {
				"north": {"uv": [0, 0.36719, 0, 2.63281], "texture": "#side"},
				"east": {"uv": [0, 0.40625, 1, 2.67188], "texture": "#side"},
				"south": {"uv": [0, 0.36719, 0, 2.63281], "texture": "#side"},
				"west": {"uv": [0, 0.57031, 1, 2.83594], "rotation": 180, "texture": "#side"},
				"up": {"uv": [0, 0.36719, 0, 0.63281], "rotation": 180, "texture": "#side"},
				"down": {"uv": [0, 0.36719, 0, 0.63281], "rotation": 180, "texture": "#side"}
			}
		},
		{
			"from": [3.4, 0.6, 15],
			"to": [6.2, 0.6, 16],
			"rotation": {"angle": 0, "axis": "y", "origin": [0.5, 7.35, 7.8]},
			"faces": {
				"north": {"uv": [0, 0.36719, 0, 2.63281], "rotation": 270, "texture": "#side"},
				"east": {"uv": [0, 0.36719, 0, 0.63281], "rotation": 270, "texture": "#side"},
				"south": {"uv": [0, 0.36719, 0, 2.63281], "rotation": 90, "texture": "#side"},
				"west": {"uv": [0, 0.36719, 0, 0.63281], "rotation": 270, "texture": "#side"},
				"up": {"uv": [0, 0.40625, 1, 2.67188], "rotation": 270, "texture": "#side"},
				"down": {"uv": [0, 0.57031, 1, 2.83594], "rotation": 90, "texture": "#side"}
			}
		},
		{
			"from": [3.5, 4.8, 15],
			"to": [6.3, 4.8, 16],
			"rotation": {"angle": 0, "axis": "y", "origin": [0.5, 7.35, 7.8]},
			"faces": {
				"north": {"uv": [0, 0.36719, 0, 2.63281], "rotation": 270, "texture": "#side"},
				"east": {"uv": [0, 0.36719, 0, 0.63281], "rotation": 270, "texture": "#side"},
				"south": {"uv": [0, 0.36719, 0, 2.63281], "rotation": 90, "texture": "#side"},
				"west": {"uv": [0, 0.36719, 0, 0.63281], "rotation": 270, "texture": "#side"},
				"up": {"uv": [0, 0.40625, 1, 2.67188], "rotation": 270, "texture": "#side"},
				"down": {"uv": [0, 0.57031, 1, 2.83594], "rotation": 90, "texture": "#side"}
			}
		},
		{
			"from": [5, 3.5, 15],
			"to": [5, 6.3, 16],
			"rotation": {"angle": 0, "axis": "y", "origin": [0.5, 7.35, 7.8]},
			"faces": {
				"north": {"uv": [0, 0.36719, 0, 2.63281], "texture": "#side"},
				"east": {"uv": [0, 0.40625, 1, 2.67188], "texture": "#side"},
				"south": {"uv": [0, 0.36719, 0, 2.63281], "texture": "#side"},
				"west": {"uv": [0, 0.57031, 1, 2.83594], "rotation": 180, "texture": "#side"},
				"up": {"uv": [0, 0.36719, 0, 0.63281], "rotation": 180, "texture": "#side"},
				"down": {"uv": [0, 0.36719, 0, 0.63281], "rotation": 180, "texture": "#side"}
			}
		},
		{
			"from": [4.9, -0.7, 15],
			"to": [4.9, 2.1, 16],
			"rotation": {"angle": 0, "axis": "y", "origin": [0.5, 7.35, 7.8]},
			"faces": {
				"north": {"uv": [0, 0.36719, 0, 2.63281], "texture": "#side"},
				"east": {"uv": [0, 0.40625, 1, 2.67188], "texture": "#side"},
				"south": {"uv": [0, 0.36719, 0, 2.63281], "texture": "#side"},
				"west": {"uv": [0, 0.57031, 1, 2.83594], "rotation": 180, "texture": "#side"},
				"up": {"uv": [0, 0.36719, 0, 0.63281], "rotation": 180, "texture": "#side"},
				"down": {"uv": [0, 0.36719, 0, 0.63281], "rotation": 180, "texture": "#side"}
			}
		},
		{
			"from": [9.1, 6.3, 15],
			"to": [11.9, 6.3, 16],
			"rotation": {"angle": 0, "axis": "y", "origin": [0.5, 7.35, 7.8]},
			"faces": {
				"north": {"uv": [0, 0.36719, 0, 2.63281], "rotation": 270, "texture": "#side"},
				"east": {"uv": [0, 0.36719, 0, 0.63281], "rotation": 270, "texture": "#side"},
				"south": {"uv": [0, 0.36719, 0, 2.63281], "rotation": 90, "texture": "#side"},
				"west": {"uv": [0, 0.36719, 0, 0.63281], "rotation": 270, "texture": "#side"},
				"up": {"uv": [0, 0.40625, 1, 2.67188], "rotation": 270, "texture": "#side"},
				"down": {"uv": [0, 0.57031, 1, 2.83594], "rotation": 90, "texture": "#side"}
			}
		},
		{
			"from": [10.6, 5, 15],
			"to": [10.6, 7.8, 16],
			"rotation": {"angle": 0, "axis": "y", "origin": [0.5, 7.35, 7.8]},
			"faces": {
				"north": {"uv": [0, 0.36719, 0, 2.63281], "texture": "#side"},
				"east": {"uv": [0, 0.40625, 1, 2.67188], "texture": "#side"},
				"south": {"uv": [0, 0.36719, 0, 2.63281], "texture": "#side"},
				"west": {"uv": [0, 0.57031, 1, 2.83594], "rotation": 180, "texture": "#side"},
				"up": {"uv": [0, 0.36719, 0, 0.63281], "rotation": 180, "texture": "#side"},
				"down": {"uv": [0, 0.36719, 0, 0.63281], "rotation": 180, "texture": "#side"}
			}
		},
		{
			"from": [9.2, 10.7, 15],
			"to": [12, 10.7, 16],
			"rotation": {"angle": 0, "axis": "y", "origin": [0.5, 7.35, 7.8]},
			"faces": {
				"north": {"uv": [0, 0.36719, 0, 2.63281], "rotation": 270, "texture": "#side"},
				"east": {"uv": [0, 0.36719, 0, 0.63281], "rotation": 270, "texture": "#side"},
				"south": {"uv": [0, 0.36719, 0, 2.63281], "rotation": 90, "texture": "#side"},
				"west": {"uv": [0, 0.36719, 0, 0.63281], "rotation": 270, "texture": "#side"},
				"up": {"uv": [0, 0.40625, 1, 2.67188], "rotation": 270, "texture": "#side"},
				"down": {"uv": [0, 0.57031, 1, 2.83594], "rotation": 90, "texture": "#side"}
			}
		},
		{
			"from": [10.7, 9.4, 15],
			"to": [10.7, 12.2, 16],
			"rotation": {"angle": 0, "axis": "y", "origin": [0.5, 7.35, 7.8]},
			"faces": {
				"north": {"uv": [0, 0.36719, 0, 2.63281], "texture": "#side"},
				"east": {"uv": [0, 0.40625, 1, 2.67188], "texture": "#side"},
				"south": {"uv": [0, 0.36719, 0, 2.63281], "texture": "#side"},
				"west": {"uv": [0, 0.57031, 1, 2.83594], "rotation": 180, "texture": "#side"},
				"up": {"uv": [0, 0.36719, 0, 0.63281], "rotation": 180, "texture": "#side"},
				"down": {"uv": [0, 0.36719, 0, 0.63281], "rotation": 180, "texture": "#side"}
			}
		},
		{
			"from": [15, 13.9, 3.9],
			"to": [16, 13.9, 6.7],
			"rotation": {"angle": 0, "axis": "y", "origin": [0.5, 7.35, 7.8]},
			"faces": {
				"north": {"uv": [0, 0.36719, 0, 0.63281], "rotation": 270, "texture": "#side"},
				"east": {"uv": [0, 0.36719, 0, 2.63281], "rotation": 90, "texture": "#side"},
				"south": {"uv": [0, 0.36719, 0, 0.63281], "rotation": 270, "texture": "#side"},
				"west": {"uv": [0, 0.36719, 0, 2.63281], "rotation": 270, "texture": "#side"},
				"up": {"uv": [0, 0.40625, 1, 2.67188], "rotation": 180, "texture": "#side"},
				"down": {"uv": [0, 0.57031, 1, 2.83594], "rotation": 180, "texture": "#side"}
			}
		},
		{
			"from": [15, 12.6, 5.2],
			"to": [16, 15.4, 5.2],
			"rotation": {"angle": 0, "axis": "y", "origin": [0.5, 7.35, 7.8]},
			"faces": {
				"north": {"uv": [0, 0.40625, 1, 2.67188], "texture": "#side"},
				"east": {"uv": [0, 0.36719, 0, 2.63281], "texture": "#side"},
				"south": {"uv": [0, 0.57031, 1, 2.83594], "rotation": 180, "texture": "#side"},
				"west": {"uv": [0, 0.36719, 0, 2.63281], "texture": "#side"},
				"up": {"uv": [0, 0.36719, 0, 0.63281], "rotation": 90, "texture": "#side"},
				"down": {"uv": [0, 0.36719, 0, 0.63281], "rotation": 270, "texture": "#side"}
			}
		},
		{
			"from": [15, 11.6, 11],
			"to": [16, 14.4, 11],
			"rotation": {"angle": 0, "axis": "y", "origin": [0.5, 7.35, 7.8]},
			"faces": {
				"north": {"uv": [0, 0.40625, 1, 2.67188], "texture": "#side"},
				"east": {"uv": [0, 0.36719, 0, 2.63281], "texture": "#side"},
				"south": {"uv": [0, 0.57031, 1, 2.83594], "rotation": 180, "texture": "#side"},
				"west": {"uv": [0, 0.36719, 0, 2.63281], "texture": "#side"},
				"up": {"uv": [0, 0.36719, 0, 0.63281], "rotation": 90, "texture": "#side"},
				"down": {"uv": [0, 0.36719, 0, 0.63281], "rotation": 270, "texture": "#side"}
			}
		},
		{
			"from": [15, 12.9, 9.7],
			"to": [16, 12.9, 12.5],
			"rotation": {"angle": 0, "axis": "y", "origin": [0.5, 7.35, 7.8]},
			"faces": {
				"north": {"uv": [0, 0.36719, 0, 0.63281], "rotation": 270, "texture": "#side"},
				"east": {"uv": [0, 0.36719, 0, 2.63281], "rotation": 90, "texture": "#side"},
				"south": {"uv": [0, 0.36719, 0, 0.63281], "rotation": 270, "texture": "#side"},
				"west": {"uv": [0, 0.36719, 0, 2.63281], "rotation": 270, "texture": "#side"},
				"up": {"uv": [0, 0.40625, 1, 2.67188], "rotation": 180, "texture": "#side"},
				"down": {"uv": [0, 0.57031, 1, 2.83594], "rotation": 180, "texture": "#side"}
			}
		},
		{
			"from": [15, 8.8, 9.8],
			"to": [16, 8.8, 12.6],
			"rotation": {"angle": 0, "axis": "y", "origin": [0.5, 7.35, 7.8]},
			"faces": {
				"north": {"uv": [0, 0.36719, 0, 0.63281], "rotation": 270, "texture": "#side"},
				"east": {"uv": [0, 0.36719, 0, 2.63281], "rotation": 90, "texture": "#side"},
				"south": {"uv": [0, 0.36719, 0, 0.63281], "rotation": 270, "texture": "#side"},
				"west": {"uv": [0, 0.36719, 0, 2.63281], "rotation": 270, "texture": "#side"},
				"up": {"uv": [0, 0.40625, 1, 2.67188], "rotation": 180, "texture": "#side"},
				"down": {"uv": [0, 0.57031, 1, 2.83594], "rotation": 180, "texture": "#side"}
			}
		},
		{
			"from": [15, 7.5, 11.1],
			"to": [16, 10.3, 11.1],
			"rotation": {"angle": 0, "axis": "y", "origin": [0.5, 7.35, 7.8]},
			"faces": {
				"north": {"uv": [0, 0.40625, 1, 2.67188], "texture": "#side"},
				"east": {"uv": [0, 0.36719, 0, 2.63281], "texture": "#side"},
				"south": {"uv": [0, 0.57031, 1, 2.83594], "rotation": 180, "texture": "#side"},
				"west": {"uv": [0, 0.36719, 0, 2.63281], "texture": "#side"},
				"up": {"uv": [0, 0.36719, 0, 0.63281], "rotation": 90, "texture": "#side"},
				"down": {"uv": [0, 0.36719, 0, 0.63281], "rotation": 270, "texture": "#side"}
			}
		},
		{
			"from": [15, 2.2, 4],
			"to": [16, 2.2, 6.8],
			"rotation": {"angle": 0, "axis": "y", "origin": [0.5, 7.35, 7.8]},
			"faces": {
				"north": {"uv": [0, 0.36719, 0, 0.63281], "rotation": 270, "texture": "#side"},
				"east": {"uv": [0, 0.36719, 0, 2.63281], "rotation": 90, "texture": "#side"},
				"south": {"uv": [0, 0.36719, 0, 0.63281], "rotation": 270, "texture": "#side"},
				"west": {"uv": [0, 0.36719, 0, 2.63281], "rotation": 270, "texture": "#side"},
				"up": {"uv": [0, 0.40625, 1, 2.67188], "rotation": 180, "texture": "#side"},
				"down": {"uv": [0, 0.57031, 1, 2.83594], "rotation": 180, "texture": "#side"}
			}
		},
		{
			"from": [15, 0.9, 5.3],
			"to": [16, 3.7, 5.3],
			"rotation": {"angle": 0, "axis": "y", "origin": [0.5, 7.35, 7.8]},
			"faces": {
				"north": {"uv": [0, 0.40625, 1, 2.67188], "texture": "#side"},
				"east": {"uv": [0, 0.36719, 0, 2.63281], "texture": "#side"},
				"south": {"uv": [0, 0.57031, 1, 2.83594], "rotation": 180, "texture": "#side"},
				"west": {"uv": [0, 0.36719, 0, 2.63281], "texture": "#side"},
				"up": {"uv": [0, 0.36719, 0, 0.63281], "rotation": 90, "texture": "#side"},
				"down": {"uv": [0, 0.36719, 0, 0.63281], "rotation": 270, "texture": "#side"}
			}
		},
		{
			"from": [15, 0.6, 9.8],
			"to": [16, 0.6, 12.6],
			"rotation": {"angle": 0, "axis": "y", "origin": [0.5, 7.35, 7.8]},
			"faces": {
				"north": {"uv": [0, 0.36719, 0, 0.63281], "rotation": 270, "texture": "#side"},
				"east": {"uv": [0, 0.36719, 0, 2.63281], "rotation": 90, "texture": "#side"},
				"south": {"uv": [0, 0.36719, 0, 0.63281], "rotation": 270, "texture": "#side"},
				"west": {"uv": [0, 0.36719, 0, 2.63281], "rotation": 270, "texture": "#side"},
				"up": {"uv": [0, 0.40625, 1, 2.67188], "rotation": 180, "texture": "#side"},
				"down": {"uv": [0, 0.57031, 1, 2.83594], "rotation": 180, "texture": "#side"}
			}
		},
		{
			"from": [15, 4.8, 9.8],
			"to": [16, 4.8, 12.6],
			"rotation": {"angle": 0, "axis": "y", "origin": [0.5, 7.35, 7.8]},
			"faces": {
				"north": {"uv": [0, 0.36719, 0, 0.63281], "rotation": 270, "texture": "#side"},
				"east": {"uv": [0, 0.36719, 0, 2.63281], "rotation": 90, "texture": "#side"},
				"south": {"uv": [0, 0.36719, 0, 0.63281], "rotation": 270, "texture": "#side"},
				"west": {"uv": [0, 0.36719, 0, 2.63281], "rotation": 270, "texture": "#side"},
				"up": {"uv": [0, 0.40625, 1, 2.67188], "rotation": 180, "texture": "#side"},
				"down": {"uv": [0, 0.57031, 1, 2.83594], "rotation": 180, "texture": "#side"}
			}
		},
		{
			"from": [15, 3.5, 11.1],
			"to": [16, 6.3, 11.1],
			"rotation": {"angle": 0, "axis": "y", "origin": [0.5, 7.35, 7.8]},
			"faces": {
				"north": {"uv": [0, 0.40625, 1, 2.67188], "texture": "#side"},
				"east": {"uv": [0, 0.36719, 0, 2.63281], "texture": "#side"},
				"south": {"uv": [0, 0.57031, 1, 2.83594], "rotation": 180, "texture": "#side"},
				"west": {"uv": [0, 0.36719, 0, 2.63281], "texture": "#side"},
				"up": {"uv": [0, 0.36719, 0, 0.63281], "rotation": 90, "texture": "#side"},
				"down": {"uv": [0, 0.36719, 0, 0.63281], "rotation": 270, "texture": "#side"}
			}
		},
		{
			"from": [15, -0.7, 11.1],
			"to": [16, 2.1, 11.1],
			"rotation": {"angle": 0, "axis": "y", "origin": [0.5, 7.35, 7.8]},
			"faces": {
				"north": {"uv": [0, 0.40625, 1, 2.67188], "texture": "#side"},
				"east": {"uv": [0, 0.36719, 0, 2.63281], "texture": "#side"},
				"south": {"uv": [0, 0.57031, 1, 2.83594], "rotation": 180, "texture": "#side"},
				"west": {"uv": [0, 0.36719, 0, 2.63281], "texture": "#side"},
				"up": {"uv": [0, 0.36719, 0, 0.63281], "rotation": 90, "texture": "#side"},
				"down": {"uv": [0, 0.36719, 0, 0.63281], "rotation": 270, "texture": "#side"}
			}
		},
		{
			"from": [15, 6.3, 4.1],
			"to": [16, 6.3, 6.9],
			"rotation": {"angle": 0, "axis": "y", "origin": [0.5, 7.35, 7.8]},
			"faces": {
				"north": {"uv": [0, 0.36719, 0, 0.63281], "rotation": 270, "texture": "#side"},
				"east": {"uv": [0, 0.36719, 0, 2.63281], "rotation": 90, "texture": "#side"},
				"south": {"uv": [0, 0.36719, 0, 0.63281], "rotation": 270, "texture": "#side"},
				"west": {"uv": [0, 0.36719, 0, 2.63281], "rotation": 270, "texture": "#side"},
				"up": {"uv": [0, 0.40625, 1, 2.67188], "rotation": 180, "texture": "#side"},
				"down": {"uv": [0, 0.57031, 1, 2.83594], "rotation": 180, "texture": "#side"}
			}
		},
		{
			"from": [15, 5, 5.4],
			"to": [16, 7.8, 5.4],
			"rotation": {"angle": 0, "axis": "y", "origin": [0.5, 7.35, 7.8]},
			"faces": {
				"north": {"uv": [0, 0.40625, 1, 2.67188], "texture": "#side"},
				"east": {"uv": [0, 0.36719, 0, 2.63281], "texture": "#side"},
				"south": {"uv": [0, 0.57031, 1, 2.83594], "rotation": 180, "texture": "#side"},
				"west": {"uv": [0, 0.36719, 0, 2.63281], "texture": "#side"},
				"up": {"uv": [0, 0.36719, 0, 0.63281], "rotation": 90, "texture": "#side"},
				"down": {"uv": [0, 0.36719, 0, 0.63281], "rotation": 270, "texture": "#side"}
			}
		},
		{
			"from": [15, 10.7, 4],
			"to": [16, 10.7, 6.8],
			"rotation": {"angle": 0, "axis": "y", "origin": [0.5, 7.35, 7.8]},
			"faces": {
				"north": {"uv": [0, 0.36719, 0, 0.63281], "rotation": 270, "texture": "#side"},
				"east": {"uv": [0, 0.36719, 0, 2.63281], "rotation": 90, "texture": "#side"},
				"south": {"uv": [0, 0.36719, 0, 0.63281], "rotation": 270, "texture": "#side"},
				"west": {"uv": [0, 0.36719, 0, 2.63281], "rotation": 270, "texture": "#side"},
				"up": {"uv": [0, 0.40625, 1, 2.67188], "rotation": 180, "texture": "#side"},
				"down": {"uv": [0, 0.57031, 1, 2.83594], "rotation": 180, "texture": "#side"}
			}
		},
		{
			"from": [15, 9.4, 5.3],
			"to": [16, 12.2, 5.3],
			"rotation": {"angle": 0, "axis": "y", "origin": [0.5, 7.35, 7.8]},
			"faces": {
				"north": {"uv": [0, 0.40625, 1, 2.67188], "texture": "#side"},
				"east": {"uv": [0, 0.36719, 0, 2.63281], "texture": "#side"},
				"south": {"uv": [0, 0.57031, 1, 2.83594], "rotation": 180, "texture": "#side"},
				"west": {"uv": [0, 0.36719, 0, 2.63281], "texture": "#side"},
				"up": {"uv": [0, 0.36719, 0, 0.63281], "rotation": 90, "texture": "#side"},
				"down": {"uv": [0, 0.36719, 0, 0.63281], "rotation": 270, "texture": "#side"}
			}
		}
	],
	"groups": [
		0,
		1,
		2,
		{
			"name": "group",
			"origin": [0, 0, 0],
			"color": 0,
			"nbt": "{}",
			"armAnimationEnabled": false,
			"children": []
		},
		{
			"name": "group",
			"origin": [0, 0, 0],
			"color": 0,
			"nbt": "{}",
			"armAnimationEnabled": false,
			"children": []
		},
		{
			"name": "group",
			"origin": [0, 0, 0],
			"color": 0,
			"nbt": "{}",
			"armAnimationEnabled": false,
			"children": [
				{
					"name": "group",
					"origin": [0, 0, 0],
					"color": 0,
					"nbt": "{}",
					"armAnimationEnabled": false,
					"children": [3, 4, 5, 6, 7, 8, 9, 10, 11, 12, 13, 14, 15, 16, 17, 18]
				},
				{
					"name": "group",
					"origin": [0, 0, 0],
					"color": 0,
					"nbt": "{}",
					"armAnimationEnabled": false,
					"children": [19, 20, 21, 22, 23, 24, 25, 26, 27, 28, 29, 30, 31, 32, 33, 34]
				},
				{
					"name": "group",
					"origin": [0, 0, 0],
					"color": 0,
					"nbt": "{}",
					"armAnimationEnabled": false,
					"children": [35, 36, 37, 38, 39, 40, 41, 42, 43, 44, 45, 46, 47, 48, 49, 50]
				},
				{
					"name": "group",
					"origin": [0, 0, 0],
					"color": 0,
					"nbt": "{}",
					"armAnimationEnabled": false,
					"children": [51, 52, 53, 54, 55, 56, 57, 58, 59, 60, 61, 62, 63, 64, 65, 66]
				}
			]
		},
		{
			"name": "group",
			"origin": [0, 0, 0],
			"color": 0,
			"nbt": "{}",
			"armAnimationEnabled": false,
			"children": []
		},
		{
			"name": "group",
			"origin": [0, 0, 0],
			"color": 0,
			"nbt": "{}",
			"armAnimationEnabled": false,
			"children": []
		},
		{
			"name": "group",
			"origin": [0, 0, 0],
			"color": 0,
			"nbt": "{}",
			"armAnimationEnabled": false,
			"children": []
		},
		{
			"name": "group",
			"origin": [0, 0, 0],
			"color": 0,
			"nbt": "{}",
			"armAnimationEnabled": false,
			"children": []
		},
		{
			"name": "group",
			"origin": [0, 0, 0],
			"color": 0,
			"nbt": "{}",
			"armAnimationEnabled": false,
			"children": []
		}
	]
}