{
	"credit": "Made with Blockbench",
	"ambientocclusion": false,
	"textures": {
		"0": "block/iron_bars",
		"particle": "block/iron_bars"
	},
	"elements": [
		{
			"name": "cubo",
			"from": [7, 0, 7.5],
			"to": [9, 15.9, 8.3],
			"rotation": {"angle": 0, "axis": "y", "origin": [0, 0, 7.9]},
			"faces": {
				"north": {"uv": [0.1, 0, 16, 0.92969], "rotation": 90, "texture": "#0"},
				"east": {"uv": [0.1, 0, 16, 0.8], "rotation": 90, "texture": "#0"},
				"south": {"uv": [0.1, 0, 16, 0.92969], "rotation": 90, "texture": "#0"},
				"west": {"uv": [0.1, 0, 16, 0.8], "rotation": 90, "texture": "#0"},
				"up": {"uv": [9.85078, 0, 11.85078, 0.8], "rotation": 180, "texture": "#0"},
				"down": {"uv": [9.97578, 0, 11.97578, 0.8], "texture": "#0"}
			}
		}
	],
	"display": {
		"thirdperson_righthand": {
			"rotation": [75, 315, 0],
			"translation": [0, 2.5, 0],
			"scale": [0.375, 0.375, 0.375]
		},
		"firstperson_righthand": {
			"rotation": [0, 315, 0],
			"translation": [0, 2.5, 0],
			"scale": [0.4, 0.4, 0.4]
		},
		"ground": {
			"translation": [0, 3, 0],
			"scale": [0.25, 0.25, 0.25]
		},
		"gui": {
			"rotation": [30, 45, 0],
			"scale": [0.625, 0.625, 0.625]
		},
		"head": {
			"rotation": [0, 180, 0]
		},
		"fixed": {
			"rotation": [0, 180, 0]
		}
	}
}