{
	"credit": "Made with Blockbench",
	"ambientocclusion": false,
	"textures": {
		"0": "block/iron_bars",
		"particle": "block/iron_bars"
	},
	"elements": [
		{
			"from": [7.9, 0.3, 7.8],
			"to": [8.2, 16, 8],
			"faces": {
				"north": {"uv": [0, 15.43984, 16, 15.73984], "rotation": 90, "texture": "#0"},
				"east": {"uv": [0, 15.43984, 16, 15.63984], "rotation": 90, "texture": "#0"},
				"south": {"uv": [0, 15.43984, 16, 15.73984], "rotation": 90, "texture": "#0"},
				"west": {"uv": [0, 15.43984, 16, 15.63984], "rotation": 90, "texture": "#0"},
				"up": {"uv": [0, 15.43984, 0.2, 15.73984], "rotation": 90, "texture": "#0"},
				"down": {"uv": [0, 15.43984, 0.2, 15.73984], "rotation": 90, "texture": "#0"}
			}
		}
	],
	"display": {
		"thirdperson_righthand": {
			"rotation": [75, 315, 0],
			"translation": [0, 2.5, 0],
			"scale": [0.375, 0.375, 0.375]
		},
		"firstperson_righthand": {
			"rotation": [0, 315, 0],
			"translation": [0, 2.5, 0],
			"scale": [0.4, 0.4, 0.4]
		},
		"ground": {
			"translation": [0, 3, 0],
			"scale": [0.25, 0.25, 0.25]
		},
		"gui": {
			"rotation": [30, 45, 0],
			"scale": [0.625, 0.625, 0.625]
		},
		"head": {
			"rotation": [0, 180, 0]
		},
		"fixed": {
			"rotation": [0, 180, 0]
		}
	}
}