{
	"credit": "Made with Blockbench",
	"ambientocclusion": false,
	"textures": {
		"0": "block/iron_bars",
		"particle": "block/iron_bars"
	},
	"elements": [
		{
			"from": [7.6, 0.1, 0],
			"to": [8.4, 0.4, 8.4],
			"faces": {
				"north": {"uv": [14.54844, 0.29844, 13.74844, 0], "texture": "#0"},
				"east": {"uv": [7.6, 0.29844, 16, 0], "rotation": 180, "texture": "#0"},
				"south": {"uv": [14.76719, 2.75313, 13.96719, 2.45313], "texture": "#0"},
				"west": {"uv": [7.6, 0.29844, 16, 0], "rotation": 180, "texture": "#0"},
				"up": {"uv": [7.99842, 0.8, 16, 0], "rotation": 90, "texture": "#0"},
				"down": {"uv": [7.99844, 0.8, 16, 0], "rotation": 90, "texture": "#0"}
			}
		},
		{
			"from": [7.6, -2.1, 0.8],
			"to": [8.4, -1.8, 2],
			"rotation": {"angle": 45, "axis": "x", "origin": [8, 0.25, 4.2]},
			"faces": {
				"north": {"uv": [14.65782, 0.29844, 13.85782, 0], "texture": "#0"},
				"east": {"uv": [9.20937, 0.3, 10.40937, 0], "rotation": 180, "texture": "#0"},
				"south": {"uv": [16, 0, 15.2, 0.3], "texture": "#0"},
				"west": {"uv": [11.55313, 0.3, 12.75313, 0], "rotation": 180, "texture": "#0"},
				"up": {"uv": [7.99842, 0.8, 16, 0], "rotation": 90, "texture": "#0"},
				"down": {"uv": [7.99844, 0.8, 16, 0], "rotation": 90, "texture": "#0"}
			}
		},
		{
			"name": "cubo",
			"from": [6.9, 0, 0],
			"to": [9.1, 15.6, 0.6],
			"rotation": {"angle": 0, "axis": "y", "origin": [0, 0, 7.9]},
			"faces": {
				"north": {"uv": [0, 0, 15.95469, 0.92969], "rotation": 90, "texture": "#0"},
				"east": {"uv": [0.02188, 0, 15.92188, 0.6], "rotation": 90, "texture": "#0"},
				"south": {"uv": [0.4, 0, 15.89063, 0.92656], "rotation": 90, "texture": "#0"},
				"west": {"uv": [0, 0, 15.9, 0.6], "rotation": 90, "texture": "#0"},
				"up": {"uv": [1.03125, 0, 3.03125, 0.6], "rotation": 180, "texture": "#0"},
				"down": {"uv": [0, 0, 2, 0.6], "rotation": 180, "texture": "#0"}
			}
		},
		{
			"name": "cubo",
			"from": [7.2, 0, 0.6],
			"to": [8.8, 15.6, 0.8],
			"rotation": {"angle": 0, "axis": "y", "origin": [0, 0, 7.9]},
			"faces": {
				"north": {"uv": [0, 0, 15.75938, 0.8125], "rotation": 90, "texture": "#0"},
				"east": {"uv": [0.02188, 0, 15.62188, 0.2], "rotation": 90, "texture": "#0"},
				"south": {"uv": [0, 0, 15.70938, 0.81094], "rotation": 90, "texture": "#0"},
				"west": {"uv": [0, 0, 15.9, 0.6], "rotation": 90, "texture": "#0"},
				"up": {"uv": [4.10156, 0, 6.10156, 0.6], "rotation": 180, "texture": "#0"},
				"down": {"uv": [4.14844, 0, 6.14844, 0.6], "rotation": 180, "texture": "#0"}
			}
		},
		{
			"from": [6.9, 15.6, 0],
			"to": [9.1, 16.4, 9],
			"faces": {
				"north": {"uv": [7.28125, 0, 9.28125, 0.5], "rotation": 180, "texture": "#0"},
				"east": {"uv": [0, 0, 9, 0.5], "rotation": 180, "texture": "#0"},
				"south": {"uv": [5.17969, 7.37501, 5.67969, 9.37501], "rotation": 90, "texture": "#0"},
				"west": {"uv": [0, 0, 9, 0.8], "rotation": 180, "texture": "#0"},
				"up": {"uv": [7, 0, 16, 1.0125], "rotation": 90, "texture": "#0"},
				"down": {"uv": [7, 0, 16, 0.98438], "rotation": 90, "texture": "#0"}
			}
		},
		{
			"from": [7.5, 13.8, 0.8],
			"to": [8.6, 14.2, 8.3],
			"faces": {
				"north": {"uv": [14, 0, 16, 0.5], "rotation": 180, "texture": "#0"},
				"east": {"uv": [8.5, 0, 16, 0.4], "rotation": 180, "texture": "#0"},
				"south": {"uv": [13.96875, 2.96094, 14.46875, 4.96094], "rotation": 90, "texture": "#0"},
				"west": {"uv": [7, 0, 16, 0.5], "rotation": 180, "texture": "#0"},
				"up": {"uv": [7, 0, 16, 1.03906], "rotation": 90, "texture": "#0"},
				"down": {"uv": [7, 0, 16, 1.07031], "rotation": 90, "texture": "#0"}
			}
		},
		{
			"from": [7.6, 23.23033, 4.49246],
			"to": [8.5, 23.53033, 5.89246],
			"rotation": {"angle": -45, "axis": "x", "origin": [8.05, 13.53033, 15.09246]},
			"faces": {
				"north": {"uv": [0, 0.15625, 2, 0.65625], "rotation": 180, "texture": "#0"},
				"east": {"uv": [3.19531, 0, 12.19531, 0.5], "rotation": 180, "texture": "#0"},
				"south": {"uv": [3.07812, 0, 5.07812, 0.5], "rotation": 180, "texture": "#0"},
				"west": {"uv": [2.82031, 0.5, 11.82031, 0], "rotation": 180, "texture": "#0"},
				"up": {"uv": [0, 0, 9, 0.95313], "rotation": 90, "texture": "#0"},
				"down": {"uv": [7, 0, 16, 0.78906], "rotation": 90, "texture": "#0"}
			}
		},
		{
			"from": [7.8, 2.9, 2.8],
			"to": [8.3, 3.1, 6.2],
			"rotation": {"angle": 0, "axis": "y", "origin": [0, 0, -7]},
			"faces": {
				"north": {"uv": [7.29687, 15.8, 7.59687, 16], "rotation": 180, "texture": "#0"},
				"east": {"uv": [3.53125, 15.8, 6.73125, 16], "rotation": 180, "texture": "#0"},
				"south": {"uv": [5.92969, 15.72188, 6.42969, 15.52188], "rotation": 180, "texture": "#0"},
				"west": {"uv": [6.24219, 15.48438, 9.44219, 15.68438], "rotation": 180, "texture": "#0"},
				"up": {"uv": [0.72656, 15.5, 4.12656, 16], "rotation": 270, "texture": "#0"},
				"down": {"uv": [0, 15.7, 3.2, 16], "rotation": 270, "texture": "#0"}
			}
		},
		{
			"from": [7.8, 0.4, 4.4],
			"to": [8.3, 2.9, 4.6],
			"rotation": {"angle": 0, "axis": "y", "origin": [0, 0, -7]},
			"faces": {
				"north": {"uv": [0, 15.5, 2.5, 16], "rotation": 90, "texture": "#0"},
				"east": {"uv": [0, 15.8, 2.5, 16], "rotation": 90, "texture": "#0"},
				"south": {"uv": [0, 15.7, 2.5, 16], "rotation": 90, "texture": "#0"},
				"west": {"uv": [0, 15.8, 2.5, 16], "rotation": 90, "texture": "#0"},
				"up": {"uv": [6.55469, 15.48438, 6.75469, 15.98438], "rotation": 90, "texture": "#0"},
				"down": {"uv": [6.96094, 15.52344, 7.16094, 15.82344], "rotation": 90, "texture": "#0"}
			}
		},
		{
			"from": [7.8, 12.6, 2.8],
			"to": [8.3, 12.8, 6.2],
			"rotation": {"angle": 0, "axis": "y", "origin": [0, 0, -7]},
			"faces": {
				"north": {"uv": [0, 15.8, 0.3, 16], "rotation": 180, "texture": "#0"},
				"east": {"uv": [0, 15.8, 3.2, 16], "rotation": 180, "texture": "#0"},
				"south": {"uv": [0, 15.8, 0.3, 16], "rotation": 180, "texture": "#0"},
				"west": {"uv": [0, 15.8, 3.4, 16], "rotation": 180, "texture": "#0"},
				"up": {"uv": [0, 15.5, 3.4, 16], "rotation": 270, "texture": "#0"},
				"down": {"uv": [0, 15.5, 3.4, 16], "rotation": 270, "texture": "#0"}
			}
		},
		{
			"from": [7.8, 3.1, 5.9],
			"to": [8.3, 12.6, 6.2],
			"rotation": {"angle": 0, "axis": "y", "origin": [0, 0, -7]},
			"faces": {
				"north": {"uv": [4.35938, 15.24531, 14.75938, 15.54531], "rotation": 90, "texture": "#0"},
				"east": {"uv": [3.30469, 15.8, 13.70469, 16], "rotation": 90, "texture": "#0"},
				"south": {"uv": [0.8125, 16, 10.3125, 15.5], "rotation": 90, "texture": "#0"},
				"west": {"uv": [4.4375, 15.8, 14.8375, 16], "rotation": 90, "texture": "#0"},
				"up": {"uv": [0.03906, 15.5, 0.33906, 16], "rotation": 90, "texture": "#0"},
				"down": {"uv": [0, 15.7, 0.2, 16], "rotation": 90, "texture": "#0"}
			}
		},
		{
			"from": [7.8, 3.1, 2.8],
			"to": [8.3, 12.6, 3.1],
			"rotation": {"angle": 0, "axis": "y", "origin": [0, 0, -7]},
			"faces": {
				"north": {"uv": [0, 15.7, 10.4, 16], "rotation": 90, "texture": "#0"},
				"east": {"uv": [0, 15.8, 10.4, 16], "rotation": 90, "texture": "#0"},
				"south": {"uv": [0, 16, 9.5, 15.5], "rotation": 90, "texture": "#0"},
				"west": {"uv": [0, 15.8, 10.4, 16], "rotation": 90, "texture": "#0"},
				"up": {"uv": [0.64062, 15.5, 0.94062, 16], "rotation": 90, "texture": "#0"},
				"down": {"uv": [0, 15.7, 0.2, 16], "rotation": 90, "texture": "#0"}
			}
		},
		{
			"from": [7.8, 12.8, 4.4],
			"to": [8.3, 13.8, 4.6],
			"rotation": {"angle": 0, "axis": "y", "origin": [0, 0, -7]},
			"faces": {
				"north": {"uv": [0, 15.5, 1, 16], "rotation": 90, "texture": "#0"},
				"east": {"uv": [0.05469, 15.6, 1.05469, 15.8], "rotation": 90, "texture": "#0"},
				"south": {"uv": [0.05469, 15.5, 1.05469, 16], "rotation": 90, "texture": "#0"},
				"west": {"uv": [0.05469, 15.6, 1.05469, 15.8], "rotation": 90, "texture": "#0"},
				"up": {"uv": [0.05469, 15.3, 0.25469, 15.8], "rotation": 90, "texture": "#0"},
				"down": {"uv": [0.05469, 15.5, 0.25469, 16], "rotation": 90, "texture": "#0"}
			}
		},
		{
			"from": [7.9, 6.28855, 4.39514],
			"to": [8.2, 6.48855, 5.29514],
			"rotation": {"angle": -22.5, "axis": "x", "origin": [8.05, 6.69725, 4.78878]},
			"faces": {
				"north": {"uv": [5.04845, 13.62344, 5.44376, 12.13594], "rotation": 90, "texture": "#0"},
				"east": {"uv": [5.04845, 12.3125, 5.44376, 14.4], "rotation": 90, "texture": "#0"},
				"south": {"uv": [5.04845, 13.62344, 5.44376, 12.13594], "rotation": 90, "texture": "#0"},
				"west": {"uv": [5.04845, 12.3125, 5.44376, 14.4], "rotation": 90, "texture": "#0"},
				"up": {"uv": [5.04845, 13.62344, 5.74532, 12.13594], "rotation": 90, "texture": "#0"},
				"down": {"uv": [5.07188, 11.42031, 5.71407, 9.93281], "rotation": 90, "texture": "#0"}
			}
		},
		{
			"from": [7.9, 7.00866, 5.16014],
			"to": [8.2, 7.50866, 5.36014],
			"rotation": {"angle": 45, "axis": "x", "origin": [8.05, 6.69725, 4.78878]},
			"faces": {
				"north": {"uv": [5.18907, 13.4375, 5.68907, 13.7375], "rotation": 90, "texture": "#0"},
				"east": {"uv": [5.18907, 13.4375, 5.68907, 13.6375], "rotation": 90, "texture": "#0"},
				"south": {"uv": [5.18907, 13.4375, 5.68907, 13.7375], "rotation": 90, "texture": "#0"},
				"west": {"uv": [5.18907, 13.4375, 5.68907, 13.6375], "rotation": 90, "texture": "#0"},
				"up": {"uv": [5.18907, 13.4375, 5.38907, 13.7375], "rotation": 90, "texture": "#0"},
				"down": {"uv": [5.18907, 13.4375, 5.38907, 13.7375], "rotation": 90, "texture": "#0"}
			}
		},
		{
			"from": [7.9, 5.75371, 4.83095],
			"to": [8.2, 6.25371, 5.03095],
			"rotation": {"angle": 45, "axis": "x", "origin": [8.05, 6.69725, 4.78878]},
			"faces": {
				"north": {"uv": [5.27501, 12.36719, 5.77501, 12.66719], "rotation": 90, "texture": "#0"},
				"east": {"uv": [5.27501, 12.36719, 5.77501, 12.56719], "rotation": 90, "texture": "#0"},
				"south": {"uv": [5.27501, 12.36719, 5.77501, 12.66719], "rotation": 90, "texture": "#0"},
				"west": {"uv": [5.27501, 12.36719, 5.77501, 12.56719], "rotation": 90, "texture": "#0"},
				"up": {"uv": [5.27501, 12.36719, 5.47501, 12.66719], "rotation": 90, "texture": "#0"},
				"down": {"uv": [5.27501, 12.36719, 5.47501, 12.66719], "rotation": 90, "texture": "#0"}
			}
		},
		{
			"from": [7.9, 6.11243, 2.50973],
			"to": [8.2, 6.31243, 4.00973],
			"rotation": {"angle": -22.5, "axis": "x", "origin": [8.05, 6.69725, 4.78878]},
			"faces": {
				"north": {"uv": [5.38438, 13.29688, 5.58438, 13.59688], "rotation": 270, "texture": "#0"},
				"east": {"uv": [5.36094, 11.40625, 5.56095, 12.90625], "rotation": 90, "texture": "#0"},
				"south": {"uv": [5.32969, 13.13282, 5.5297, 13.43282], "rotation": 90, "texture": "#0"},
				"west": {"uv": [5.36094, 11.32813, 5.56094, 12.82813], "rotation": 90, "texture": "#0"},
				"up": {"uv": [5.32969, 11.21094, 5.6297, 12.71094], "rotation": 180, "texture": "#0"},
				"down": {"uv": [5.22032, 11.29688, 5.52032, 12.79688], "rotation": 180, "texture": "#0"}
			}
		},
		{
			"from": [7.9, 9.31392, 3.91799],
			"to": [8.2, 9.51392, 4.31799],
			"rotation": {"angle": -22.5, "axis": "x", "origin": [8.05, 8.53864, 4.58112]},
			"faces": {
				"north": {"uv": [5.22032, 13.32813, 5.42032, 13.62813], "rotation": 270, "texture": "#0"},
				"east": {"uv": [5.04843, 10.14063, 5.44845, 10.34062], "rotation": 180, "texture": "#0"},
				"south": {"uv": [5.44688, 13.04688, 5.64688, 13.34688], "rotation": 90, "texture": "#0"},
				"west": {"uv": [5.13438, 12.08594, 5.53438, 12.28594], "texture": "#0"},
				"up": {"uv": [5.04845, 10.75782, 5.44845, 11.05782], "rotation": 90, "texture": "#0"},
				"down": {"uv": [5.15782, 1.3125, 5.6672, 1.58125], "rotation": 270, "texture": "#0"}
			}
		},
		{
			"from": [7.9, 8.99528, 4.07498],
			"to": [8.2, 9.19528, 4.57498],
			"rotation": {"angle": 22.5, "axis": "x", "origin": [8.05, 8.53864, 4.58112]},
			"faces": {
				"north": {"uv": [5.36094, 13.07032, 5.56095, 13.37032], "rotation": 270, "texture": "#0"},
				"east": {"uv": [5.04843, 10.14063, 5.54844, 10.34062], "rotation": 180, "texture": "#0"},
				"south": {"uv": [5.47032, 12.45313, 5.67032, 12.75313], "rotation": 90, "texture": "#0"},
				"west": {"uv": [5.22032, 11.71875, 5.72032, 11.91875], "texture": "#0"},
				"up": {"uv": [5.04845, 10.75782, 5.54844, 11.05782], "rotation": 90, "texture": "#0"},
				"down": {"uv": [5.15782, 1.3125, 5.76719, 1.58125], "rotation": 270, "texture": "#0"}
			}
		},
		{
			"from": [7.9, 8.66609, 5.32994],
			"to": [8.2, 8.86609, 5.82994],
			"rotation": {"angle": 22.5, "axis": "x", "origin": [8.05, 8.53864, 4.58112]},
			"faces": {
				"north": {"uv": [5.32969, 13.57813, 5.5297, 13.87813], "rotation": 270, "texture": "#0"},
				"east": {"uv": [5.04843, 10.14063, 5.54844, 10.34062], "rotation": 180, "texture": "#0"},
				"south": {"uv": [5.38438, 12.90625, 5.58438, 13.20625], "rotation": 90, "texture": "#0"},
				"west": {"uv": [5.24376, 12.25782, 5.74376, 12.45782], "texture": "#0"},
				"up": {"uv": [5.04845, 10.75782, 5.54844, 11.05782], "rotation": 90, "texture": "#0"},
				"down": {"uv": [5.15782, 1.3125, 5.76719, 1.58125], "rotation": 270, "texture": "#0"}
			}
		},
		{
			"from": [7.9, 6.20149, 6.28522],
			"to": [8.2, 6.60149, 6.48522],
			"rotation": {"angle": -45, "axis": "x", "origin": [8.05, 6.72789, 4.04606]},
			"faces": {
				"north": {"uv": [5.24376, 13.66407, 5.64376, 13.96407], "rotation": 90, "texture": "#0"},
				"east": {"uv": [5.27501, 13.32813, 5.67501, 13.52813], "rotation": 90, "texture": "#0"},
				"south": {"uv": [5.24376, 12.84375, 5.64376, 13.14375], "rotation": 90, "texture": "#0"},
				"west": {"uv": [5.15782, 11.85938, 5.55782, 12.05938], "rotation": 90, "texture": "#0"},
				"up": {"uv": [5.27501, 10.875, 5.47501, 11.175], "rotation": 90, "texture": "#0"},
				"down": {"uv": [5.32969, 12.05469, 5.5297, 12.35469], "rotation": 90, "texture": "#0"}
			}
		},
		{
			"from": [7.9, 7.89559, 4.98543],
			"to": [8.2, 8.79559, 5.18543],
			"rotation": {"angle": -45, "axis": "x", "origin": [8.05, 8.53864, 4.58112]},
			"faces": {
				"north": {"uv": [5.13438, 12.28907, 5.87032, 11.4875], "rotation": 90, "texture": "#0"},
				"east": {"uv": [5.04843, 10.14063, 5.94845, 10.34062], "rotation": 90, "texture": "#0"},
				"south": {"uv": [5.04845, 13.69532, 5.94845, 13.99532], "rotation": 90, "texture": "#0"},
				"west": {"uv": [5.0797, 12.82032, 5.9797, 13.02032], "rotation": 90, "texture": "#0"},
				"up": {"uv": [5.04845, 10.75782, 5.24845, 11.05782], "rotation": 90, "texture": "#0"},
				"down": {"uv": [5.15782, 1.3125, 5.4672, 1.58125], "rotation": 90, "texture": "#0"}
			}
		},
		{
			"from": [7.9, 9.13898, 3.96479],
			"to": [8.2, 9.33898, 4.36479],
			"rotation": {"angle": 0, "axis": "y", "origin": [8.05, 8.53864, 4.58112]},
			"faces": {
				"north": {"uv": [5.18907, 11.89063, 5.38907, 12.19063], "rotation": 270, "texture": "#0"},
				"east": {"uv": [5.04843, 10.14063, 5.44845, 10.34062], "rotation": 180, "texture": "#0"},
				"south": {"uv": [5.27501, 13.35157, 5.47501, 13.65157], "rotation": 90, "texture": "#0"},
				"west": {"uv": [5.15782, 12.67969, 5.55782, 12.87969], "texture": "#0"},
				"up": {"uv": [5.04845, 10.75782, 5.44845, 11.05782], "rotation": 90, "texture": "#0"},
				"down": {"uv": [5.15782, 1.3125, 5.6672, 1.58125], "rotation": 270, "texture": "#0"}
			}
		},
		{
			"from": [7.9, 9.00113, 3.27178],
			"to": [8.2, 9.20113, 3.67178],
			"rotation": {"angle": 0, "axis": "y", "origin": [8.05, 8.53864, 4.58112]},
			"faces": {
				"north": {"uv": [3.32969, 13.97657, 3.5297, 14.27657], "rotation": 270, "texture": "#0"},
				"east": {"uv": [5.04843, 10.14063, 5.44845, 10.34062], "rotation": 180, "texture": "#0"},
				"south": {"uv": [2.98594, 13.01563, 3.18595, 13.31563], "rotation": 90, "texture": "#0"},
				"west": {"uv": [5.0797, 12.08594, 5.4797, 12.28594], "texture": "#0"},
				"up": {"uv": [5.04845, 10.75782, 5.44845, 11.05782], "rotation": 90, "texture": "#0"},
				"down": {"uv": [5.15782, 1.3125, 5.6672, 1.58125], "rotation": 270, "texture": "#0"}
			}
		},
		{
			"from": [7.9, 10.44506, 5.59045],
			"to": [8.2, 10.64506, 6.09045],
			"rotation": {"angle": 0, "axis": "y", "origin": [8.05, 11.0731, 4.50786]},
			"faces": {
				"north": {"uv": [5.47032, 13.5, 5.67032, 13.8], "rotation": 270, "texture": "#0"},
				"east": {"uv": [5.04843, 10.14063, 5.54844, 10.34062], "texture": "#0"},
				"south": {"uv": [5.24376, 13.07032, 5.44376, 13.37032], "rotation": 90, "texture": "#0"},
				"west": {"uv": [5.13438, 12.39844, 5.63438, 12.59844], "rotation": 180, "texture": "#0"},
				"up": {"uv": [5.04845, 10.75782, 5.54844, 11.05782], "rotation": 270, "texture": "#0"},
				"down": {"uv": [5.15782, 1.3125, 5.76719, 1.58125], "rotation": 90, "texture": "#0"}
			}
		},
		{
			"from": [7.9, 10.30721, 4.89744],
			"to": [8.2, 10.50721, 5.29744],
			"rotation": {"angle": 0, "axis": "y", "origin": [8.05, 11.0731, 4.50786]},
			"faces": {
				"north": {"uv": [5.47032, 13.85938, 5.67032, 14.15938], "rotation": 270, "texture": "#0"},
				"east": {"uv": [5.04843, 10.14063, 5.44845, 10.34062], "texture": "#0"},
				"south": {"uv": [3.32969, 13.1875, 3.5297, 13.4875], "rotation": 90, "texture": "#0"},
				"west": {"uv": [5.15782, 13.27344, 5.55782, 13.47344], "rotation": 180, "texture": "#0"},
				"up": {"uv": [5.04845, 10.75782, 5.44845, 11.05782], "rotation": 270, "texture": "#0"},
				"down": {"uv": [5.15782, 1.3125, 5.6672, 1.58125], "rotation": 90, "texture": "#0"}
			}
		},
		{
			"from": [7.9, 10.718, 4.05043],
			"to": [8.2, 11.618, 4.25043],
			"rotation": {"angle": -45, "axis": "x", "origin": [8.05, 11.0731, 4.50786]},
			"faces": {
				"north": {"uv": [5.13438, 12.28907, 5.87032, 11.4875], "rotation": 270, "texture": "#0"},
				"east": {"uv": [5.04843, 10.14063, 5.94845, 10.34062], "rotation": 270, "texture": "#0"},
				"south": {"uv": [5.04845, 13.69532, 5.94845, 13.99532], "rotation": 270, "texture": "#0"},
				"west": {"uv": [5.0797, 12.82032, 5.9797, 13.02032], "rotation": 270, "texture": "#0"},
				"up": {"uv": [5.04845, 10.75782, 5.24845, 11.05782], "rotation": 90, "texture": "#0"},
				"down": {"uv": [5.15782, 1.3125, 5.4672, 1.58125], "rotation": 90, "texture": "#0"}
			}
		},
		{
			"from": [7.9, 12.00341, 3.87431],
			"to": [8.2, 12.70341, 4.07431],
			"rotation": {"angle": -45, "axis": "x", "origin": [8.05, 11.0731, 4.50786]},
			"faces": {
				"north": {"uv": [5.13438, 12.28907, 5.67032, 11.4875], "rotation": 270, "texture": "#0"},
				"east": {"uv": [5.04843, 10.14063, 5.74845, 10.34062], "rotation": 270, "texture": "#0"},
				"south": {"uv": [5.04845, 13.69532, 5.74845, 13.99532], "rotation": 270, "texture": "#0"},
				"west": {"uv": [5.0797, 12.82032, 5.7797, 13.02032], "rotation": 270, "texture": "#0"},
				"up": {"uv": [5.04845, 10.75782, 5.24845, 11.05782], "rotation": 90, "texture": "#0"},
				"down": {"uv": [5.15782, 1.3125, 5.4672, 1.58125], "rotation": 90, "texture": "#0"}
			}
		},
		{
			"from": [7.9, 10.84379, 3.40592],
			"to": [8.2, 11.04379, 3.90592],
			"rotation": {"angle": 22.5, "axis": "x", "origin": [8.05, 11.0731, 4.50786]},
			"faces": {
				"north": {"uv": [5.38438, 13.83594, 5.58438, 14.13594], "rotation": 270, "texture": "#0"},
				"east": {"uv": [5.13438, 13.15625, 5.63438, 13.35625], "texture": "#0"},
				"south": {"uv": [5.32969, 13.60938, 5.5297, 13.90938], "rotation": 90, "texture": "#0"},
				"west": {"uv": [5.22032, 12.53907, 5.72032, 12.73907], "rotation": 180, "texture": "#0"},
				"up": {"uv": [5.13438, 11.77344, 5.63438, 12.07344], "rotation": 270, "texture": "#0"},
				"down": {"uv": [5.15782, 11.29688, 5.65782, 11.59688], "rotation": 90, "texture": "#0"}
			}
		},
		{
			"from": [7.9, 10.5146, 4.66088],
			"to": [8.2, 10.7146, 5.16088],
			"rotation": {"angle": 22.5, "axis": "x", "origin": [8.05, 11.0731, 4.50786]},
			"faces": {
				"north": {"uv": [3.12657, 13.83594, 3.32657, 14.13594], "rotation": 270, "texture": "#0"},
				"east": {"uv": [5.04843, 10.14063, 5.54844, 10.34062], "texture": "#0"},
				"south": {"uv": [3.43907, 13.15625, 3.63907, 13.45625], "rotation": 90, "texture": "#0"},
				"west": {"uv": [5.13438, 12.28125, 5.63438, 12.48125], "rotation": 180, "texture": "#0"},
				"up": {"uv": [5.04845, 10.75782, 5.54844, 11.05782], "rotation": 270, "texture": "#0"},
				"down": {"uv": [5.15782, 1.3125, 5.76719, 1.58125], "rotation": 90, "texture": "#0"}
			}
		},
		{
			"from": [7.9, 10.06335, 4.94424],
			"to": [8.2, 10.26335, 5.34424],
			"rotation": {"angle": -22.5, "axis": "x", "origin": [8.05, 11.0731, 4.50786]},
			"faces": {
				"north": {"uv": [3.07188, 14.14844, 3.27188, 14.44844], "rotation": 270, "texture": "#0"},
				"east": {"uv": [5.04843, 10.14063, 5.44845, 10.34062], "texture": "#0"},
				"south": {"uv": [3.55626, 13.41407, 3.75626, 13.71407], "rotation": 90, "texture": "#0"},
				"west": {"uv": [5.13438, 12.48594, 5.53438, 12.28594], "rotation": 180, "texture": "#0"},
				"up": {"uv": [5.04845, 10.75782, 5.44845, 11.05782], "rotation": 270, "texture": "#0"},
				"down": {"uv": [5.15782, 1.3125, 5.6672, 1.58125], "rotation": 90, "texture": "#0"}
			}
		},
		{
			"from": [7.9, 9.45177, 3.22497],
			"to": [8.2, 9.65177, 3.62497],
			"rotation": {"angle": -22.5, "axis": "x", "origin": [8.05, 8.53864, 4.58112]},
			"faces": {
				"north": {"uv": [5.41563, 12.22657, 5.61563, 12.52657], "rotation": 270, "texture": "#0"},
				"east": {"uv": [5.04843, 10.14063, 5.44845, 10.34062], "rotation": 180, "texture": "#0"},
				"south": {"uv": [5.27501, 11.94532, 5.47501, 12.24532], "rotation": 90, "texture": "#0"},
				"west": {"uv": [5.36094, 13.21094, 5.76095, 13.41094], "texture": "#0"},
				"up": {"uv": [5.04845, 10.75782, 5.44845, 11.05782], "rotation": 90, "texture": "#0"},
				"down": {"uv": [5.15782, 1.3125, 5.6672, 1.58125], "rotation": 270, "texture": "#0"}
			}
		},
		{
			"from": [7.9, 7.22824, 5.42716],
			"to": [8.2, 7.62824, 5.62716],
			"rotation": {"angle": 22.5, "axis": "x", "origin": [8.05, 6.69725, 4.78878]},
			"faces": {
				"north": {"uv": [5.24376, 11.85938, 5.64376, 12.15938], "rotation": 90, "texture": "#0"},
				"east": {"uv": [5.24376, 11.85938, 5.64376, 12.05938], "rotation": 90, "texture": "#0"},
				"south": {"uv": [5.24376, 11.85938, 5.64376, 12.15938], "rotation": 90, "texture": "#0"},
				"west": {"uv": [5.24376, 11.85938, 5.64376, 12.05938], "rotation": 90, "texture": "#0"},
				"up": {"uv": [5.24376, 11.85938, 5.44376, 12.15938], "rotation": 90, "texture": "#0"},
				"down": {"uv": [5.24376, 11.85938, 5.44376, 12.15938], "rotation": 90, "texture": "#0"}
			}
		},
		{
			"from": [7.9, 7.23654, 5.71962],
			"to": [8.2, 7.63654, 5.91962],
			"rotation": {"angle": 0, "axis": "y", "origin": [8.05, 6.69725, 4.78878]},
			"faces": {
				"north": {"uv": [5.10313, 12.48438, 5.50313, 12.78438], "rotation": 90, "texture": "#0"},
				"east": {"uv": [5.10313, 12.48438, 5.50313, 12.68438], "rotation": 90, "texture": "#0"},
				"south": {"uv": [5.10313, 12.48438, 5.50313, 12.78438], "rotation": 90, "texture": "#0"},
				"west": {"uv": [5.10313, 12.48438, 5.50313, 12.68438], "rotation": 90, "texture": "#0"},
				"up": {"uv": [5.10313, 12.48438, 5.30313, 12.78438], "rotation": 90, "texture": "#0"},
				"down": {"uv": [5.10313, 12.48438, 5.30313, 12.78438], "rotation": 90, "texture": "#0"}
			}
		},
		{
			"from": [7.9, 7.92126, 5.28931],
			"to": [8.2, 8.32126, 5.48931],
			"rotation": {"angle": 22.5, "axis": "x", "origin": [8.05, 6.69725, 4.78878]},
			"faces": {
				"north": {"uv": [5.13438, 13.13282, 5.53438, 13.43282], "rotation": 90, "texture": "#0"},
				"east": {"uv": [5.13438, 13.13282, 5.53438, 13.33282], "rotation": 90, "texture": "#0"},
				"south": {"uv": [5.13438, 13.13282, 5.53438, 13.43282], "rotation": 90, "texture": "#0"},
				"west": {"uv": [5.13438, 13.13282, 5.53438, 13.33281], "rotation": 90, "texture": "#0"},
				"up": {"uv": [5.13438, 13.13282, 5.33438, 13.43282], "rotation": 90, "texture": "#0"},
				"down": {"uv": [5.13438, 13.13282, 5.33438, 13.43282], "rotation": 90, "texture": "#0"}
			}
		},
		{
			"from": [7.9, 3.44036, 5.52678],
			"to": [8.2, 3.64036, 5.92678],
			"rotation": {"angle": 0, "axis": "y", "origin": [8.05, 3.99947, 4.44419]},
			"faces": {
				"north": {"uv": [5.24376, 13.07032, 5.44376, 13.37032], "rotation": 270, "texture": "#0"},
				"east": {"uv": [5.24376, 13.07032, 5.64376, 13.27032], "texture": "#0"},
				"south": {"uv": [5.24376, 13.07032, 5.44376, 13.37032], "rotation": 90, "texture": "#0"},
				"west": {"uv": [5.24376, 13.07032, 5.64376, 13.27031], "rotation": 180, "texture": "#0"},
				"up": {"uv": [5.24376, 13.07032, 5.64376, 13.37032], "rotation": 270, "texture": "#0"},
				"down": {"uv": [5.24376, 13.07032, 5.64376, 13.37032], "rotation": 90, "texture": "#0"}
			}
		},
		{
			"from": [7.9, 3.05341, 4.90694],
			"to": [8.2, 3.25341, 5.30694],
			"rotation": {"angle": -22.5, "axis": "x", "origin": [8.05, 3.99947, 4.44419]},
			"faces": {
				"north": {"uv": [5.18907, 13.35157, 5.38907, 13.65157], "rotation": 270, "texture": "#0"},
				"east": {"uv": [5.18907, 13.35157, 5.58907, 13.55157], "texture": "#0"},
				"south": {"uv": [5.18907, 13.35157, 5.38907, 13.65157], "rotation": 90, "texture": "#0"},
				"west": {"uv": [5.18907, 13.35157, 5.58907, 13.55156], "rotation": 180, "texture": "#0"},
				"up": {"uv": [5.18907, 13.35157, 5.58907, 13.65157], "rotation": 270, "texture": "#0"},
				"down": {"uv": [5.18907, 13.35157, 5.58907, 13.65157], "rotation": 90, "texture": "#0"}
			}
		},
		{
			"from": [7.9, 3.30251, 4.83376],
			"to": [8.2, 3.50251, 5.23376],
			"rotation": {"angle": 0, "axis": "y", "origin": [8.05, 3.99947, 4.44419]},
			"faces": {
				"north": {"uv": [5.22032, 13.10157, 5.42032, 13.40157], "rotation": 270, "texture": "#0"},
				"east": {"uv": [5.22032, 13.10157, 5.62032, 13.30157], "texture": "#0"},
				"south": {"uv": [5.22032, 13.10157, 5.42032, 13.40157], "rotation": 90, "texture": "#0"},
				"west": {"uv": [5.22032, 13.10157, 5.62032, 13.30156], "rotation": 180, "texture": "#0"},
				"up": {"uv": [5.22032, 13.10157, 5.62032, 13.40157], "rotation": 270, "texture": "#0"},
				"down": {"uv": [5.22032, 13.10157, 5.62032, 13.40157], "rotation": 90, "texture": "#0"}
			}
		},
		{
			"from": [7.9, 3.50465, 4.57082],
			"to": [8.2, 3.70465, 5.07082],
			"rotation": {"angle": 22.5, "axis": "x", "origin": [8.05, 3.99947, 4.44419]},
			"faces": {
				"north": {"uv": [5.10313, 13.07032, 5.30313, 13.37032], "rotation": 270, "texture": "#0"},
				"east": {"uv": [5.10313, 13.07032, 5.60313, 13.27032], "texture": "#0"},
				"south": {"uv": [5.10313, 13.07032, 5.30313, 13.37032], "rotation": 90, "texture": "#0"},
				"west": {"uv": [5.10313, 13.07032, 5.60313, 13.27031], "rotation": 180, "texture": "#0"},
				"up": {"uv": [5.10313, 13.07032, 5.60313, 13.37032], "rotation": 270, "texture": "#0"},
				"down": {"uv": [5.10313, 13.07032, 5.60313, 13.37032], "rotation": 90, "texture": "#0"}
			}
		},
		{
			"from": [7.9, 3.59078, 3.85054],
			"to": [8.2, 3.79078, 4.75054],
			"rotation": {"angle": 45, "axis": "x", "origin": [8.05, 3.99947, 4.44419]},
			"faces": {
				"north": {"uv": [5.10313, 12, 5.30313, 12.3], "rotation": 270, "texture": "#0"},
				"east": {"uv": [5.10313, 12, 6.00313, 12.2], "texture": "#0"},
				"south": {"uv": [5.10313, 12, 5.30313, 12.3], "rotation": 90, "texture": "#0"},
				"west": {"uv": [5.10313, 12, 6.00313, 12.2], "rotation": 180, "texture": "#0"},
				"up": {"uv": [5.10313, 12, 6.00313, 12.3], "rotation": 270, "texture": "#0"},
				"down": {"uv": [5.10313, 12, 6.00313, 12.3], "rotation": 90, "texture": "#0"}
			}
		},
		{
			"from": [7.9, 3.41466, 2.76514],
			"to": [8.2, 3.61466, 3.46514],
			"rotation": {"angle": 45, "axis": "x", "origin": [8.05, 3.99947, 4.44419]},
			"faces": {
				"north": {"uv": [5.15782, 13.21094, 5.35782, 13.51094], "rotation": 270, "texture": "#0"},
				"east": {"uv": [5.15782, 13.21094, 5.85782, 13.41094], "texture": "#0"},
				"south": {"uv": [5.15782, 13.21094, 5.35782, 13.51094], "rotation": 90, "texture": "#0"},
				"west": {"uv": [5.15782, 13.21094, 5.85782, 13.41094], "rotation": 180, "texture": "#0"},
				"up": {"uv": [5.15782, 13.21094, 5.85782, 13.51094], "rotation": 270, "texture": "#0"},
				"down": {"uv": [5.15782, 13.21094, 5.85782, 13.51094], "rotation": 90, "texture": "#0"}
			}
		},
		{
			"from": [7.9, 3.83384, 3.31587],
			"to": [8.2, 4.03384, 3.81587],
			"rotation": {"angle": 22.5, "axis": "x", "origin": [8.05, 3.99947, 4.44419]},
			"faces": {
				"north": {"uv": [5.27501, 13.5, 5.47501, 13.8], "rotation": 270, "texture": "#0"},
				"east": {"uv": [5.27501, 13.5, 5.77501, 13.7], "texture": "#0"},
				"south": {"uv": [5.27501, 13.5, 5.47501, 13.8], "rotation": 90, "texture": "#0"},
				"west": {"uv": [5.27501, 13.5, 5.77501, 13.7], "rotation": 180, "texture": "#0"},
				"up": {"uv": [5.27501, 13.5, 5.77501, 13.8], "rotation": 270, "texture": "#0"},
				"down": {"uv": [5.27501, 13.5, 5.77501, 13.8], "rotation": 90, "texture": "#0"}
			}
		}
	],
	"display": {
		"thirdperson_righthand": {
			"rotation": [75, 315, 0],
			"translation": [0, 2.5, 0],
			"scale": [0.375, 0.375, 0.375]
		},
		"firstperson_righthand": {
			"rotation": [0, 315, 0],
			"translation": [0, 2.5, 0],
			"scale": [0.4, 0.4, 0.4]
		},
		"ground": {
			"translation": [0, 3, 0],
			"scale": [0.25, 0.25, 0.25]
		},
		"gui": {
			"rotation": [30, 45, 0],
			"scale": [0.625, 0.625, 0.625]
		},
		"head": {
			"rotation": [0, 180, 0]
		},
		"fixed": {
			"rotation": [0, 180, 0]
		}
	},
	"groups": [
		0,
		1,
		2,
		3,
		4,
		5,
		{
			"name": "group",
			"origin": [0, 0, 0],
			"color": 0,
			"children": []
		},
		{
			"name": "group",
			"origin": [8.05, 5.6731, 4.00786],
			"color": 0,
			"children": []
		},
		{
			"name": "group",
			"origin": [8.05, 5.6731, 4.00786],
			"color": 0,
			"children": []
		},
		6,
		{
			"name": "group",
			"origin": [10.05, 3.99947, 4.44419],
			"color": 0,
			"children": [7, 8, 9, 10, 11, 12, 13, 14, 15, 16, 17, 18, 19, 20, 21, 22, 23, 24, 25, 26, 27, 28, 29, 30, 31, 32, 33, 34, 35, 36, 37, 38, 39, 40, 41]
		}
	]
}