{
	"credit": "Made with Blockbench",
	"textures": {
		"1": "block/item_frame_rim",
		"3": "block/item_frame",
		"particle": "block/item_frame_rim"
	},
	"elements": [
		{
			"from": [2, 1.9, 15.5],
			"to": [14, 14.2, 16],
			"faces": {
				"north": {"uv": [1.07031, 1.04688, 14.97656, 14.92969], "texture": "#3"},
				"east": {"uv": [0, 0, 1.03711, 1.21289], "texture": "#3"},
				"south": {"uv": [1.07031, 1.04688, 14.97656, 14.92969], "texture": "#3"},
				"west": {"uv": [0, 0, 1.0625, 1.13867], "texture": "#3"},
				"up": {"uv": [0, 0, 0, 0], "texture": "#3"},
				"down": {"uv": [0, 0, 0, 0], "texture": "#3"}
			}
		},
		{
			"from": [2, 0.8, 14.8],
			"to": [14, 1.9, 16],
			"faces": {
				"north": {"uv": [1.20313, 14.8, 14.78906, 16], "texture": "#1"},
				"east": {"uv": [0, 13, 1, 14], "texture": "#1"},
				"south": {"uv": [1.97656, 0, 13.97656, 1.2], "texture": "#1"},
				"west": {"uv": [15, 13, 16, 14], "texture": "#1"},
				"up": {"uv": [2, 15, 14, 16], "texture": "#1"},
				"down": {"uv": [1.95313, 0, 13.95313, 1], "texture": "#1"}
			}
		},
		{
			"from": [2, 14.2, 14.8],
			"to": [14, 15.3, 16],
			"faces": {
				"north": {"uv": [1.10938, 0, 14.89063, 1.1], "texture": "#1"},
				"east": {"uv": [0, 2, 1, 3], "texture": "#1"},
				"south": {"uv": [1.99219, 0, 13.99219, 1.3], "texture": "#1"},
				"west": {"uv": [15, 2, 16, 3], "texture": "#1"},
				"up": {"uv": [2, 15, 14, 16], "texture": "#1"},
				"down": {"uv": [2, 0, 14, 1], "texture": "#1"}
			}
		},
		{
			"from": [0.8, 0.8, 14.8],
			"to": [2, 15.3, 16],
			"faces": {
				"north": {"uv": [14.8, 0, 16, 16], "texture": "#1"},
				"east": {"uv": [0, 0, 1, 14.5], "texture": "#1"},
				"south": {"uv": [0, 0, 1.2, 16], "texture": "#1"},
				"west": {"uv": [0, 1.1875, 1, 14.39844], "texture": "#1"},
				"up": {"uv": [2.25, 0, 3.45, 1], "texture": "#1"},
				"down": {"uv": [2.20313, 0, 3.40313, 1], "texture": "#1"}
			}
		},
		{
			"from": [14, 0.8, 14.8],
			"to": [15.2, 15.3, 16],
			"faces": {
				"north": {"uv": [0, 0, 1.2, 16], "texture": "#1"},
				"east": {"uv": [0, 1.41406, 1, 14.77344], "texture": "#1"},
				"south": {"uv": [14.8, 0, 16, 16], "texture": "#1"},
				"west": {"uv": [0, 0, 1, 14.5], "texture": "#1"},
				"up": {"uv": [1.92969, 0, 3.12969, 1], "texture": "#1"},
				"down": {"uv": [1.95313, 0, 3.15312, 1], "texture": "#1"}
			}
		}
	],
	"display": {
		"thirdperson_righthand": {
			"rotation": [17, 0, 0],
			"translation": [0, 0, -3.25],
			"scale": [0.39258, 0.39258, 0.39258]
		},
		"thirdperson_lefthand": {
			"translation": [0, 0, -3.25],
			"scale": [0.41016, 0.41016, 0.41016]
		},
		"firstperson_righthand": {
			"rotation": [-1.35, -41.56, -27.56],
			"translation": [0, 2.25, 0],
			"scale": [0.37109, 0.37109, 0.37109]
		},
		"firstperson_lefthand": {
			"rotation": [-19.71, -34.93, -43.7],
			"translation": [0, 0.75, 0],
			"scale": [0.40234, 0.40234, 0.40234]
		},
		"ground": {
			"scale": [0.375, 0.375, 0.375]
		},
		"fixed": {
			"translation": [0, 0, -8.5]
		}
	}
}