{
	"credit": "Made with Blockbench",
	"textures": {
		"0": "block/ladder",
		"1": "block/ladder_front",
		"particle": "block/ladder"
	},
	"elements": [
		{
			"from": [1.4, 0, 15.1],
			"to": [3.2, 16, 15.7],
			"rotation": {"angle": 0, "axis": "y", "origin": [0.8, 8, 15.1]},
			"faces": {
				"north": {"uv": [12.15625, 0, 13.95625, 16], "rotation": 180, "texture": "#1"},
				"east": {"uv": [12.15625, 0, 12.75625, 16], "rotation": 180, "texture": "#1"},
				"south": {"uv": [12.15625, 0, 13.95625, 16], "rotation": 180, "texture": "#1"},
				"west": {"uv": [12.15625, 0, 12.75625, 16], "rotation": 180, "texture": "#1"},
				"up": {"uv": [12.15625, 0, 13.95625, 0.6], "rotation": 180, "texture": "#1"},
				"down": {"uv": [12.15625, 0, 13.95625, 0.6], "rotation": 180, "texture": "#1"}
			}
		},
		{
			"from": [12.8, 0, 15.1],
			"to": [14.6, 16, 15.7],
			"rotation": {"angle": 0, "axis": "y", "origin": [15.2, 8, 15.1]},
			"faces": {
				"north": {"uv": [2.15625, 0, 3.95625, 16], "rotation": 180, "texture": "#1"},
				"east": {"uv": [2.15625, 0, 2.75625, 16], "rotation": 180, "texture": "#1"},
				"south": {"uv": [2.15625, 0, 3.95625, 16], "rotation": 180, "texture": "#1"},
				"west": {"uv": [2.15625, 0, 2.75625, 16], "rotation": 180, "texture": "#1"},
				"up": {"uv": [2.15625, 0, 3.95625, 0.6], "rotation": 180, "texture": "#1"},
				"down": {"uv": [2.15625, 0, 3.95625, 0.6], "rotation": 180, "texture": "#1"}
			}
		},
		{
			"from": [0.5, 5.2, 14.6],
			"to": [15.4, 7, 15.1],
			"rotation": {"angle": 0, "axis": "x", "origin": [8, 7.95, 15.15]},
			"faces": {
				"north": {"uv": [1.00782, 9.0625, 14.96876, 10.93282], "rotation": 180, "texture": "#0"},
				"east": {"uv": [5.17969, 10.07032, 6.94063, 10.37032], "rotation": 270, "texture": "#0"},
				"south": {"uv": [1.00782, 9.13282, 14.96876, 10.93282], "texture": "#0"},
				"west": {"uv": [5.25, 10.14063, 7.01094, 10.44063], "rotation": 90, "texture": "#0"},
				"up": {"uv": [1.00782, 9.13282, 14.96876, 9.43282], "rotation": 180, "texture": "#0"},
				"down": {"uv": [1.00782, 9.13282, 14.96876, 9.43282], "texture": "#0"}
			}
		},
		{
			"from": [0.5, 9.2, 14.6],
			"to": [15.4, 11, 15.1],
			"rotation": {"angle": 0, "axis": "x", "origin": [8, 7.95, 15.15]},
			"faces": {
				"north": {"uv": [1.04688, 5.03907, 14.97657, 6.90938], "rotation": 180, "texture": "#0"},
				"east": {"uv": [5.21875, 6.04688, 6.94844, 6.34688], "rotation": 270, "texture": "#0"},
				"south": {"uv": [1.04688, 5.10938, 14.97657, 6.90938], "texture": "#0"},
				"west": {"uv": [5.28906, 6.11719, 7.01875, 6.41719], "rotation": 90, "texture": "#0"},
				"up": {"uv": [1.04688, 5.10938, 14.97657, 5.40938], "rotation": 180, "texture": "#0"},
				"down": {"uv": [1.04688, 5.10938, 14.97657, 5.40938], "texture": "#0"}
			}
		},
		{
			"from": [0.5, 12.9, 14.6],
			"to": [15.4, 14.7, 15.1],
			"rotation": {"angle": 0, "axis": "x", "origin": [8, 7.95, 15.15]},
			"faces": {
				"north": {"uv": [1.07813, 1.11719, 14.85938, 2.9875], "rotation": 180, "texture": "#0"},
				"east": {"uv": [5.25, 2.125, 6.83125, 2.425], "rotation": 270, "texture": "#0"},
				"south": {"uv": [1.07813, 1.1875, 14.85938, 2.9875], "texture": "#0"},
				"west": {"uv": [5.32031, 2.19532, 6.90156, 2.49531], "rotation": 90, "texture": "#0"},
				"up": {"uv": [1.07813, 1.1875, 14.85938, 1.4875], "rotation": 180, "texture": "#0"},
				"down": {"uv": [1.07813, 1.1875, 14.85938, 1.4875], "texture": "#0"}
			}
		},
		{
			"from": [0.5, 1.5, 14.6],
			"to": [15.4, 3.3, 15.1],
			"rotation": {"angle": 0, "axis": "x", "origin": [8, 7.95, 15.15]},
			"faces": {
				"north": {"uv": [1.04688, 13.01719, 14.96876, 14.8875], "rotation": 180, "texture": "#0"},
				"east": {"uv": [5.21875, 14.025, 6.94063, 14.325], "rotation": 270, "texture": "#0"},
				"south": {"uv": [1.04688, 13.0875, 14.96876, 14.8875], "texture": "#0"},
				"west": {"uv": [5.28906, 14.09532, 7.01094, 14.39531], "rotation": 90, "texture": "#0"},
				"up": {"uv": [1.04688, 13.0875, 14.96876, 13.3875], "rotation": 180, "texture": "#0"},
				"down": {"uv": [1.04688, 13.0875, 14.96876, 13.3875], "texture": "#0"}
			}
		}
	],
	"display": {
		"thirdperson_righthand": {
			"rotation": [57.54, -1.75, 89.1],
			"translation": [-6.25, 6.5, 1.75]
		},
		"thirdperson_lefthand": {
			"rotation": [56.79, 10.52, -101.93],
			"translation": [8.75, 6.75, 0]
		},
		"firstperson_righthand": {
			"rotation": [41.35, 11.62, 80.9],
			"translation": [-5.25, 7, 4.75],
			"scale": [0.54883, 0.54883, 0.54883]
		},
		"firstperson_lefthand": {
			"rotation": [127.34, 2.66, 91.2],
			"translation": [-4.25, 6.25, 3.5],
			"scale": [0.54688, 0.54688, 0.54688]
		},
		"ground": {
			"translation": [0, 4.5, 0]
		},
		"gui": {
			"rotation": [23.79, -86.17, 113.82],
			"translation": [-0.25, 0.5, 0],
			"scale": [0.99414, 0.99414, 0.99414]
		},
		"fixed": {
			"rotation": [89.5, 0, 0],
			"translation": [0, 0, 7.5]
		}
	}
}