{
	"credit": "Made with Blockbench",
	"parent": "block/block",
	"textures": {
		"1": "block/lantern",
		"particle": "block/lantern2"
	},
	"elements": [
		{
			"from": [6, 3.2, 6],
			"to": [10, 10.1, 10],
			"rotation": {"angle": 0, "axis": "y", "origin": [0, 3, 17]},
			"faces": {
				"north": {"uv": [0.55469, 2.0625, 5.4375, 8.60312], "texture": "#1"},
				"east": {"uv": [0.55469, 2.0625, 5.4375, 8.60312], "texture": "#1"},
				"south": {"uv": [0.55469, 2.0625, 5.4375, 8.60312], "texture": "#1"},
				"west": {"uv": [0.55469, 2.0625, 5.4375, 8.60312], "texture": "#1"},
				"up": {"uv": [0.25781, 1.48438, 5.65625, 5.08594], "texture": "#1"},
				"down": {"uv": [0.25781, 1.48438, 5.65625, 5.08594], "texture": "#1"}
			}
		},
		{
			"from": [5, 3.3, 5],
			"to": [5.3, 9.7, 5.3],
			"rotation": {"angle": 0, "axis": "y", "origin": [0, 3, 0]},
			"faces": {
				"north": {"uv": [0, 2.26563, 0.11563, 8.66563], "texture": "#1"},
				"east": {"uv": [0, 2.26563, 0.11563, 8.66563], "texture": "#1"},
				"south": {"uv": [0, 2.26563, 0.11563, 8.66563], "texture": "#1"},
				"west": {"uv": [0, 2.26563, 0.11563, 8.66563], "texture": "#1"},
				"up": {"uv": [0, 2.26563, 0.11563, 2.56562], "texture": "#1"},
				"down": {"uv": [0, 2.26563, 0.11563, 2.56562], "texture": "#1"}
			}
		},
		{
			"from": [5.3, 3, 5],
			"to": [10.7, 3.3, 5.3],
			"rotation": {"angle": 0, "axis": "y", "origin": [0, 3, 0]},
			"faces": {
				"north": {"uv": [0, 9.63047, 0.35234, 14.35312], "rotation": 90, "texture": "#1"},
				"east": {"uv": [0, 9.63047, 0.35234, 9.25313], "rotation": 90, "texture": "#1"},
				"south": {"uv": [0, 9.63047, 0.35234, 14.35312], "rotation": 90, "texture": "#1"},
				"west": {"uv": [0, 9.63047, 0.35234, 9.25313], "rotation": 90, "texture": "#1"},
				"up": {"uv": [0, 9.63047, 0.35234, 14.35312], "rotation": 90, "texture": "#1"},
				"down": {"uv": [0, 9.63047, 0.35234, 14.35312], "rotation": 90, "texture": "#1"}
			}
		},
		{
			"from": [5, 3.3, 10.7],
			"to": [5.3, 9.7, 11],
			"rotation": {"angle": 0, "axis": "y", "origin": [0, 3, 0]},
			"faces": {
				"north": {"uv": [0, 2.26563, 0.11563, 8.66563], "texture": "#1"},
				"east": {"uv": [0, 2.26563, 0.11563, 8.66563], "texture": "#1"},
				"south": {"uv": [0, 2.26563, 0.11563, 8.66563], "texture": "#1"},
				"west": {"uv": [0, 2.26563, 0.11563, 8.66563], "texture": "#1"},
				"up": {"uv": [0, 2.26563, 0.11563, 2.56562], "texture": "#1"},
				"down": {"uv": [0, 2.26563, 0.11563, 2.56562], "texture": "#1"}
			}
		},
		{
			"from": [10.7, 3.3, 10.7],
			"to": [11, 9.7, 11],
			"rotation": {"angle": 0, "axis": "y", "origin": [0, 3, 0]},
			"faces": {
				"north": {"uv": [0, 2.26563, 0.11563, 8.66563], "texture": "#1"},
				"east": {"uv": [0, 2.26563, 0.11563, 8.66563], "texture": "#1"},
				"south": {"uv": [0, 2.26563, 0.11563, 8.66563], "texture": "#1"},
				"west": {"uv": [0, 2.26563, 0.11563, 8.66563], "texture": "#1"},
				"up": {"uv": [0, 2.26563, 0.11563, 2.56562], "texture": "#1"},
				"down": {"uv": [0, 2.26563, 0.11563, 2.56562], "texture": "#1"}
			}
		},
		{
			"from": [10.7, 3.3, 5],
			"to": [11, 9.7, 5.3],
			"rotation": {"angle": 0, "axis": "y", "origin": [0, 3, 0]},
			"faces": {
				"north": {"uv": [0, 2.26563, 0.11563, 8.66563], "texture": "#1"},
				"east": {"uv": [0, 2.26563, 0.11563, 8.66563], "texture": "#1"},
				"south": {"uv": [0, 2.26563, 0.11563, 8.66563], "texture": "#1"},
				"west": {"uv": [0, 2.26563, 0.11563, 8.66563], "texture": "#1"},
				"up": {"uv": [0, 2.26563, 0.11563, 2.56562], "texture": "#1"},
				"down": {"uv": [0, 2.26563, 0.11563, 2.56562], "texture": "#1"}
			}
		},
		{
			"from": [5.1, 6.5, 5],
			"to": [5.2, 10.1, 5.2],
			"rotation": {"angle": 22.5, "axis": "x", "origin": [5.1, 6.5, 5.1]},
			"faces": {
				"north": {"uv": [1.45313, 0.16406, 5.05312, 0.21719], "rotation": 90, "texture": "#1"},
				"east": {"uv": [1.45313, 0.16406, 5.05312, 0.31719], "rotation": 90, "texture": "#1"},
				"south": {"uv": [1.45313, 0.16406, 5.05312, 0.21719], "rotation": 90, "texture": "#1"},
				"west": {"uv": [1.45313, 0.16406, 5.05312, 0.31719], "rotation": 90, "texture": "#1"},
				"up": {"uv": [0, 0, 0.1, 0.2], "texture": "#1"},
				"down": {"uv": [0, 0, 0.1, 0.2], "texture": "#1"}
			}
		},
		{
			"from": [5.1, 8.16298, 5.68883],
			"to": [5.2, 10.46298, 5.88883],
			"rotation": {"angle": 45, "axis": "x", "origin": [5.15, 8.16298, 5.78883]},
			"faces": {
				"north": {"uv": [1.45313, 0.16406, 3.75313, 0.21719], "rotation": 90, "texture": "#1"},
				"east": {"uv": [1.45313, 0.16406, 3.75313, 0.31719], "rotation": 90, "texture": "#1"},
				"south": {"uv": [1.45313, 0.16406, 3.75313, 0.21719], "rotation": 90, "texture": "#1"},
				"west": {"uv": [1.45313, 0.16406, 3.75313, 0.31719], "rotation": 90, "texture": "#1"},
				"up": {"uv": [0, 0, 0.1, 0.2], "texture": "#1"},
				"down": {"uv": [0, 0, 0.1, 0.2], "texture": "#1"}
			}
		},
		{
			"from": [5, 6.9, 5.1],
			"to": [5.2, 10.1, 5.2],
			"rotation": {"angle": -22.5, "axis": "z", "origin": [5.1, 6.9, 5.1]},
			"faces": {
				"north": {"uv": [1.45313, 0.16406, 4.65312, 0.31719], "rotation": 90, "texture": "#1"},
				"east": {"uv": [1.45313, 0.16406, 4.65312, 0.21719], "rotation": 90, "texture": "#1"},
				"south": {"uv": [1.45313, 0.16406, 4.65312, 0.31719], "rotation": 90, "texture": "#1"},
				"west": {"uv": [1.45313, 0.16406, 4.65312, 0.21719], "rotation": 90, "texture": "#1"},
				"up": {"uv": [0, 0, 0.2, 0.1], "texture": "#1"},
				"down": {"uv": [0, 0, 0.2, 0.1], "texture": "#1"}
			}
		},
		{
			"from": [5.61229, 8.37821, 5.1],
			"to": [5.81229, 10.37821, 5.2],
			"rotation": {"angle": -45, "axis": "z", "origin": [5.71229, 8.37821, 5.15]},
			"faces": {
				"north": {"uv": [1.45313, 0.16406, 3.45312, 0.31719], "rotation": 90, "texture": "#1"},
				"east": {"uv": [1.45313, 0.16406, 3.45312, 0.21719], "rotation": 90, "texture": "#1"},
				"south": {"uv": [1.45313, 0.16406, 3.45312, 0.31719], "rotation": 90, "texture": "#1"},
				"west": {"uv": [1.45313, 0.16406, 3.45312, 0.21719], "rotation": 90, "texture": "#1"},
				"up": {"uv": [0, 0, 0.2, 0.1], "texture": "#1"},
				"down": {"uv": [0, 0, 0.2, 0.1], "texture": "#1"}
			}
		},
		{
			"from": [5.1, 6.6, 10.8],
			"to": [5.2, 10.1, 11],
			"rotation": {"angle": -22.5, "axis": "x", "origin": [5.1, 6.5, 10.9]},
			"faces": {
				"north": {"uv": [1.45313, 0.16406, 4.95313, 0.21719], "rotation": 90, "texture": "#1"},
				"east": {"uv": [1.45313, 0.16406, 4.95313, 0.31719], "rotation": 90, "texture": "#1"},
				"south": {"uv": [1.45313, 0.16406, 4.95313, 0.21719], "rotation": 90, "texture": "#1"},
				"west": {"uv": [1.45313, 0.16406, 4.95313, 0.31719], "rotation": 90, "texture": "#1"},
				"up": {"uv": [0, 0, 0.1, 0.2], "texture": "#1"},
				"down": {"uv": [0, 0, 0.1, 0.2], "texture": "#1"}
			}
		},
		{
			"from": [5.1, 8.25918, 10.09204],
			"to": [5.2, 10.45918, 10.29204],
			"rotation": {"angle": -45, "axis": "x", "origin": [5.15, 8.20918, 10.19204]},
			"faces": {
				"north": {"uv": [1.45313, 0.16406, 3.65313, 0.21719], "rotation": 90, "texture": "#1"},
				"east": {"uv": [1.45313, 0.16406, 3.65313, 0.31719], "rotation": 90, "texture": "#1"},
				"south": {"uv": [1.45313, 0.16406, 3.65313, 0.21719], "rotation": 90, "texture": "#1"},
				"west": {"uv": [1.45313, 0.16406, 3.65313, 0.31719], "rotation": 90, "texture": "#1"},
				"up": {"uv": [0, 0, 0.1, 0.2], "texture": "#1"},
				"down": {"uv": [0, 0, 0.1, 0.2], "texture": "#1"}
			}
		},
		{
			"from": [5, 6.9, 10.8],
			"to": [5.2, 10.1, 10.9],
			"rotation": {"angle": -22.5, "axis": "z", "origin": [5.1, 6.9, 10.9]},
			"faces": {
				"north": {"uv": [1.45313, 0.16406, 4.65312, 0.31719], "rotation": 90, "texture": "#1"},
				"east": {"uv": [1.45313, 0.16406, 4.65312, 0.21719], "rotation": 90, "texture": "#1"},
				"south": {"uv": [1.45313, 0.16406, 4.65312, 0.31719], "rotation": 90, "texture": "#1"},
				"west": {"uv": [1.45313, 0.16406, 4.65312, 0.21719], "rotation": 90, "texture": "#1"},
				"up": {"uv": [0, 0, 0.2, 0.1], "texture": "#1"},
				"down": {"uv": [0, 0, 0.2, 0.1], "texture": "#1"}
			}
		},
		{
			"from": [5.61229, 8.37821, 10.8],
			"to": [5.81229, 10.37821, 10.9],
			"rotation": {"angle": -45, "axis": "z", "origin": [5.71229, 8.37821, 10.85]},
			"faces": {
				"north": {"uv": [1.45313, 0.16406, 3.45313, 0.31719], "rotation": 90, "texture": "#1"},
				"east": {"uv": [1.45313, 0.16406, 3.45313, 0.21719], "rotation": 90, "texture": "#1"},
				"south": {"uv": [1.45313, 0.16406, 3.45313, 0.31719], "rotation": 90, "texture": "#1"},
				"west": {"uv": [1.45313, 0.16406, 3.45313, 0.21719], "rotation": 90, "texture": "#1"},
				"up": {"uv": [0, 0, 0.2, 0.1], "texture": "#1"},
				"down": {"uv": [0, 0, 0.2, 0.1], "texture": "#1"}
			}
		},
		{
			"from": [10.8, 6.5, 10.8],
			"to": [10.9, 10.1, 11],
			"rotation": {"angle": -22.5, "axis": "x", "origin": [10.9, 6.5, 10.9]},
			"faces": {
				"north": {"uv": [1.45313, 0.16406, 5.05312, 0.21719], "rotation": 90, "texture": "#1"},
				"east": {"uv": [1.45313, 0.16406, 5.05312, 0.31719], "rotation": 90, "texture": "#1"},
				"south": {"uv": [1.45313, 0.16406, 5.05312, 0.21719], "rotation": 90, "texture": "#1"},
				"west": {"uv": [1.45313, 0.16406, 5.05312, 0.31719], "rotation": 90, "texture": "#1"},
				"up": {"uv": [0, 0, 0.1, 0.2], "texture": "#1"},
				"down": {"uv": [0, 0, 0.1, 0.2], "texture": "#1"}
			}
		},
		{
			"from": [10.8, 8.16298, 10.11117],
			"to": [10.9, 10.46298, 10.31117],
			"rotation": {"angle": -45, "axis": "x", "origin": [10.85, 8.16298, 10.21117]},
			"faces": {
				"north": {"uv": [1.45313, 0.16406, 3.75313, 0.21719], "rotation": 90, "texture": "#1"},
				"east": {"uv": [1.45313, 0.16406, 3.75313, 0.31719], "rotation": 90, "texture": "#1"},
				"south": {"uv": [1.45313, 0.16406, 3.75313, 0.21719], "rotation": 90, "texture": "#1"},
				"west": {"uv": [1.45313, 0.16406, 3.75313, 0.31719], "rotation": 90, "texture": "#1"},
				"up": {"uv": [0, 0, 0.1, 0.2], "texture": "#1"},
				"down": {"uv": [0, 0, 0.1, 0.2], "texture": "#1"}
			}
		},
		{
			"from": [10.8, 6.9, 10.8],
			"to": [11, 10.1, 10.9],
			"rotation": {"angle": 22.5, "axis": "z", "origin": [10.9, 6.9, 10.9]},
			"faces": {
				"north": {"uv": [1.45313, 0.16406, 4.65312, 0.31719], "rotation": 90, "texture": "#1"},
				"east": {"uv": [1.45313, 0.16406, 4.65312, 0.21719], "rotation": 90, "texture": "#1"},
				"south": {"uv": [1.45313, 0.16406, 4.65312, 0.31719], "rotation": 90, "texture": "#1"},
				"west": {"uv": [1.45313, 0.16406, 4.65312, 0.21719], "rotation": 90, "texture": "#1"},
				"up": {"uv": [0, 0, 0.2, 0.1], "texture": "#1"},
				"down": {"uv": [0, 0, 0.2, 0.1], "texture": "#1"}
			}
		},
		{
			"from": [10.18771, 8.37821, 10.8],
			"to": [10.38771, 10.37821, 10.9],
			"rotation": {"angle": 45, "axis": "z", "origin": [10.28771, 8.37821, 10.85]},
			"faces": {
				"north": {"uv": [1.45313, 0.16406, 3.45313, 0.31719], "rotation": 90, "texture": "#1"},
				"east": {"uv": [1.45313, 0.16406, 3.45313, 0.21719], "rotation": 90, "texture": "#1"},
				"south": {"uv": [1.45313, 0.16406, 3.45313, 0.31719], "rotation": 90, "texture": "#1"},
				"west": {"uv": [1.45313, 0.16406, 3.45313, 0.21719], "rotation": 90, "texture": "#1"},
				"up": {"uv": [0, 0, 0.2, 0.1], "texture": "#1"},
				"down": {"uv": [0, 0, 0.2, 0.1], "texture": "#1"}
			}
		},
		{
			"from": [10.8, 6.9, 5.1],
			"to": [11, 10.1, 5.2],
			"rotation": {"angle": 22.5, "axis": "z", "origin": [10.9, 6.9, 5.1]},
			"faces": {
				"north": {"uv": [1.45313, 0.16406, 4.65312, 0.31719], "rotation": 90, "texture": "#1"},
				"east": {"uv": [1.45313, 0.16406, 4.65312, 0.21719], "rotation": 90, "texture": "#1"},
				"south": {"uv": [1.45313, 0.16406, 4.65312, 0.31719], "rotation": 90, "texture": "#1"},
				"west": {"uv": [1.45313, 0.16406, 4.65312, 0.21719], "rotation": 90, "texture": "#1"},
				"up": {"uv": [0, 0, 0.2, 0.1], "texture": "#1"},
				"down": {"uv": [0, 0, 0.2, 0.1], "texture": "#1"}
			}
		},
		{
			"from": [10.18771, 8.37821, 5.1],
			"to": [10.38771, 10.37821, 5.2],
			"rotation": {"angle": 45, "axis": "z", "origin": [10.28771, 8.37821, 5.15]},
			"faces": {
				"north": {"uv": [1.45313, 0.16406, 3.45313, 0.31719], "rotation": 90, "texture": "#1"},
				"east": {"uv": [1.45313, 0.16406, 3.45313, 0.21719], "rotation": 90, "texture": "#1"},
				"south": {"uv": [1.45313, 0.16406, 3.45313, 0.31719], "rotation": 90, "texture": "#1"},
				"west": {"uv": [1.45313, 0.16406, 3.45313, 0.21719], "rotation": 90, "texture": "#1"},
				"up": {"uv": [0, 0, 0.2, 0.1], "texture": "#1"},
				"down": {"uv": [0, 0, 0.2, 0.1], "texture": "#1"}
			}
		},
		{
			"from": [10.8, 6.5, 5],
			"to": [10.9, 10.1, 5.2],
			"rotation": {"angle": 22.5, "axis": "x", "origin": [10.9, 6.5, 5.1]},
			"faces": {
				"north": {"uv": [1.45313, 0.16406, 5.05312, 0.21719], "rotation": 90, "texture": "#1"},
				"east": {"uv": [1.45313, 0.16406, 5.05312, 0.31719], "rotation": 90, "texture": "#1"},
				"south": {"uv": [1.45313, 0.16406, 5.05312, 0.21719], "rotation": 90, "texture": "#1"},
				"west": {"uv": [1.45313, 0.16406, 5.05312, 0.31719], "rotation": 90, "texture": "#1"},
				"up": {"uv": [0, 0, 0.1, 0.2], "texture": "#1"},
				"down": {"uv": [0, 0, 0.1, 0.2], "texture": "#1"}
			}
		},
		{
			"from": [5.61229, 2.57821, 5.1],
			"to": [5.81229, 5.17821, 5.2],
			"rotation": {"angle": 45, "axis": "z", "origin": [5.71229, 4.32821, 5.15]},
			"faces": {
				"north": {"uv": [1.45313, 0.16406, 4.05312, 0.31719], "rotation": 90, "texture": "#1"},
				"east": {"uv": [1.45313, 0.16406, 4.05312, 0.21719], "rotation": 90, "texture": "#1"},
				"south": {"uv": [1.45313, 0.16406, 4.05312, 0.31719], "rotation": 90, "texture": "#1"},
				"west": {"uv": [1.45313, 0.16406, 4.05312, 0.21719], "rotation": 90, "texture": "#1"},
				"up": {"uv": [0, 0, 0.2, 0.1], "texture": "#1"},
				"down": {"uv": [0, 0, 0.2, 0.1], "texture": "#1"}
			}
		},
		{
			"from": [10.18771, 2.57821, 5.1],
			"to": [10.38771, 5.17821, 5.2],
			"rotation": {"angle": -45, "axis": "z", "origin": [10.28771, 4.32821, 5.15]},
			"faces": {
				"north": {"uv": [1.45313, 0.16406, 4.05312, 0.31719], "rotation": 90, "texture": "#1"},
				"east": {"uv": [1.45313, 0.16406, 4.05312, 0.21719], "rotation": 90, "texture": "#1"},
				"south": {"uv": [1.45313, 0.16406, 4.05312, 0.31719], "rotation": 90, "texture": "#1"},
				"west": {"uv": [1.45313, 0.16406, 4.05312, 0.21719], "rotation": 90, "texture": "#1"},
				"up": {"uv": [0, 0, 0.2, 0.1], "texture": "#1"},
				"down": {"uv": [0, 0, 0.2, 0.1], "texture": "#1"}
			}
		},
		{
			"from": [5.1, 2.56298, 5.68883],
			"to": [5.2, 5.16298, 5.88883],
			"rotation": {"angle": -45, "axis": "x", "origin": [5.15, 4.31298, 5.78883]},
			"faces": {
				"north": {"uv": [1.45313, 0.16406, 4.05312, 0.21719], "rotation": 90, "texture": "#1"},
				"east": {"uv": [1.45313, 0.16406, 4.05312, 0.31719], "rotation": 90, "texture": "#1"},
				"south": {"uv": [1.45313, 0.16406, 4.05312, 0.21719], "rotation": 90, "texture": "#1"},
				"west": {"uv": [1.45313, 0.16406, 4.05312, 0.31719], "rotation": 90, "texture": "#1"},
				"up": {"uv": [0, 0, 0.1, 0.2], "texture": "#1"},
				"down": {"uv": [0, 0, 0.1, 0.2], "texture": "#1"}
			}
		},
		{
			"from": [5.1, 2.65918, 10.09204],
			"to": [5.2, 5.25918, 10.29204],
			"rotation": {"angle": 45, "axis": "x", "origin": [5.15, 4.35918, 10.19204]},
			"faces": {
				"north": {"uv": [1.45313, 0.16406, 4.05312, 0.21719], "rotation": 90, "texture": "#1"},
				"east": {"uv": [1.45313, 0.16406, 4.05312, 0.31719], "rotation": 90, "texture": "#1"},
				"south": {"uv": [1.45313, 0.16406, 4.05312, 0.21719], "rotation": 90, "texture": "#1"},
				"west": {"uv": [1.45313, 0.16406, 4.05312, 0.31719], "rotation": 90, "texture": "#1"},
				"up": {"uv": [0, 0, 0.1, 0.2], "texture": "#1"},
				"down": {"uv": [0, 0, 0.1, 0.2], "texture": "#1"}
			}
		},
		{
			"from": [4.96229, 4.22821, 10.8],
			"to": [7.46229, 4.42821, 10.9],
			"rotation": {"angle": -45, "axis": "z", "origin": [5.71229, 4.32821, 10.85]},
			"faces": {
				"north": {"uv": [1.45313, 0.16406, 3.90625, 0.36406], "texture": "#1"},
				"east": {"uv": [1.45313, 0.16406, 1.65313, 0.21719], "rotation": 90, "texture": "#1"},
				"south": {"uv": [1.45313, 0.16406, 3.90625, 0.36406], "texture": "#1"},
				"west": {"uv": [1.45313, 0.16406, 1.65313, 0.21719], "rotation": 90, "texture": "#1"},
				"up": {"uv": [1.15625, 0.29688, 4.65625, 0.39688], "texture": "#1"},
				"down": {"uv": [1.15625, 0.29688, 4.65625, 0.39688], "texture": "#1"}
			}
		},
		{
			"from": [10.13031, 2.58963, 10.8],
			"to": [10.33031, 5.08963, 10.9],
			"rotation": {"angle": -45, "axis": "z", "origin": [10.23031, 4.33963, 10.85]},
			"faces": {
				"north": {"uv": [1.45313, 0.16406, 3.95313, 0.31719], "rotation": 90, "texture": "#1"},
				"east": {"uv": [1.45313, 0.16406, 3.95313, 0.21719], "rotation": 90, "texture": "#1"},
				"south": {"uv": [1.45313, 0.16406, 3.95313, 0.31719], "rotation": 90, "texture": "#1"},
				"west": {"uv": [1.45313, 0.16406, 3.95313, 0.21719], "rotation": 90, "texture": "#1"},
				"up": {"uv": [0, 0, 0.2, 0.1], "texture": "#1"},
				"down": {"uv": [0, 0, 0.2, 0.1], "texture": "#1"}
			}
		},
		{
			"from": [10.8, 2.56298, 10.11117],
			"to": [10.9, 5.26298, 10.31117],
			"rotation": {"angle": 45, "axis": "x", "origin": [10.85, 4.31298, 10.21117]},
			"faces": {
				"north": {"uv": [1.45313, 0.16406, 4.15312, 0.21719], "rotation": 90, "texture": "#1"},
				"east": {"uv": [1.45313, 0.16406, 4.15312, 0.31719], "rotation": 90, "texture": "#1"},
				"south": {"uv": [1.45313, 0.16406, 4.15312, 0.21719], "rotation": 90, "texture": "#1"},
				"west": {"uv": [1.45313, 0.16406, 4.15312, 0.31719], "rotation": 90, "texture": "#1"},
				"up": {"uv": [0, 0, 0.1, 0.2], "texture": "#1"},
				"down": {"uv": [0, 0, 0.1, 0.2], "texture": "#1"}
			}
		},
		{
			"from": [10.8, 2.56298, 5.68883],
			"to": [10.9, 5.26298, 5.88883],
			"rotation": {"angle": -45, "axis": "x", "origin": [10.85, 4.31298, 5.78883]},
			"faces": {
				"north": {"uv": [1.45313, 0.16406, 4.15312, 0.21719], "rotation": 90, "texture": "#1"},
				"east": {"uv": [1.45313, 0.16406, 4.15312, 0.31719], "rotation": 90, "texture": "#1"},
				"south": {"uv": [1.45313, 0.16406, 4.15312, 0.21719], "rotation": 90, "texture": "#1"},
				"west": {"uv": [1.45313, 0.16406, 4.15312, 0.31719], "rotation": 90, "texture": "#1"},
				"up": {"uv": [0, 0, 0.1, 0.2], "texture": "#1"},
				"down": {"uv": [0, 0, 0.1, 0.2], "texture": "#1"}
			}
		},
		{
			"from": [10.8, 8.16298, 5.68883],
			"to": [10.9, 10.46298, 5.88883],
			"rotation": {"angle": 45, "axis": "x", "origin": [10.85, 8.16298, 5.78883]},
			"faces": {
				"north": {"uv": [1.45313, 0.16406, 3.75313, 0.21719], "rotation": 90, "texture": "#1"},
				"east": {"uv": [1.45313, 0.16406, 3.75313, 0.31719], "rotation": 90, "texture": "#1"},
				"south": {"uv": [1.45313, 0.16406, 3.75313, 0.21719], "rotation": 90, "texture": "#1"},
				"west": {"uv": [1.45313, 0.16406, 3.75313, 0.31719], "rotation": 90, "texture": "#1"},
				"up": {"uv": [0, 0, 0.1, 0.2], "texture": "#1"},
				"down": {"uv": [0, 0, 0.1, 0.2], "texture": "#1"}
			}
		},
		{
			"from": [10.7, 3, 5],
			"to": [11, 3.3, 11],
			"rotation": {"angle": 0, "axis": "y", "origin": [0, 3, 0]},
			"faces": {
				"north": {"uv": [0, 9.63047, 0.35234, 9.25313], "texture": "#1"},
				"east": {"uv": [0, 9.63047, 0.35234, 14.95313], "rotation": 90, "texture": "#1"},
				"south": {"uv": [0, 9.63047, 0.35234, 9.25313], "texture": "#1"},
				"west": {"uv": [0, 9.63047, 0.35234, 14.95313], "rotation": 90, "texture": "#1"},
				"up": {"uv": [0, 9.63047, 0.35234, 14.95313], "texture": "#1"},
				"down": {"uv": [0, 9.63047, 0.35234, 14.95313], "texture": "#1"}
			}
		},
		{
			"from": [11.3, 9.7, 4.5],
			"to": [11.5, 9.8, 11.5],
			"rotation": {"angle": 0, "axis": "y", "origin": [0, 3, 0]},
			"faces": {
				"north": {"uv": [1.09375, 1.17656, 1.03906, 0.93594], "texture": "#1"},
				"east": {"uv": [1.48438, 1.17656, 4.75781, 0.93594], "texture": "#1"},
				"south": {"uv": [1.09375, 1.17656, 1.03906, 0.93594], "texture": "#1"},
				"west": {"uv": [1.48438, 1.17656, 4.75781, 0.93594], "texture": "#1"},
				"up": {"uv": [1.48438, 1.17656, 4.75781, 1.03594], "rotation": 90, "texture": "#1"},
				"down": {"uv": [1.48438, 1.17656, 4.75781, 1.03594], "rotation": 90, "texture": "#1"}
			}
		},
		{
			"from": [4.5, 9.7, 4.5],
			"to": [4.7, 9.8, 11.5],
			"rotation": {"angle": 0, "axis": "y", "origin": [0, 3, 0]},
			"faces": {
				"north": {"uv": [1.09375, 1.17656, 1.03906, 0.93594], "texture": "#1"},
				"east": {"uv": [1.48438, 1.17656, 4.75781, 0.93594], "texture": "#1"},
				"south": {"uv": [1.09375, 1.17656, 1.03906, 0.93594], "texture": "#1"},
				"west": {"uv": [1.48438, 1.17656, 4.75781, 0.93594], "texture": "#1"},
				"up": {"uv": [1.48438, 1.17656, 4.75781, 1.03594], "rotation": 90, "texture": "#1"},
				"down": {"uv": [1.48438, 1.17656, 4.75781, 1.03594], "rotation": 90, "texture": "#1"}
			}
		},
		{
			"from": [4.7, 9.7, 4.5],
			"to": [11.3, 9.8, 4.7],
			"rotation": {"angle": 0, "axis": "y", "origin": [8, 9.75, 8]},
			"faces": {
				"north": {"uv": [1.48438, 1.17656, 4.35781, 0.93594], "texture": "#1"},
				"east": {"uv": [1.09375, 1.17656, 1.03906, 0.93594], "texture": "#1"},
				"south": {"uv": [1.48438, 1.17656, 4.35781, 0.93594], "texture": "#1"},
				"west": {"uv": [1.09375, 1.17656, 1.03906, 0.93594], "texture": "#1"},
				"up": {"uv": [1.48438, 1.17656, 4.35781, 1.03594], "texture": "#1"},
				"down": {"uv": [1.48438, 1.17656, 4.35781, 1.03594], "texture": "#1"}
			}
		},
		{
			"from": [4.7, 9.7, 11.3],
			"to": [11.3, 9.8, 11.5],
			"rotation": {"angle": 0, "axis": "y", "origin": [8, 9.75, 8]},
			"faces": {
				"north": {"uv": [1.48438, 1.17656, 4.35781, 0.93594], "texture": "#1"},
				"east": {"uv": [1.09375, 1.17656, 1.03906, 0.93594], "texture": "#1"},
				"south": {"uv": [1.48438, 1.17656, 4.35781, 0.93594], "texture": "#1"},
				"west": {"uv": [1.09375, 1.17656, 1.03906, 0.93594], "texture": "#1"},
				"up": {"uv": [1.48438, 1.17656, 4.35781, 1.03594], "texture": "#1"},
				"down": {"uv": [1.48438, 1.17656, 4.35781, 1.03594], "texture": "#1"}
			}
		},
		{
			"from": [5.4, 10, 5.4],
			"to": [10.6, 10.4, 10.6],
			"rotation": {"angle": 0, "axis": "y", "origin": [0, 3, 0]},
			"faces": {
				"north": {"uv": [0, 9.14844, 6, 9.63125], "texture": "#1"},
				"east": {"uv": [0, 9.14844, 6, 9.63125], "texture": "#1"},
				"south": {"uv": [0, 9.14844, 6, 9.63125], "texture": "#1"},
				"west": {"uv": [0, 9.14844, 6, 9.63125], "texture": "#1"},
				"up": {"uv": [0, 8.99219, 6, 14.99219], "texture": "#1"},
				"down": {"uv": [0, 8.99219, 6, 14.99219], "texture": "#1"}
			}
		},
		{
			"from": [5.3, 10, 5.3],
			"to": [10.7, 10.1, 10.7],
			"rotation": {"angle": 0, "axis": "y", "origin": [0, 3, 0]},
			"faces": {
				"north": {"uv": [1.06875, 0, 4.92734, 0.20625], "texture": "#1"},
				"east": {"uv": [1.06875, 0, 4.92734, 0.20625], "texture": "#1"},
				"south": {"uv": [1.06875, 0, 4.92734, 0.20625], "texture": "#1"},
				"west": {"uv": [1.06875, 0, 4.92734, 0.20625], "texture": "#1"},
				"up": {"uv": [1.06875, 0, 4.95703, 1.96016], "texture": "#1"},
				"down": {"uv": [1.06875, 0, 4.95703, 1.96016], "texture": "#1"}
			}
		},
		{
			"from": [6.4, 10.5, 6.4],
			"to": [9.6, 11.4, 9.6],
			"rotation": {"angle": 0, "axis": "y", "origin": [0, 3, 0]},
			"faces": {
				"north": {"uv": [1.15625, 9.19531, 4.35625, 10.09531], "texture": "#1"},
				"east": {"uv": [1.15625, 9.19531, 4.35625, 10.09531], "texture": "#1"},
				"south": {"uv": [1.15625, 9.19531, 4.35625, 10.09531], "texture": "#1"},
				"west": {"uv": [1.15625, 9.19531, 4.35625, 10.09531], "texture": "#1"},
				"up": {"uv": [0, 8.99219, 6, 14.99219], "texture": "#1"},
				"down": {"uv": [0, 8.99219, 6, 14.99219], "texture": "#1"}
			}
		},
		{
			"from": [6.5, 11.4, 6.5],
			"to": [9.5, 11.5, 9.5],
			"rotation": {"angle": 0, "axis": "y", "origin": [0, 3, 0]},
			"faces": {
				"north": {"uv": [0.99219, 0, 3.99219, 0.1], "texture": "#1"},
				"east": {"uv": [0.99219, 0, 3.99219, 0.1], "texture": "#1"},
				"south": {"uv": [0.99219, 0, 3.99219, 0.1], "texture": "#1"},
				"west": {"uv": [0.99219, 0, 3.99219, 0.1], "texture": "#1"},
				"up": {"uv": [0.99219, 0, 4.95625, 1.95781], "texture": "#1"},
				"down": {"uv": [0.99219, 0, 4.95625, 1.95781], "texture": "#1"}
			}
		},
		{
			"from": [6.3, 10.5, 6.3],
			"to": [9.7, 10.6, 9.7],
			"rotation": {"angle": 0, "axis": "y", "origin": [0, 3, 0]},
			"faces": {
				"north": {"uv": [1.19531, 0, 4.59531, 0.1], "texture": "#1"},
				"east": {"uv": [1.19531, 0, 4.59531, 0.1], "texture": "#1"},
				"south": {"uv": [1.19531, 0, 4.59531, 0.1], "texture": "#1"},
				"west": {"uv": [1.19531, 0, 4.59531, 0.1], "texture": "#1"},
				"up": {"uv": [1.19531, 0, 4.59531, 1.99297], "texture": "#1"},
				"down": {"uv": [1.19531, 0, 4.59531, 1.99297], "texture": "#1"}
			}
		},
		{
			"from": [5, 3, 5],
			"to": [5.3, 3.3, 11],
			"rotation": {"angle": 0, "axis": "y", "origin": [0, 3, 0]},
			"faces": {
				"north": {"uv": [0, 9.63047, 0.35234, 9.25313], "texture": "#1"},
				"east": {"uv": [0, 9.63047, 0.35234, 14.95313], "rotation": 90, "texture": "#1"},
				"south": {"uv": [0, 9.63047, 0.35234, 9.25313], "texture": "#1"},
				"west": {"uv": [0, 9.63047, 0.35234, 14.95313], "rotation": 90, "texture": "#1"},
				"up": {"uv": [0, 9.63047, 0.35234, 14.95313], "texture": "#1"},
				"down": {"uv": [0, 9.63047, 0.35234, 14.95313], "texture": "#1"}
			}
		},
		{
			"from": [5.3, 3, 10.7],
			"to": [10.7, 3.3, 11],
			"rotation": {"angle": 0, "axis": "y", "origin": [0, 3, 0]},
			"faces": {
				"north": {"uv": [0, 9.63047, 0.35234, 14.35312], "rotation": 90, "texture": "#1"},
				"east": {"uv": [0, 9.63047, 0.35234, 9.25313], "rotation": 90, "texture": "#1"},
				"south": {"uv": [0, 9.63047, 0.35234, 14.35312], "rotation": 90, "texture": "#1"},
				"west": {"uv": [0, 9.63047, 0.35234, 9.25313], "rotation": 90, "texture": "#1"},
				"up": {"uv": [0, 9.63047, 0.35234, 14.35312], "rotation": 90, "texture": "#1"},
				"down": {"uv": [0, 9.63047, 0.35234, 14.35312], "rotation": 90, "texture": "#1"}
			}
		},
		{
			"from": [5.3, 3, 5.3],
			"to": [10.7, 3.2, 10.7],
			"rotation": {"angle": 0, "axis": "y", "origin": [0, 3, 0]},
			"faces": {
				"north": {"uv": [0, 0, 6, 0.3], "texture": "#1"},
				"east": {"uv": [0, 0, 6, 0.3], "texture": "#1"},
				"south": {"uv": [0, 0, 6, 0.3], "texture": "#1"},
				"west": {"uv": [0, 0, 6, 0.3], "texture": "#1"},
				"up": {"uv": [0, 9.03906, 6, 14.92188], "texture": "#1"},
				"down": {"uv": [0, 9.03906, 6, 14.92188], "texture": "#1"}
			}
		},
		{
			"from": [4.7, 9.7, 4.7],
			"to": [11.3, 10, 11.3],
			"rotation": {"angle": 0, "axis": "y", "origin": [0, 3, 0]},
			"faces": {
				"north": {"uv": [0, 14.61719, 6, 14.91719], "texture": "#1"},
				"east": {"uv": [0, 14.61719, 6, 14.91719], "texture": "#1"},
				"south": {"uv": [0, 14.61719, 6, 14.91719], "texture": "#1"},
				"west": {"uv": [0, 14.61719, 6, 14.91719], "texture": "#1"},
				"up": {"uv": [0.18203, 9.01328, 5.84375, 14.79141], "texture": "#1"},
				"down": {"uv": [0.18203, 9.01328, 5.84375, 14.79141], "texture": "#1"}
			}
		},
		{
			"from": [7.80321, 14.49123, 6.96032],
			"to": [8.30321, 15.89123, 7.46032],
			"rotation": {"angle": 0, "axis": "y", "origin": [4.53176, 15.34561, 10.67145]},
			"faces": {
				"north": {"uv": [10.27343, 4.20313, 10.77344, 5.60313], "texture": "#1"},
				"east": {"uv": [10.27343, 4.20313, 10.77344, 5.60313], "texture": "#1"},
				"south": {"uv": [10.27343, 4.20313, 10.77344, 5.60313], "texture": "#1"},
				"west": {"uv": [10.27343, 4.20313, 10.77344, 5.60313], "texture": "#1"},
				"up": {"uv": [10.27343, 4.20313, 10.77344, 4.70313], "rotation": 90, "texture": "#1"},
				"down": {"uv": [10.27343, 4.20313, 10.77344, 4.70313], "rotation": 270, "texture": "#1"}
			}
		},
		{
			"from": [7.80321, 14.49123, 8.51905],
			"to": [8.30321, 15.89123, 9.01905],
			"rotation": {"angle": 0, "axis": "y", "origin": [4.53176, 15.34561, 10.67145]},
			"faces": {
				"north": {"uv": [10.27343, 4.20313, 10.77344, 5.60313], "texture": "#1"},
				"east": {"uv": [10.27343, 4.20313, 10.77344, 5.60313], "texture": "#1"},
				"south": {"uv": [10.27343, 4.20313, 10.77344, 5.60313], "texture": "#1"},
				"west": {"uv": [10.27343, 4.20313, 10.77344, 5.60313], "texture": "#1"},
				"up": {"uv": [10.27343, 4.20313, 10.77344, 4.70313], "rotation": 90, "texture": "#1"},
				"down": {"uv": [10.27343, 4.20313, 10.77344, 4.70313], "rotation": 270, "texture": "#1"}
			}
		},
		{
			"from": [7.80321, 15.96857, 7.75413],
			"to": [8.30321, 16.46857, 8.22413],
			"rotation": {"angle": 0, "axis": "y", "origin": [8.05321, 16.21857, 7.98913]},
			"faces": {
				"north": {"uv": [10.27343, 4.20313, 10.77344, 4.70313], "rotation": 90, "texture": "#1"},
				"east": {"uv": [10.27343, 4.20313, 10.77344, 4.67313], "rotation": 270, "texture": "#1"},
				"south": {"uv": [10.27343, 4.20313, 10.77344, 4.70313], "rotation": 90, "texture": "#1"},
				"west": {"uv": [10.27343, 4.20313, 10.77344, 4.67313], "rotation": 90, "texture": "#1"},
				"up": {"uv": [10.27343, 4.20313, 10.77344, 4.67313], "rotation": 180, "texture": "#1"},
				"down": {"uv": [10.27343, 4.20313, 10.77344, 4.67313], "texture": "#1"}
			}
		},
		{
			"from": [7.80321, 15.91106, 8.11434],
			"to": [8.30321, 16.41106, 8.51434],
			"rotation": {"angle": 22.5, "axis": "x", "origin": [8.05321, 16.16106, 8.31434]},
			"faces": {
				"north": {"uv": [10.27343, 4.20313, 10.77344, 4.70313], "rotation": 90, "texture": "#1"},
				"east": {"uv": [10.27343, 4.20313, 10.77344, 4.60313], "rotation": 90, "texture": "#1"},
				"south": {"uv": [10.27343, 4.20313, 10.77344, 4.70313], "rotation": 90, "texture": "#1"},
				"west": {"uv": [10.27343, 4.20313, 10.77344, 4.60313], "rotation": 270, "texture": "#1"},
				"up": {"uv": [10.27343, 4.20313, 10.77344, 4.60313], "texture": "#1"},
				"down": {"uv": [10.27343, 4.20313, 10.77344, 4.60313], "rotation": 180, "texture": "#1"}
			}
		},
		{
			"from": [7.80321, 15.62658, 8.38014],
			"to": [8.30321, 16.22658, 8.88014],
			"rotation": {"angle": -45, "axis": "x", "origin": [8.05321, 15.92658, 8.63014]},
			"faces": {
				"north": {"uv": [10.27343, 4.20313, 10.77344, 4.80313], "rotation": 180, "texture": "#1"},
				"east": {"uv": [10.27343, 4.20313, 10.77344, 4.80313], "rotation": 180, "texture": "#1"},
				"south": {"uv": [10.27343, 4.20313, 10.77344, 4.80313], "rotation": 180, "texture": "#1"},
				"west": {"uv": [10.27343, 4.20313, 10.77344, 4.80313], "rotation": 180, "texture": "#1"},
				"up": {"uv": [10.27343, 4.20313, 10.77344, 4.70313], "texture": "#1"},
				"down": {"uv": [10.27343, 4.20313, 10.77344, 4.70313], "texture": "#1"}
			}
		},
		{
			"from": [7.80321, 15.67658, 7.04922],
			"to": [8.30321, 16.17658, 7.64922],
			"rotation": {"angle": -45, "axis": "x", "origin": [8.05321, 15.92658, 7.34922]},
			"faces": {
				"north": {"uv": [10.27343, 4.20313, 10.77344, 4.70313], "rotation": 180, "texture": "#1"},
				"east": {"uv": [10.27343, 4.20313, 10.77344, 4.80313], "rotation": 270, "texture": "#1"},
				"south": {"uv": [10.27343, 4.20313, 10.77344, 4.70313], "texture": "#1"},
				"west": {"uv": [10.27343, 4.20313, 10.77344, 4.80313], "rotation": 90, "texture": "#1"},
				"up": {"uv": [10.27343, 4.20313, 10.77344, 4.80313], "rotation": 180, "texture": "#1"},
				"down": {"uv": [10.27343, 4.20313, 10.77344, 4.80313], "texture": "#1"}
			}
		},
		{
			"from": [7.80321, 15.91106, 7.46503],
			"to": [8.30321, 16.41106, 7.86503],
			"rotation": {"angle": -22.5, "axis": "x", "origin": [8.05321, 16.16106, 7.66503]},
			"faces": {
				"north": {"uv": [10.27343, 4.20313, 10.77344, 4.70313], "rotation": 270, "texture": "#1"},
				"east": {"uv": [10.27343, 4.20313, 10.77344, 4.60313], "rotation": 90, "texture": "#1"},
				"south": {"uv": [10.27343, 4.20313, 10.77344, 4.70313], "rotation": 270, "texture": "#1"},
				"west": {"uv": [10.27343, 4.20313, 10.77344, 4.60313], "rotation": 270, "texture": "#1"},
				"up": {"uv": [10.27343, 4.20313, 10.77344, 4.60313], "texture": "#1"},
				"down": {"uv": [10.27343, 4.20313, 10.77344, 4.60313], "rotation": 180, "texture": "#1"}
			}
		},
		{
			"from": [7.12418, 15.64123, 7.7],
			"to": [7.62418, 16.24123, 8.2],
			"rotation": {"angle": 45, "axis": "z", "origin": [7.37418, 15.99123, 7.95]},
			"faces": {
				"north": {"uv": [10.27343, 4.20313, 10.77344, 4.80313], "texture": "#1"},
				"east": {"uv": [10.27343, 4.20313, 10.77344, 4.80313], "texture": "#1"},
				"south": {"uv": [10.27343, 4.20313, 10.77344, 4.80313], "texture": "#1"},
				"west": {"uv": [10.27343, 4.20313, 10.77344, 4.80313], "texture": "#1"},
				"up": {"uv": [10.27343, 4.20313, 10.77344, 4.70313], "texture": "#1"},
				"down": {"uv": [10.27343, 4.20313, 10.77344, 4.70313], "texture": "#1"}
			}
		},
		{
			"from": [7.52915, 15.49053, 7.7],
			"to": [7.92915, 15.99053, 8.2],
			"rotation": {"angle": -22.5, "axis": "z", "origin": [7.67915, 15.74053, 7.95]},
			"faces": {
				"north": {"uv": [10.27343, 4.20313, 10.77344, 4.60313], "rotation": 90, "texture": "#1"},
				"east": {"uv": [10.27343, 4.20313, 10.77344, 4.70313], "rotation": 270, "texture": "#1"},
				"south": {"uv": [10.27343, 4.20313, 10.77344, 4.60313], "rotation": 270, "texture": "#1"},
				"west": {"uv": [10.27343, 4.20313, 10.77344, 4.70313], "rotation": 270, "texture": "#1"},
				"up": {"uv": [10.27343, 4.20313, 10.77344, 4.60313], "rotation": 270, "texture": "#1"},
				"down": {"uv": [10.27343, 4.20313, 10.77344, 4.60313], "rotation": 270, "texture": "#1"}
			}
		},
		{
			"from": [7.81445, 15.41389, 7.7],
			"to": [8.28445, 15.91389, 8.2],
			"rotation": {"angle": 0, "axis": "y", "origin": [8.01445, 15.66389, 7.95]},
			"faces": {
				"north": {"uv": [10.27343, 4.20313, 10.77344, 4.67313], "rotation": 270, "texture": "#1"},
				"east": {"uv": [10.27343, 4.20313, 10.77344, 4.70313], "rotation": 90, "texture": "#1"},
				"south": {"uv": [10.27343, 4.20313, 10.77344, 4.67313], "rotation": 90, "texture": "#1"},
				"west": {"uv": [10.27343, 4.20313, 10.77344, 4.70313], "rotation": 90, "texture": "#1"},
				"up": {"uv": [10.27343, 4.20313, 10.77344, 4.67313], "rotation": 90, "texture": "#1"},
				"down": {"uv": [10.27343, 4.20313, 10.77344, 4.67313], "rotation": 90, "texture": "#1"}
			}
		},
		{
			"from": [8.17085, 15.49053, 7.7],
			"to": [8.57085, 15.99053, 8.2],
			"rotation": {"angle": 22.5, "axis": "z", "origin": [8.42085, 15.74053, 7.95]},
			"faces": {
				"north": {"uv": [10.27343, 4.20313, 10.77344, 4.60313], "rotation": 270, "texture": "#1"},
				"east": {"uv": [10.27343, 4.20313, 10.77344, 4.70313], "rotation": 90, "texture": "#1"},
				"south": {"uv": [10.27343, 4.20313, 10.77344, 4.60313], "rotation": 90, "texture": "#1"},
				"west": {"uv": [10.27343, 4.20313, 10.77344, 4.70313], "rotation": 90, "texture": "#1"},
				"up": {"uv": [10.27343, 4.20313, 10.77344, 4.60313], "rotation": 90, "texture": "#1"},
				"down": {"uv": [10.27343, 4.20313, 10.77344, 4.60313], "rotation": 90, "texture": "#1"}
			}
		},
		{
			"from": [8.47582, 15.64123, 7.7],
			"to": [8.97582, 16.24123, 8.2],
			"rotation": {"angle": -45, "axis": "z", "origin": [8.72582, 15.99123, 7.95]},
			"faces": {
				"north": {"uv": [10.27343, 4.20313, 10.77344, 4.80313], "texture": "#1"},
				"east": {"uv": [10.27343, 4.20313, 10.77344, 4.80313], "texture": "#1"},
				"south": {"uv": [10.27343, 4.20313, 10.77344, 4.80313], "texture": "#1"},
				"west": {"uv": [10.27343, 4.20313, 10.77344, 4.80313], "texture": "#1"},
				"up": {"uv": [10.27343, 4.20313, 10.77344, 4.70313], "texture": "#1"},
				"down": {"uv": [10.27343, 4.20313, 10.77344, 4.70313], "texture": "#1"}
			}
		},
		{
			"from": [7.80321, 14.20587, 7.04922],
			"to": [8.30321, 14.70587, 7.64922],
			"rotation": {"angle": 45, "axis": "x", "origin": [8.05321, 14.45587, 7.34922]},
			"faces": {
				"north": {"uv": [10.27343, 4.20313, 10.77344, 4.70313], "rotation": 180, "texture": "#1"},
				"east": {"uv": [10.27343, 4.20313, 10.77344, 4.80313], "rotation": 270, "texture": "#1"},
				"south": {"uv": [10.27343, 4.20313, 10.77344, 4.70313], "texture": "#1"},
				"west": {"uv": [10.27343, 4.20313, 10.77344, 4.80313], "rotation": 90, "texture": "#1"},
				"up": {"uv": [10.27343, 4.20313, 10.77344, 4.80313], "rotation": 180, "texture": "#1"},
				"down": {"uv": [10.27343, 4.20313, 10.77344, 4.80313], "texture": "#1"}
			}
		},
		{
			"from": [7.80321, 13.9714, 7.46503],
			"to": [8.30321, 14.4714, 7.86503],
			"rotation": {"angle": 22.5, "axis": "x", "origin": [8.05321, 14.2214, 7.66503]},
			"faces": {
				"north": {"uv": [10.27343, 4.20313, 10.77344, 4.70313], "rotation": 90, "texture": "#1"},
				"east": {"uv": [10.27343, 4.20313, 10.77344, 4.60312], "rotation": 90, "texture": "#1"},
				"south": {"uv": [10.27343, 4.20313, 10.77344, 4.70313], "rotation": 90, "texture": "#1"},
				"west": {"uv": [10.27343, 4.20313, 10.77344, 4.60312], "rotation": 270, "texture": "#1"},
				"up": {"uv": [10.27343, 4.20313, 10.77344, 4.60312], "texture": "#1"},
				"down": {"uv": [10.27343, 4.20313, 10.77344, 4.60312], "rotation": 180, "texture": "#1"}
			}
		},
		{
			"from": [7.80321, 13.91389, 7.75413],
			"to": [8.30321, 14.41389, 8.22413],
			"rotation": {"angle": 0, "axis": "y", "origin": [8.05321, 14.16389, 7.98913]},
			"faces": {
				"north": {"uv": [10.27343, 4.20313, 10.77344, 4.70313], "rotation": 90, "texture": "#1"},
				"east": {"uv": [10.27343, 4.20313, 10.77344, 4.67313], "rotation": 270, "texture": "#1"},
				"south": {"uv": [10.27343, 4.20313, 10.77344, 4.70313], "rotation": 90, "texture": "#1"},
				"west": {"uv": [10.27343, 4.20313, 10.77344, 4.67313], "rotation": 90, "texture": "#1"},
				"up": {"uv": [10.27343, 4.20313, 10.77344, 4.67313], "rotation": 180, "texture": "#1"},
				"down": {"uv": [10.27343, 4.20313, 10.77344, 4.67313], "texture": "#1"}
			}
		},
		{
			"from": [7.80321, 14.15587, 8.38014],
			"to": [8.30321, 14.75587, 8.88014],
			"rotation": {"angle": 45, "axis": "x", "origin": [8.05321, 14.45587, 8.63014]},
			"faces": {
				"north": {"uv": [10.27343, 4.20313, 10.77344, 4.80312], "rotation": 180, "texture": "#1"},
				"east": {"uv": [10.27343, 4.20313, 10.77344, 4.80312], "rotation": 180, "texture": "#1"},
				"south": {"uv": [10.27343, 4.20313, 10.77344, 4.80312], "rotation": 180, "texture": "#1"},
				"west": {"uv": [10.27343, 4.20313, 10.77344, 4.80312], "rotation": 180, "texture": "#1"},
				"up": {"uv": [10.27343, 4.20313, 10.77344, 4.70313], "texture": "#1"},
				"down": {"uv": [10.27343, 4.20313, 10.77344, 4.70313], "texture": "#1"}
			}
		},
		{
			"from": [7.80321, 14.04752, 8.49703],
			"to": [8.30321, 14.54752, 8.89703],
			"rotation": {"angle": -22.5, "axis": "x", "origin": [8.05321, 13.29752, 8.69703]},
			"faces": {
				"north": {"uv": [10.27343, 4.20313, 10.77344, 4.70313], "rotation": 270, "texture": "#1"},
				"east": {"uv": [10.27343, 4.20313, 10.77344, 4.60313], "rotation": 90, "texture": "#1"},
				"south": {"uv": [10.27343, 4.20313, 10.77344, 4.70313], "rotation": 270, "texture": "#1"},
				"west": {"uv": [10.27343, 4.20313, 10.77344, 4.60313], "rotation": 270, "texture": "#1"},
				"up": {"uv": [10.27343, 4.20313, 10.77344, 4.60313], "texture": "#1"},
				"down": {"uv": [10.27343, 4.20313, 10.77344, 4.60313], "rotation": 180, "texture": "#1"}
			}
		},
		{
			"from": [8.57937, 12.99123, 7.7],
			"to": [9.07937, 14.39123, 8.2],
			"rotation": {"angle": 0, "axis": "y", "origin": [6.77937, 13.19123, 7.7]},
			"faces": {
				"north": {"uv": [10.27343, 4.20313, 10.77344, 5.60313], "texture": "#1"},
				"east": {"uv": [10.27343, 4.20313, 10.77344, 5.60313], "texture": "#1"},
				"south": {"uv": [10.27343, 4.20313, 10.77344, 5.60313], "texture": "#1"},
				"west": {"uv": [10.27343, 4.20313, 10.77344, 5.60313], "texture": "#1"},
				"up": {"uv": [10.27343, 4.20313, 10.77344, 4.70313], "texture": "#1"},
				"down": {"uv": [10.27343, 4.20313, 10.77344, 4.70313], "texture": "#1"}
			}
		},
		{
			"from": [8.4051, 14.11194, 7.7],
			"to": [8.9051, 14.71194, 8.2],
			"rotation": {"angle": 45, "axis": "z", "origin": [8.6551, 14.46194, 7.95]},
			"faces": {
				"north": {"uv": [10.27343, 4.20313, 10.77344, 4.80312], "texture": "#1"},
				"east": {"uv": [10.27343, 4.20313, 10.77344, 4.80312], "texture": "#1"},
				"south": {"uv": [10.27343, 4.20313, 10.77344, 4.80312], "texture": "#1"},
				"west": {"uv": [10.27343, 4.20313, 10.77344, 4.80312], "texture": "#1"},
				"up": {"uv": [10.27343, 4.20313, 10.77344, 4.70313], "texture": "#1"},
				"down": {"uv": [10.27343, 4.20313, 10.77344, 4.70313], "texture": "#1"}
			}
		},
		{
			"from": [8.17846, 14.43019, 7.7],
			"to": [8.57846, 14.93019, 8.2],
			"rotation": {"angle": -22.5, "axis": "z", "origin": [8.32846, 14.68019, 7.95]},
			"faces": {
				"north": {"uv": [10.27343, 4.20313, 10.77344, 4.60313], "rotation": 90, "texture": "#1"},
				"east": {"uv": [10.27343, 4.20313, 10.77344, 4.70313], "rotation": 270, "texture": "#1"},
				"south": {"uv": [10.27343, 4.20313, 10.77344, 4.60313], "rotation": 270, "texture": "#1"},
				"west": {"uv": [10.27343, 4.20313, 10.77344, 4.70313], "rotation": 270, "texture": "#1"},
				"up": {"uv": [10.27343, 4.20313, 10.77344, 4.60313], "rotation": 270, "texture": "#1"},
				"down": {"uv": [10.27343, 4.20313, 10.77344, 4.60313], "rotation": 270, "texture": "#1"}
			}
		},
		{
			"from": [7.1949, 14.11194, 7.7],
			"to": [7.6949, 14.71194, 8.2],
			"rotation": {"angle": -45, "axis": "z", "origin": [7.4449, 14.46194, 7.95]},
			"faces": {
				"north": {"uv": [10.27343, 4.20313, 10.77344, 4.80312], "texture": "#1"},
				"east": {"uv": [10.27343, 4.20313, 10.77344, 4.80312], "texture": "#1"},
				"south": {"uv": [10.27343, 4.20313, 10.77344, 4.80312], "texture": "#1"},
				"west": {"uv": [10.27343, 4.20313, 10.77344, 4.80312], "texture": "#1"},
				"up": {"uv": [10.27343, 4.20313, 10.77344, 4.70313], "texture": "#1"},
				"down": {"uv": [10.27343, 4.20313, 10.77344, 4.70313], "texture": "#1"}
			}
		},
		{
			"from": [7.02063, 12.99123, 7.7],
			"to": [7.52063, 14.39123, 8.2],
			"rotation": {"angle": 0, "axis": "y", "origin": [7.02063, 13.19123, 7.7]},
			"faces": {
				"north": {"uv": [10.27343, 4.20313, 10.77344, 5.60313], "texture": "#1"},
				"east": {"uv": [10.27343, 4.20313, 10.77344, 5.60313], "texture": "#1"},
				"south": {"uv": [10.27343, 4.20313, 10.77344, 5.60313], "texture": "#1"},
				"west": {"uv": [10.27343, 4.20313, 10.77344, 5.60313], "texture": "#1"},
				"up": {"uv": [10.27343, 4.20313, 10.77344, 4.70313], "texture": "#1"},
				"down": {"uv": [10.27343, 4.20313, 10.77344, 4.70313], "texture": "#1"}
			}
		},
		{
			"from": [8.17085, 12.49053, 7.7],
			"to": [8.57085, 12.99053, 8.2],
			"rotation": {"angle": 22.5, "axis": "z", "origin": [8.42085, 12.74053, 7.95]},
			"faces": {
				"north": {"uv": [10.27343, 4.20313, 10.77344, 4.60313], "rotation": 270, "texture": "#1"},
				"east": {"uv": [10.27343, 4.20313, 10.77344, 4.70313], "rotation": 90, "texture": "#1"},
				"south": {"uv": [10.27343, 4.20313, 10.77344, 4.60313], "rotation": 90, "texture": "#1"},
				"west": {"uv": [10.27343, 4.20313, 10.77344, 4.70313], "rotation": 90, "texture": "#1"},
				"up": {"uv": [10.27343, 4.20313, 10.77344, 4.60313], "rotation": 90, "texture": "#1"},
				"down": {"uv": [10.27343, 4.20313, 10.77344, 4.60313], "rotation": 90, "texture": "#1"}
			}
		},
		{
			"from": [8.47582, 12.64123, 7.7],
			"to": [8.97582, 13.24123, 8.2],
			"rotation": {"angle": -45, "axis": "z", "origin": [8.72582, 12.99123, 7.95]},
			"faces": {
				"north": {"uv": [10.27343, 4.20313, 10.77344, 4.80312], "texture": "#1"},
				"east": {"uv": [10.27343, 4.20313, 10.77344, 4.80312], "texture": "#1"},
				"south": {"uv": [10.27343, 4.20313, 10.77344, 4.80312], "texture": "#1"},
				"west": {"uv": [10.27343, 4.20313, 10.77344, 4.80312], "texture": "#1"},
				"up": {"uv": [10.27343, 4.20313, 10.77344, 4.70313], "texture": "#1"},
				"down": {"uv": [10.27343, 4.20313, 10.77344, 4.70313], "texture": "#1"}
			}
		},
		{
			"from": [7.12418, 12.64123, 7.7],
			"to": [7.62418, 13.24123, 8.2],
			"rotation": {"angle": 45, "axis": "z", "origin": [7.37418, 12.99123, 7.95]},
			"faces": {
				"north": {"uv": [10.27343, 4.20313, 10.77344, 4.80312], "texture": "#1"},
				"east": {"uv": [10.27343, 4.20313, 10.77344, 4.80312], "texture": "#1"},
				"south": {"uv": [10.27343, 4.20313, 10.77344, 4.80312], "texture": "#1"},
				"west": {"uv": [10.27343, 4.20313, 10.77344, 4.80312], "texture": "#1"},
				"up": {"uv": [10.27343, 4.20313, 10.77344, 4.70313], "texture": "#1"},
				"down": {"uv": [10.27343, 4.20313, 10.77344, 4.70313], "texture": "#1"}
			}
		},
		{
			"from": [7.52915, 12.49053, 7.7],
			"to": [7.92915, 12.99053, 8.2],
			"rotation": {"angle": -22.5, "axis": "z", "origin": [7.67915, 12.74053, 7.95]},
			"faces": {
				"north": {"uv": [10.27343, 4.20313, 10.77344, 4.60313], "rotation": 90, "texture": "#1"},
				"east": {"uv": [10.27343, 4.20313, 10.77344, 4.70313], "rotation": 270, "texture": "#1"},
				"south": {"uv": [10.27343, 4.20313, 10.77344, 4.60313], "rotation": 270, "texture": "#1"},
				"west": {"uv": [10.27343, 4.20313, 10.77344, 4.70313], "rotation": 270, "texture": "#1"},
				"up": {"uv": [10.27343, 4.20313, 10.77344, 4.60313], "rotation": 270, "texture": "#1"},
				"down": {"uv": [10.27343, 4.20313, 10.77344, 4.60313], "rotation": 270, "texture": "#1"}
			}
		},
		{
			"from": [7.52154, 14.43019, 7.7],
			"to": [7.92154, 14.93019, 8.2],
			"rotation": {"angle": 22.5, "axis": "z", "origin": [7.77154, 14.68019, 7.95]},
			"faces": {
				"north": {"uv": [10.27343, 4.20313, 10.77344, 4.60312], "rotation": 270, "texture": "#1"},
				"east": {"uv": [10.27343, 4.20313, 10.77344, 4.70313], "rotation": 90, "texture": "#1"},
				"south": {"uv": [10.27343, 4.20313, 10.77344, 4.60312], "rotation": 90, "texture": "#1"},
				"west": {"uv": [10.27343, 4.20313, 10.77344, 4.70313], "rotation": 90, "texture": "#1"},
				"up": {"uv": [10.27343, 4.20313, 10.77344, 4.60312], "rotation": 90, "texture": "#1"},
				"down": {"uv": [10.27343, 4.20313, 10.77344, 4.60312], "rotation": 90, "texture": "#1"}
			}
		},
		{
			"from": [7.81445, 12.41389, 7.7],
			"to": [8.28445, 12.91389, 8.2],
			"rotation": {"angle": 0, "axis": "y", "origin": [8.01445, 12.66389, 7.95]},
			"faces": {
				"north": {"uv": [10.27343, 4.20313, 10.77344, 4.67313], "rotation": 270, "texture": "#1"},
				"east": {"uv": [10.27343, 4.20313, 10.77344, 4.70313], "rotation": 90, "texture": "#1"},
				"south": {"uv": [10.27343, 4.20313, 10.77344, 4.67313], "rotation": 90, "texture": "#1"},
				"west": {"uv": [10.27343, 4.20313, 10.77344, 4.70313], "rotation": 90, "texture": "#1"},
				"up": {"uv": [10.27343, 4.20313, 10.77344, 4.67313], "rotation": 90, "texture": "#1"},
				"down": {"uv": [10.27343, 4.20313, 10.77344, 4.67313], "rotation": 90, "texture": "#1"}
			}
		},
		{
			"from": [7.81445, 14.46857, 7.7],
			"to": [8.28445, 14.96857, 8.2],
			"rotation": {"angle": 0, "axis": "y", "origin": [8.01445, 14.71857, 7.95]},
			"faces": {
				"north": {"uv": [10.27343, 4.20313, 10.77344, 4.67313], "rotation": 270, "texture": "#1"},
				"east": {"uv": [10.27343, 4.20313, 10.77344, 4.70313], "rotation": 90, "texture": "#1"},
				"south": {"uv": [10.27343, 4.20313, 10.77344, 4.67313], "rotation": 90, "texture": "#1"},
				"west": {"uv": [10.27343, 4.20313, 10.77344, 4.70313], "rotation": 90, "texture": "#1"},
				"up": {"uv": [10.27343, 4.20313, 10.77344, 4.67313], "rotation": 90, "texture": "#1"},
				"down": {"uv": [10.27343, 4.20313, 10.77344, 4.67313], "rotation": 90, "texture": "#1"}
			}
		},
		{
			"from": [7.80321, 11.49123, 6.96032],
			"to": [8.30321, 12.89123, 7.46032],
			"rotation": {"angle": 0, "axis": "y", "origin": [4.53176, 12.34561, 10.67145]},
			"faces": {
				"north": {"uv": [10.27343, 4.20313, 10.77344, 5.60313], "texture": "#1"},
				"east": {"uv": [10.27343, 4.20313, 10.77344, 5.60313], "texture": "#1"},
				"south": {"uv": [10.27343, 4.20313, 10.77344, 5.60313], "texture": "#1"},
				"west": {"uv": [10.27343, 4.20313, 10.77344, 5.60313], "texture": "#1"},
				"up": {"uv": [10.27343, 4.20313, 10.77344, 4.70313], "rotation": 90, "texture": "#1"},
				"down": {"uv": [10.27343, 4.20313, 10.77344, 4.70313], "rotation": 270, "texture": "#1"}
			}
		},
		{
			"from": [7.80321, 12.67658, 7.04922],
			"to": [8.30321, 13.17658, 7.64922],
			"rotation": {"angle": -45, "axis": "x", "origin": [8.05321, 12.92658, 7.34922]},
			"faces": {
				"north": {"uv": [10.27343, 4.20313, 10.77344, 4.70313], "rotation": 180, "texture": "#1"},
				"east": {"uv": [10.27343, 4.20313, 10.77344, 4.80313], "rotation": 270, "texture": "#1"},
				"south": {"uv": [10.27343, 4.20313, 10.77344, 4.70313], "texture": "#1"},
				"west": {"uv": [10.27343, 4.20313, 10.77344, 4.80313], "rotation": 90, "texture": "#1"},
				"up": {"uv": [10.27343, 4.20313, 10.77344, 4.80313], "rotation": 180, "texture": "#1"},
				"down": {"uv": [10.27343, 4.20313, 10.77344, 4.80313], "texture": "#1"}
			}
		},
		{
			"from": [7.80321, 12.91106, 7.46503],
			"to": [8.30321, 13.41106, 7.86503],
			"rotation": {"angle": -22.5, "axis": "x", "origin": [8.05321, 13.16106, 7.66503]},
			"faces": {
				"north": {"uv": [10.27343, 4.20313, 10.77344, 4.70313], "rotation": 270, "texture": "#1"},
				"east": {"uv": [10.27343, 4.20313, 10.77344, 4.60313], "rotation": 90, "texture": "#1"},
				"south": {"uv": [10.27343, 4.20313, 10.77344, 4.70313], "rotation": 270, "texture": "#1"},
				"west": {"uv": [10.27343, 4.20313, 10.77344, 4.60313], "rotation": 270, "texture": "#1"},
				"up": {"uv": [10.27343, 4.20313, 10.77344, 4.60313], "texture": "#1"},
				"down": {"uv": [10.27343, 4.20313, 10.77344, 4.60313], "rotation": 180, "texture": "#1"}
			}
		},
		{
			"from": [7.80321, 12.96857, 7.75413],
			"to": [8.30321, 13.46857, 8.22413],
			"rotation": {"angle": 0, "axis": "y", "origin": [8.05321, 13.21857, 7.98913]},
			"faces": {
				"north": {"uv": [10.27343, 4.20313, 10.77344, 4.70313], "rotation": 90, "texture": "#1"},
				"east": {"uv": [10.27343, 4.20313, 10.77344, 4.67313], "rotation": 270, "texture": "#1"},
				"south": {"uv": [10.27343, 4.20313, 10.77344, 4.70313], "rotation": 90, "texture": "#1"},
				"west": {"uv": [10.27343, 4.20313, 10.77344, 4.67313], "rotation": 90, "texture": "#1"},
				"up": {"uv": [10.27343, 4.20313, 10.77344, 4.67313], "rotation": 180, "texture": "#1"},
				"down": {"uv": [10.27343, 4.20313, 10.77344, 4.67313], "texture": "#1"}
			}
		},
		{
			"from": [7.80321, 12.91106, 8.11434],
			"to": [8.30321, 13.41106, 8.51434],
			"rotation": {"angle": 22.5, "axis": "x", "origin": [8.05321, 13.16106, 8.31434]},
			"faces": {
				"north": {"uv": [10.27343, 4.20313, 10.77344, 4.70313], "rotation": 90, "texture": "#1"},
				"east": {"uv": [10.27343, 4.20313, 10.77344, 4.60313], "rotation": 90, "texture": "#1"},
				"south": {"uv": [10.27343, 4.20313, 10.77344, 4.70313], "rotation": 90, "texture": "#1"},
				"west": {"uv": [10.27343, 4.20313, 10.77344, 4.60313], "rotation": 270, "texture": "#1"},
				"up": {"uv": [10.27343, 4.20313, 10.77344, 4.60313], "texture": "#1"},
				"down": {"uv": [10.27343, 4.20313, 10.77344, 4.60313], "rotation": 180, "texture": "#1"}
			}
		},
		{
			"from": [7.80321, 12.62658, 8.38014],
			"to": [8.30321, 13.22658, 8.88014],
			"rotation": {"angle": -45, "axis": "x", "origin": [8.05321, 12.92658, 8.63014]},
			"faces": {
				"north": {"uv": [10.27343, 4.20313, 10.77344, 4.80313], "rotation": 180, "texture": "#1"},
				"east": {"uv": [10.27343, 4.20313, 10.77344, 4.80313], "rotation": 180, "texture": "#1"},
				"south": {"uv": [10.27343, 4.20313, 10.77344, 4.80313], "rotation": 180, "texture": "#1"},
				"west": {"uv": [10.27343, 4.20313, 10.77344, 4.80313], "rotation": 180, "texture": "#1"},
				"up": {"uv": [10.27343, 4.20313, 10.77344, 4.70313], "texture": "#1"},
				"down": {"uv": [10.27343, 4.20313, 10.77344, 4.70313], "texture": "#1"}
			}
		},
		{
			"from": [7.80321, 11.49123, 8.51905],
			"to": [8.30321, 12.89123, 9.01905],
			"rotation": {"angle": 0, "axis": "y", "origin": [4.53176, 12.34561, 10.67145]},
			"faces": {
				"north": {"uv": [10.27343, 4.20313, 10.77344, 5.60313], "texture": "#1"},
				"east": {"uv": [10.27343, 4.20313, 10.77344, 5.60313], "texture": "#1"},
				"south": {"uv": [10.27343, 4.20313, 10.77344, 5.60313], "texture": "#1"},
				"west": {"uv": [10.27343, 4.20313, 10.77344, 5.60313], "texture": "#1"},
				"up": {"uv": [10.27343, 4.20313, 10.77344, 4.70313], "rotation": 90, "texture": "#1"},
				"down": {"uv": [10.27343, 4.20313, 10.77344, 4.70313], "rotation": 270, "texture": "#1"}
			}
		}
	],
	"groups": [
		{
			"name": "group",
			"origin": [7.71229, 3.47821, 8.35],
			"color": 0,
			"nbt": "{}",
			"armAnimationEnabled": false,
			"children": []
		},
		{
			"name": "group",
			"origin": [0, 0, 0],
			"color": 0,
			"nbt": "{}",
			"armAnimationEnabled": false,
			"children": [0]
		},
		{
			"name": "group",
			"origin": [0, 0, 0],
			"color": 0,
			"nbt": "{}",
			"armAnimationEnabled": false,
			"children": [
				1,
				2,
				3,
				4,
				5,
				{
					"name": "group",
					"origin": [10.85, 5.16298, 5.78883],
					"color": 0,
					"nbt": "{}",
					"armAnimationEnabled": false,
					"children": [6, 7, 8, 9, 10, 11, 12, 13, 14, 15, 16, 17, 18, 19, 20, 21, 22, 23, 24, 25, 26, 27, 28, 29]
				},
				30,
				31,
				32,
				33,
				34,
				35,
				36,
				37,
				38,
				39,
				40,
				41,
				42,
				43
			]
		},
		{
			"name": "r1",
			"origin": [8.05321, 10.29752, 8.69703],
			"color": 0,
			"nbt": "{}",
			"armAnimationEnabled": false,
			"children": [44, 45, 46, 47, 48, 49, 50, 51, 52, 53, 54, 55, 56, 57, 58, 59, 60, 61, 62, 63, 64, 65, 66, 67, 68, 69, 70, 71, 72, 73, 74, 75, 76, 77, 78, 79]
		}
	]
}