{
	"credit": "Made with Blockbench",
	"parent": "minecraft:block/tinted_cross",
	"textures": {
		"1": "block/fern",
		"particle": "block/fern"
	},
	"elements": [
		{
			"from": [5.14805, 0.27164, 0],
			"to": [21.14805, 0.27164, 16],
			"rotation": {"angle": 22.5, "axis": "z", "origin": [8, 5.5, 8]},
			"faces": {
				"north": {"uv": [0, 0, 0, 16], "rotation": 270, "texture": "#1"},
				"east": {"uv": [0, 0, 0, 16], "rotation": 90, "texture": "#1"},
				"south": {"uv": [0, 0, 0, 16], "rotation": 90, "texture": "#1"},
				"west": {"uv": [0, 0, 0, 16], "rotation": 90, "texture": "#1"},
				"up": {"uv": [0, 0, 16, 16], "rotation": 90, "texture": "#1"},
				"down": {"uv": [0, 0, 16, 16], "rotation": 90, "texture": "#1"}
			}
		},
		{
			"from": [-6.14805, 0.27164, 0],
			"to": [9.85195, 0.27164, 16],
			"rotation": {"angle": -22.5, "axis": "z", "origin": [8, 5.5, 8]},
			"faces": {
				"north": {"uv": [0, 0, 0, 16], "rotation": 90, "texture": "#1"},
				"east": {"uv": [0, 0, 0, 16], "rotation": 270, "texture": "#1"},
				"south": {"uv": [0, 0, 0, 16], "rotation": 270, "texture": "#1"},
				"west": {"uv": [0, 0, 0, 16], "rotation": 270, "texture": "#1"},
				"up": {"uv": [0, 0, 16, 16], "rotation": 270, "texture": "#1"},
				"down": {"uv": [0, 0, 16, 16], "rotation": 270, "texture": "#1"}
			}
		},
		{
			"from": [0, 0.27164, 6.14805],
			"to": [16, 0.27164, 22.14805],
			"rotation": {"angle": -22.5, "axis": "x", "origin": [8, 5.5, 8]},
			"faces": {
				"north": {"uv": [0, 0, 16, 0], "rotation": 180, "texture": "#1"},
				"east": {"uv": [0, 0, 0, 16], "rotation": 270, "texture": "#1"},
				"south": {"uv": [0, 0, 16, 0], "texture": "#1"},
				"west": {"uv": [0, 0, 0, 16], "rotation": 90, "texture": "#1"},
				"up": {"uv": [0, 0, 16, 16], "rotation": 180, "texture": "#1"},
				"down": {"uv": [0, 0, 16, 16], "texture": "#1"}
			}
		},
		{
			"from": [0, 0.27164, -5.14805],
			"to": [16, 0.27164, 10.85195],
			"rotation": {"angle": 22.5, "axis": "x", "origin": [8, 5.5, 8]},
			"faces": {
				"north": {"uv": [0, 0, 16, 0], "rotation": 180, "texture": "#1"},
				"east": {"uv": [0, 0, 0, 16], "rotation": 90, "texture": "#1"},
				"south": {"uv": [0, 0, 16, 0], "texture": "#1"},
				"west": {"uv": [0, 0, 0, 16], "rotation": 270, "texture": "#1"},
				"up": {"uv": [0, 0, 16, 16], "texture": "#1"},
				"down": {"uv": [0, 0, 16, 16], "rotation": 180, "texture": "#1"}
			}
		},
		{
			"from": [8, 0, -3],
			"to": [8, 10.9, 19],
			"rotation": {"angle": -45, "axis": "y", "origin": [8, 8, 8]},
			"faces": {
				"north": {"uv": [0, 9.17812, 0, 16], "texture": "#1"},
				"east": {"uv": [0, 9.17812, 16, 16], "texture": "#1"},
				"south": {"uv": [0, 9.17812, 0, 16], "texture": "#1"},
				"west": {"uv": [0, 9.17812, 16, 16], "texture": "#1"},
				"up": {"uv": [0, 4.07813, 16, 0], "rotation": 270, "texture": "#1"},
				"down": {"uv": [0, 4.07813, 16, 0], "rotation": 90, "texture": "#1"}
			}
		},
		{
			"from": [-3, 0, 8],
			"to": [19, 10.9, 8],
			"rotation": {"angle": -45, "axis": "y", "origin": [8, 8, 8]},
			"faces": {
				"north": {"uv": [0, 9.17812, 16, 16], "texture": "#1"},
				"east": {"uv": [0, 9.17812, 0, 16], "texture": "#1"},
				"south": {"uv": [0, 9.17812, 16, 16], "texture": "#1"},
				"west": {"uv": [0, 9.17812, 0, 16], "texture": "#1"},
				"up": {"uv": [0, 4.07813, 16, 0], "texture": "#1"},
				"down": {"uv": [0, 4.07813, 16, 0], "texture": "#1"}
			}
		},
		{
			"from": [-1, 2.08585, -5.56226],
			"to": [17, 2.08585, 13.43774],
			"rotation": {"angle": 45, "axis": "x", "origin": [8, 5.9, 8]},
			"faces": {
				"north": {"uv": [0, 0, 16, 0], "rotation": 180, "texture": "#1"},
				"east": {"uv": [0, 0, 0, 16], "rotation": 90, "texture": "#1"},
				"south": {"uv": [0, 0, 16, 0], "texture": "#1"},
				"west": {"uv": [0, 0, 0, 16], "rotation": 270, "texture": "#1"},
				"up": {"uv": [0, 0, 16, 16], "texture": "#1"},
				"down": {"uv": [0, 0, 16, 16], "rotation": 180, "texture": "#1"}
			}
		},
		{
			"from": [4.18585, 0.46226, -1],
			"to": [4.18585, 19.46226, 17],
			"rotation": {"angle": 45, "axis": "z", "origin": [8, 5.9, 8]},
			"faces": {
				"north": {"uv": [0, 0, 0, 16], "texture": "#1"},
				"east": {"uv": [0, 0, 16, 16], "texture": "#1"},
				"south": {"uv": [0, 0, 0, 16], "texture": "#1"},
				"west": {"uv": [0, 0, 16, 16], "texture": "#1"},
				"up": {"uv": [0, 0, 0, 16], "texture": "#1"},
				"down": {"uv": [0, 0, 0, 16], "texture": "#1"}
			}
		},
		{
			"from": [-1, 2.08585, 2.56226],
			"to": [17, 2.08585, 21.56226],
			"rotation": {"angle": -45, "axis": "x", "origin": [8, 5.9, 8]},
			"faces": {
				"north": {"uv": [0, 0, 16, 0], "rotation": 180, "texture": "#1"},
				"east": {"uv": [0, 0, 0, 16], "rotation": 270, "texture": "#1"},
				"south": {"uv": [0, 0, 16, 0], "texture": "#1"},
				"west": {"uv": [0, 0, 0, 16], "rotation": 90, "texture": "#1"},
				"up": {"uv": [0, 0, 16, 16], "rotation": 180, "texture": "#1"},
				"down": {"uv": [0, 0, 16, 16], "texture": "#1"}
			}
		},
		{
			"from": [2.56226, 2.08585, -1],
			"to": [21.56226, 2.08585, 17],
			"rotation": {"angle": 45, "axis": "z", "origin": [8, 5.9, 8]},
			"faces": {
				"north": {"uv": [0, 0, 0, 16], "rotation": 270, "texture": "#1"},
				"east": {"uv": [0, 0, 0, 16], "rotation": 90, "texture": "#1"},
				"south": {"uv": [0, 0, 0, 16], "rotation": 90, "texture": "#1"},
				"west": {"uv": [0, 0, 0, 16], "rotation": 90, "texture": "#1"},
				"up": {"uv": [0, 0, 16, 16], "rotation": 90, "texture": "#1"},
				"down": {"uv": [0, 0, 16, 16], "rotation": 90, "texture": "#1"}
			}
		}
	]
}