{
	"credit": "Made with Blockbench",
	"parent": "minecraft:block/tinted_cross",
	"textures": {
		"1": "block/fern",
		"particle": "block/fern"
	},
	"elements": [
		{
			"from": [-3, -5.1, 8],
			"to": [19, 4.5, 8],
			"rotation": {"angle": -45, "axis": "y", "origin": [8, 8, 8]},
			"faces": {
				"north": {"uv": [0, 2.84375, 16, 9.16406], "texture": "#1"},
				"east": {"uv": [0, 2.84375, 0, 9.16406], "texture": "#1"},
				"south": {"uv": [0, 2.84375, 16, 9.16406], "texture": "#1"},
				"west": {"uv": [0, 2.84375, 0, 9.16406], "texture": "#1"},
				"up": {"uv": [0, 4.07813, 16, 0], "texture": "#1"},
				"down": {"uv": [0, 4.07813, 16, 0], "texture": "#1"}
			}
		},
		{
			"from": [8, -5.1, -3],
			"to": [8, 4.5, 19],
			"rotation": {"angle": -45, "axis": "y", "origin": [8, 8, 8]},
			"faces": {
				"north": {"uv": [0, 2.84375, 0, 9.16406], "texture": "#1"},
				"east": {"uv": [0, 2.84375, 16, 9.16406], "texture": "#1"},
				"south": {"uv": [0, 2.84375, 0, 9.16406], "texture": "#1"},
				"west": {"uv": [0, 2.84375, 16, 9.16406], "texture": "#1"},
				"up": {"uv": [0, 4.07813, 16, 0], "rotation": 270, "texture": "#1"},
				"down": {"uv": [0, 4.07813, 16, 0], "rotation": 90, "texture": "#1"}
			}
		}
	]
}