{
	"credit": "Made with Blockbench",
	"textures": {
		"1": "block/door/hinges_and_lock_oak_door",
		"2": "block/door/oak_door_tx",
		"particle": "block/door/oak_door_tx"
	},
	"elements": [
		{
			"from": [15.79375, 0.25, 0.05],
			"to": [16, 16.175, 1.2],
			"rotation": {"angle": 0, "axis": "y", "origin": [10.34624, 5.62453, 15.00172]},
			"faces": {
				"north": {"uv": [8.375, 0, 8.48125, 15.875], "texture": "#2"},
				"east": {"uv": [4.563, 0.063, 6.313, 16], "texture": "#2"},
				"south": {"uv": [0, 0, 0.20625, 15.925], "texture": "#2"},
				"west": {"uv": [0, 0.125, 1.15, 16.05], "texture": "#2"},
				"up": {"uv": [0, 0, 3.2, 16], "texture": "#2"},
				"down": {"uv": [0, 0, 3.2, 16], "texture": "#2"}
			}
		},
		{
			"from": [0, 0, 0.05],
			"to": [0.20625, 16.175, 1.2],
			"rotation": {"angle": 0, "axis": "y", "origin": [5.65376, 5.62453, 15.00172]},
			"faces": {
				"north": {"uv": [8.48125, 0, 8.375, 15.875], "texture": "#2"},
				"east": {"uv": [12.172, 0, 10.422, 16], "texture": "#2"},
				"south": {"uv": [0.20625, 0, 0, 16], "texture": "#2"},
				"west": {"uv": [6.313, 0.063, 4.563, 16], "texture": "#2"},
				"up": {"uv": [3.2, 0, 0, 16], "texture": "#2"},
				"down": {"uv": [3.2, 0, 0, 16], "texture": "#2"}
			}
		},
		{
			"from": [-0.675, 0.125, -0.2],
			"to": [0.19688, 15.775, 1.40625],
			"rotation": {"angle": 0, "axis": "y", "origin": [10.33374, 5.62453, 15.00172]},
			"faces": {
				"north": {"uv": [10.78906, 0, 12.06094, 15.65], "texture": "#2"},
				"east": {"uv": [5.89375, 0, 7.5, 15.65], "texture": "#2"},
				"south": {"uv": [2.75, 0, 4.02188, 15.65], "texture": "#2"},
				"west": {"uv": [10, 0, 11.60625, 15.65], "texture": "#2"},
				"up": {"uv": [5.89375, 0.95, 7.5, 2.22188], "rotation": 90, "texture": "#2"},
				"down": {"uv": [0, 0, 1.60625, 1.27188], "rotation": 270, "texture": "#2"}
			}
		},
		{
			"from": [15.89375, 0, -0.2],
			"to": [16.61875, 15.775, 1.40625],
			"rotation": {"angle": 0, "axis": "y", "origin": [10.33374, 5.62453, 15.00172]},
			"faces": {
				"north": {"uv": [11.975, 0, 10.75, 15.775], "texture": "#2"},
				"east": {"uv": [11.60625, 0, 10, 15.775], "texture": "#2"},
				"south": {"uv": [7.6, 0, 6.375, 15.775], "texture": "#2"},
				"west": {"uv": [7.5, 0, 5.89375, 15.775], "texture": "#2"},
				"up": {"uv": [5.89375, 2.175, 7.5, 0.95], "rotation": 90, "texture": "#2"},
				"down": {"uv": [0, 1.225, 1.60625, 0], "rotation": 270, "texture": "#2"}
			}
		},
		{
			"from": [-0.675, 15.775, -0.2],
			"to": [16.61875, 16.825, 1.40625],
			"rotation": {"angle": 0, "axis": "y", "origin": [10.33374, 5.62453, 15.00172]},
			"faces": {
				"north": {"uv": [1.05, 0, 0, 16], "rotation": 270, "texture": "#2"},
				"east": {"uv": [0, 1.05, 1.60625, 0], "rotation": 180, "texture": "#2"},
				"south": {"uv": [4.75, 0, 5.8, 16], "rotation": 270, "texture": "#2"},
				"west": {"uv": [0, 1.05, 1.60625, 0], "texture": "#2"},
				"up": {"uv": [9.98125, 0, 8.375, 16], "rotation": 90, "texture": "#2"},
				"down": {"uv": [1.60625, 0, 0, 16], "rotation": 90, "texture": "#2"}
			}
		},
		{
			"from": [-0.0125, 16.175, 0.05],
			"to": [16.00313, 16.50625, 1.2],
			"rotation": {"angle": 0, "axis": "y", "origin": [10.33374, 5.62453, 15.00172]},
			"faces": {
				"north": {"uv": [0, 0, 0.23125, 16], "rotation": 270, "texture": "#2"},
				"east": {"uv": [0, 1.75, 0.23125, 0], "rotation": 270, "texture": "#2"},
				"south": {"uv": [0.10625, 0, 0, 16], "rotation": 90, "texture": "#2"},
				"west": {"uv": [0, 1.75, 0.23125, 0], "rotation": 270, "texture": "#2"},
				"up": {"uv": [6.125, 0, 7.275, 16], "rotation": 270, "texture": "#2"},
				"down": {"uv": [1.75, 0, 0, 16], "rotation": 90, "texture": "#2"}
			}
		},
		{
			"from": [0.23, 12, 0.63],
			"to": [0.23, 13, 1.13],
			"rotation": {"angle": 0, "axis": "y", "origin": [0.39, 6.975, 1.04]},
			"faces": {
				"north": {"uv": [0, 9.4902, 4.23529, 14.66667], "texture": "#1"},
				"east": {"uv": [0, 9.4902, 4.23529, 14.66667], "rotation": 180, "texture": "#1"},
				"south": {"uv": [0, 9.4902, 4.23529, 14.66667], "texture": "#1"},
				"west": {"uv": [0, 9.4902, 4.23529, 14.66667], "texture": "#1"},
				"up": {"uv": [0, 9.4902, 4.23529, 14.66667], "rotation": 270, "texture": "#1"},
				"down": {"uv": [0, 9.4902, 4.23529, 14.66667], "rotation": 90, "texture": "#1"}
			}
		},
		{
			"from": [0.24, 12, 0.63],
			"to": [0.24, 13, 1.13],
			"rotation": {"angle": 0, "axis": "y", "origin": [0.39, 6.975, 1.04]},
			"faces": {
				"north": {"uv": [0, 9.4902, 4.23529, 14.66667], "texture": "#1"},
				"east": {"uv": [0, 9.4902, 4.23529, 14.66667], "rotation": 180, "texture": "#1"},
				"south": {"uv": [0, 9.4902, 4.23529, 14.66667], "texture": "#1"},
				"west": {"uv": [0, 9.4902, 4.23529, 14.66667], "texture": "#1"},
				"up": {"uv": [0, 9.4902, 4.23529, 14.66667], "rotation": 270, "texture": "#1"},
				"down": {"uv": [0, 9.4902, 4.23529, 14.66667], "rotation": 90, "texture": "#1"}
			}
		},
		{
			"from": [0.25, 12, 0.63],
			"to": [0.25, 13, 1.13],
			"rotation": {"angle": 0, "axis": "y", "origin": [0.39, 6.975, 1.04]},
			"faces": {
				"north": {"uv": [0, 9.4902, 4.23529, 14.66667], "texture": "#1"},
				"east": {"uv": [0, 9.4902, 4.23529, 14.66667], "rotation": 180, "texture": "#1"},
				"south": {"uv": [0, 9.4902, 4.23529, 14.66667], "texture": "#1"},
				"west": {"uv": [0, 9.4902, 4.23529, 14.66667], "texture": "#1"},
				"up": {"uv": [0, 9.4902, 4.23529, 14.66667], "rotation": 270, "texture": "#1"},
				"down": {"uv": [0, 9.4902, 4.23529, 14.66667], "rotation": 90, "texture": "#1"}
			}
		},
		{
			"from": [0.26, 12, 0.63],
			"to": [0.26, 13, 1.13],
			"rotation": {"angle": 0, "axis": "y", "origin": [0.39, 6.975, 1.04]},
			"faces": {
				"north": {"uv": [0, 9.4902, 4.23529, 14.66667], "texture": "#1"},
				"east": {"uv": [0, 9.4902, 4.23529, 14.66667], "rotation": 180, "texture": "#1"},
				"south": {"uv": [0, 9.4902, 4.23529, 14.66667], "texture": "#1"},
				"west": {"uv": [0, 9.4902, 4.23529, 14.66667], "texture": "#1"},
				"up": {"uv": [0, 9.4902, 4.23529, 14.66667], "rotation": 270, "texture": "#1"},
				"down": {"uv": [0, 9.4902, 4.23529, 14.66667], "rotation": 90, "texture": "#1"}
			}
		},
		{
			"from": [0.27, 12, 0.63],
			"to": [0.27, 13, 1.13],
			"rotation": {"angle": 0, "axis": "y", "origin": [0.39, 6.975, 1.04]},
			"faces": {
				"north": {"uv": [0, 9.4902, 4.23529, 14.66667], "texture": "#1"},
				"east": {"uv": [0, 9.4902, 4.23529, 14.66667], "rotation": 180, "texture": "#1"},
				"south": {"uv": [0, 9.4902, 4.23529, 14.66667], "texture": "#1"},
				"west": {"uv": [0, 9.4902, 4.23529, 14.66667], "texture": "#1"},
				"up": {"uv": [0, 9.4902, 4.23529, 14.66667], "rotation": 270, "texture": "#1"},
				"down": {"uv": [0, 9.4902, 4.23529, 14.66667], "rotation": 90, "texture": "#1"}
			}
		},
		{
			"from": [0.36383, 12, 0.98103],
			"to": [0.36383, 12.9, 1.18103],
			"rotation": {"angle": 22.5, "axis": "y", "origin": [0.39, 6.975, 1.04]},
			"faces": {
				"north": {"uv": [0.23529, 3.37255, 4.07843, 13.88235], "texture": "#1"},
				"east": {"uv": [0.23529, 3.37255, 3.76471, 9.60588], "rotation": 180, "texture": "#1"},
				"south": {"uv": [0.23529, 3.37255, 4.07843, 13.88235], "texture": "#1"},
				"west": {"uv": [0.23529, 3.37255, 4.07843, 13.88235], "texture": "#1"},
				"up": {"uv": [0.23529, 3.37255, 4.07843, 13.88235], "rotation": 270, "texture": "#1"},
				"down": {"uv": [0.23529, 3.37255, 4.07843, 13.88235], "rotation": 90, "texture": "#1"}
			}
		},
		{
			"from": [0.37383, 12, 0.98103],
			"to": [0.37383, 12.9, 1.18103],
			"rotation": {"angle": 22.5, "axis": "y", "origin": [0.39, 6.975, 1.04]},
			"faces": {
				"north": {"uv": [0.23529, 3.37255, 4.07843, 13.88235], "texture": "#1"},
				"east": {"uv": [0.23529, 3.37255, 3.76471, 9.60588], "rotation": 180, "texture": "#1"},
				"south": {"uv": [0.23529, 3.37255, 4.07843, 13.88235], "texture": "#1"},
				"west": {"uv": [0.23529, 3.37255, 4.07843, 13.88235], "texture": "#1"},
				"up": {"uv": [0.23529, 3.37255, 4.07843, 13.88235], "rotation": 270, "texture": "#1"},
				"down": {"uv": [0.23529, 3.37255, 4.07843, 13.88235], "rotation": 90, "texture": "#1"}
			}
		},
		{
			"from": [0.38383, 12, 0.98103],
			"to": [0.38383, 12.9, 1.18103],
			"rotation": {"angle": 22.5, "axis": "y", "origin": [0.39, 6.975, 1.04]},
			"faces": {
				"north": {"uv": [0.23529, 3.37255, 4.07843, 13.88235], "texture": "#1"},
				"east": {"uv": [0.23529, 3.37255, 3.76471, 9.60588], "rotation": 180, "texture": "#1"},
				"south": {"uv": [0.23529, 3.37255, 4.07843, 13.88235], "texture": "#1"},
				"west": {"uv": [0.23529, 3.37255, 4.07843, 13.88235], "texture": "#1"},
				"up": {"uv": [0.23529, 3.37255, 4.07843, 13.88235], "rotation": 270, "texture": "#1"},
				"down": {"uv": [0.23529, 3.37255, 4.07843, 13.88235], "rotation": 90, "texture": "#1"}
			}
		},
		{
			"from": [0.39383, 12, 0.98103],
			"to": [0.39383, 12.9, 1.18103],
			"rotation": {"angle": 22.5, "axis": "y", "origin": [0.39, 6.975, 1.04]},
			"faces": {
				"north": {"uv": [0.23529, 3.37255, 4.07843, 13.88235], "texture": "#1"},
				"east": {"uv": [0.23529, 3.37255, 3.76471, 9.60588], "rotation": 180, "texture": "#1"},
				"south": {"uv": [0.23529, 3.37255, 4.07843, 13.88235], "texture": "#1"},
				"west": {"uv": [0.23529, 3.37255, 4.07843, 13.88235], "texture": "#1"},
				"up": {"uv": [0.23529, 3.37255, 4.07843, 13.88235], "rotation": 270, "texture": "#1"},
				"down": {"uv": [0.23529, 3.37255, 4.07843, 13.88235], "rotation": 90, "texture": "#1"}
			}
		},
		{
			"from": [0.39383, 1, 0.98103],
			"to": [0.39383, 1.9, 1.18103],
			"rotation": {"angle": 22.5, "axis": "y", "origin": [0.39, 6.975, 1.04]},
			"faces": {
				"north": {"uv": [0, 2.82353, 4.47059, 9.64706], "texture": "#1"},
				"east": {"uv": [0, 2.82353, 4.47059, 9.64706], "rotation": 180, "texture": "#1"},
				"south": {"uv": [0, 2.82353, 4.47059, 9.64706], "texture": "#1"},
				"west": {"uv": [0, 2.82353, 4.47059, 9.64706], "texture": "#1"},
				"up": {"uv": [0, 2.82353, 4.47059, 9.64706], "rotation": 270, "texture": "#1"},
				"down": {"uv": [0, 2.82353, 4.47059, 9.64706], "rotation": 90, "texture": "#1"}
			}
		},
		{
			"from": [0.23, 1, 0.63],
			"to": [0.23, 2, 1.13],
			"rotation": {"angle": 0, "axis": "y", "origin": [0.39, 6.975, 1.04]},
			"faces": {
				"north": {"uv": [0, 9.4902, 4.23529, 14.66667], "texture": "#1"},
				"east": {"uv": [0, 9.4902, 4.23529, 14.66667], "rotation": 180, "texture": "#1"},
				"south": {"uv": [0, 9.4902, 4.23529, 14.66667], "texture": "#1"},
				"west": {"uv": [0, 9.4902, 4.23529, 14.66667], "texture": "#1"},
				"up": {"uv": [0, 9.4902, 4.23529, 14.66667], "rotation": 270, "texture": "#1"},
				"down": {"uv": [0, 9.4902, 4.23529, 14.66667], "rotation": 90, "texture": "#1"}
			}
		},
		{
			"from": [0.24, 1, 0.63],
			"to": [0.24, 2, 1.13],
			"rotation": {"angle": 0, "axis": "y", "origin": [0.39, 6.975, 1.04]},
			"faces": {
				"north": {"uv": [0, 9.4902, 4.23529, 14.66667], "texture": "#1"},
				"east": {"uv": [0, 9.4902, 4.23529, 14.66667], "rotation": 180, "texture": "#1"},
				"south": {"uv": [0, 9.4902, 4.23529, 14.66667], "texture": "#1"},
				"west": {"uv": [0, 9.4902, 4.23529, 14.66667], "texture": "#1"},
				"up": {"uv": [0, 9.4902, 4.23529, 14.66667], "rotation": 270, "texture": "#1"},
				"down": {"uv": [0, 9.4902, 4.23529, 14.66667], "rotation": 90, "texture": "#1"}
			}
		},
		{
			"from": [0.25, 1, 0.63],
			"to": [0.25, 2, 1.13],
			"rotation": {"angle": 0, "axis": "y", "origin": [0.39, 6.975, 1.04]},
			"faces": {
				"north": {"uv": [0, 9.4902, 4.23529, 14.66667], "texture": "#1"},
				"east": {"uv": [0, 9.4902, 4.23529, 14.66667], "rotation": 180, "texture": "#1"},
				"south": {"uv": [0, 9.4902, 4.23529, 14.66667], "texture": "#1"},
				"west": {"uv": [0, 9.4902, 4.23529, 14.66667], "texture": "#1"},
				"up": {"uv": [0, 9.4902, 4.23529, 14.66667], "rotation": 270, "texture": "#1"},
				"down": {"uv": [0, 9.4902, 4.23529, 14.66667], "rotation": 90, "texture": "#1"}
			}
		},
		{
			"from": [0.26, 1, 0.63],
			"to": [0.26, 2, 1.13],
			"rotation": {"angle": 0, "axis": "y", "origin": [0.39, 6.975, 1.04]},
			"faces": {
				"north": {"uv": [0, 9.4902, 4.23529, 14.66667], "texture": "#1"},
				"east": {"uv": [0, 9.4902, 4.23529, 14.66667], "rotation": 180, "texture": "#1"},
				"south": {"uv": [0, 9.4902, 4.23529, 14.66667], "texture": "#1"},
				"west": {"uv": [0, 9.4902, 4.23529, 14.66667], "texture": "#1"},
				"up": {"uv": [0, 9.4902, 4.23529, 14.66667], "rotation": 270, "texture": "#1"},
				"down": {"uv": [0, 9.4902, 4.23529, 14.66667], "rotation": 90, "texture": "#1"}
			}
		},
		{
			"from": [0.27, 1, 0.63],
			"to": [0.27, 2, 1.13],
			"rotation": {"angle": 0, "axis": "y", "origin": [0.39, 6.975, 1.04]},
			"faces": {
				"north": {"uv": [0, 9.4902, 4.23529, 14.66667], "texture": "#1"},
				"east": {"uv": [0, 9.4902, 4.23529, 14.66667], "rotation": 180, "texture": "#1"},
				"south": {"uv": [0, 9.4902, 4.23529, 14.66667], "texture": "#1"},
				"west": {"uv": [0, 9.4902, 4.23529, 14.66667], "texture": "#1"},
				"up": {"uv": [0, 9.4902, 4.23529, 14.66667], "rotation": 270, "texture": "#1"},
				"down": {"uv": [0, 9.4902, 4.23529, 14.66667], "rotation": 90, "texture": "#1"}
			}
		},
		{
			"from": [0.36383, 1, 0.98103],
			"to": [0.36383, 1.9, 1.18103],
			"rotation": {"angle": 22.5, "axis": "y", "origin": [0.39, 6.975, 1.04]},
			"faces": {
				"north": {"uv": [0, 2.82353, 4.47059, 9.64706], "texture": "#1"},
				"east": {"uv": [0, 2.82353, 4.47059, 9.64706], "rotation": 180, "texture": "#1"},
				"south": {"uv": [0, 2.82353, 4.47059, 9.64706], "texture": "#1"},
				"west": {"uv": [0, 2.82353, 4.47059, 9.64706], "texture": "#1"},
				"up": {"uv": [0, 2.82353, 4.47059, 9.64706], "rotation": 270, "texture": "#1"},
				"down": {"uv": [0, 2.82353, 4.47059, 9.64706], "rotation": 90, "texture": "#1"}
			}
		},
		{
			"from": [0.37383, 1, 0.98103],
			"to": [0.37383, 1.9, 1.18103],
			"rotation": {"angle": 22.5, "axis": "y", "origin": [0.39, 6.975, 1.04]},
			"faces": {
				"north": {"uv": [0, 2.82353, 4.47059, 9.64706], "texture": "#1"},
				"east": {"uv": [0, 2.82353, 4.47059, 9.64706], "rotation": 180, "texture": "#1"},
				"south": {"uv": [0, 2.82353, 4.47059, 9.64706], "texture": "#1"},
				"west": {"uv": [0, 2.82353, 4.47059, 9.64706], "texture": "#1"},
				"up": {"uv": [0, 2.82353, 4.47059, 9.64706], "rotation": 270, "texture": "#1"},
				"down": {"uv": [0, 2.82353, 4.47059, 9.64706], "rotation": 90, "texture": "#1"}
			}
		},
		{
			"from": [0.3, 1, 1.16],
			"to": [0.8, 1.9, 1.16],
			"rotation": {"angle": 0, "axis": "y", "origin": [0.39, 6.975, 1.04]},
			"faces": {
				"north": {"uv": [0, 9.4902, 4.23529, 14.66667], "texture": "#1"},
				"east": {"uv": [0, 9.4902, 4.23529, 14.66667], "rotation": 180, "texture": "#1"},
				"south": {"uv": [0, 9.4902, 4.23529, 14.66667], "rotation": 180, "texture": "#1"},
				"west": {"uv": [0, 9.4902, 4.23529, 14.66667], "rotation": 180, "texture": "#1"},
				"up": {"uv": [0, 9.4902, 4.23529, 14.66667], "texture": "#1"},
				"down": {"uv": [0, 9.4902, 4.23529, 14.66667], "texture": "#1"}
			}
		},
		{
			"from": [0.3, 1, 1.19],
			"to": [0.8, 1.9, 1.19],
			"rotation": {"angle": 0, "axis": "y", "origin": [0.39, 6.975, 1.04]},
			"faces": {
				"north": {"uv": [0, 9.4902, 4.23529, 14.66667], "texture": "#1"},
				"east": {"uv": [0, 9.4902, 4.23529, 14.66667], "rotation": 180, "texture": "#1"},
				"south": {"uv": [0, 9.4902, 4.23529, 14.66667], "rotation": 180, "texture": "#1"},
				"west": {"uv": [0, 9.4902, 4.23529, 14.66667], "rotation": 180, "texture": "#1"},
				"up": {"uv": [0, 9.4902, 4.23529, 14.66667], "texture": "#1"},
				"down": {"uv": [0, 9.4902, 4.23529, 14.66667], "texture": "#1"}
			}
		},
		{
			"from": [0.3, 1, 1.2],
			"to": [0.8, 1.9, 1.2],
			"rotation": {"angle": 0, "axis": "y", "origin": [0.39, 6.975, 1.04]},
			"faces": {
				"north": {"uv": [0, 9.4902, 4.23529, 14.66667], "texture": "#1"},
				"east": {"uv": [0, 9.4902, 4.23529, 14.66667], "rotation": 180, "texture": "#1"},
				"south": {"uv": [0, 9.4902, 4.23529, 14.66667], "rotation": 180, "texture": "#1"},
				"west": {"uv": [0, 9.4902, 4.23529, 14.66667], "rotation": 180, "texture": "#1"},
				"up": {"uv": [0, 9.4902, 4.23529, 14.66667], "texture": "#1"},
				"down": {"uv": [0, 9.4902, 4.23529, 14.66667], "texture": "#1"}
			}
		},
		{
			"from": [0.3, 1, 1.18],
			"to": [0.8, 1.9, 1.18],
			"rotation": {"angle": 0, "axis": "y", "origin": [0.39, 6.975, 1.04]},
			"faces": {
				"north": {"uv": [0, 9.4902, 4.23529, 14.66667], "texture": "#1"},
				"east": {"uv": [0, 9.4902, 4.23529, 14.66667], "rotation": 180, "texture": "#1"},
				"south": {"uv": [0, 9.4902, 4.23529, 14.66667], "rotation": 180, "texture": "#1"},
				"west": {"uv": [0, 9.4902, 4.23529, 14.66667], "rotation": 180, "texture": "#1"},
				"up": {"uv": [0, 9.4902, 4.23529, 14.66667], "texture": "#1"},
				"down": {"uv": [0, 9.4902, 4.23529, 14.66667], "texture": "#1"}
			}
		},
		{
			"from": [0.3, 1, 1.17],
			"to": [0.8, 1.9, 1.17],
			"rotation": {"angle": 0, "axis": "y", "origin": [0.39, 6.975, 1.04]},
			"faces": {
				"north": {"uv": [0, 9.4902, 4.23529, 14.66667], "texture": "#1"},
				"east": {"uv": [0, 9.4902, 4.23529, 14.66667], "rotation": 180, "texture": "#1"},
				"south": {"uv": [0, 9.4902, 4.23529, 14.66667], "rotation": 180, "texture": "#1"},
				"west": {"uv": [0, 9.4902, 4.23529, 14.66667], "rotation": 180, "texture": "#1"},
				"up": {"uv": [0, 9.4902, 4.23529, 14.66667], "texture": "#1"},
				"down": {"uv": [0, 9.4902, 4.23529, 14.66667], "texture": "#1"}
			}
		},
		{
			"from": [0.3, 12, 1.16],
			"to": [0.8, 12.9, 1.16],
			"rotation": {"angle": 0, "axis": "y", "origin": [0.39, 6.975, 1.04]},
			"faces": {
				"north": {"uv": [0, 9.4902, 4.23529, 14.66667], "texture": "#1"},
				"east": {"uv": [0, 9.4902, 4.23529, 14.66667], "rotation": 180, "texture": "#1"},
				"south": {"uv": [0, 9.4902, 4.23529, 14.66667], "rotation": 180, "texture": "#1"},
				"west": {"uv": [0, 9.4902, 4.23529, 14.66667], "rotation": 180, "texture": "#1"},
				"up": {"uv": [0, 9.4902, 4.23529, 14.66667], "texture": "#1"},
				"down": {"uv": [0, 9.4902, 4.23529, 14.66667], "texture": "#1"}
			}
		},
		{
			"from": [0.3, 12, 1.19],
			"to": [0.8, 12.9, 1.19],
			"rotation": {"angle": 0, "axis": "y", "origin": [0.39, 6.975, 1.04]},
			"faces": {
				"north": {"uv": [0, 9.4902, 4.23529, 14.66667], "texture": "#1"},
				"east": {"uv": [0, 9.4902, 4.23529, 14.66667], "rotation": 180, "texture": "#1"},
				"south": {"uv": [0, 9.4902, 4.23529, 14.66667], "rotation": 180, "texture": "#1"},
				"west": {"uv": [0, 9.4902, 4.23529, 14.66667], "rotation": 180, "texture": "#1"},
				"up": {"uv": [0, 9.4902, 4.23529, 14.66667], "texture": "#1"},
				"down": {"uv": [0, 9.4902, 4.23529, 14.66667], "texture": "#1"}
			}
		},
		{
			"from": [0.3, 12, 1.2],
			"to": [0.8, 12.9, 1.2],
			"rotation": {"angle": 0, "axis": "y", "origin": [0.39, 6.975, 1.04]},
			"faces": {
				"north": {"uv": [0, 9.4902, 4.23529, 14.66667], "texture": "#1"},
				"east": {"uv": [0, 9.4902, 4.23529, 14.66667], "rotation": 180, "texture": "#1"},
				"south": {"uv": [0, 9.4902, 4.23529, 14.66667], "rotation": 180, "texture": "#1"},
				"west": {"uv": [0, 9.4902, 4.23529, 14.66667], "rotation": 180, "texture": "#1"},
				"up": {"uv": [0, 9.4902, 4.23529, 14.66667], "texture": "#1"},
				"down": {"uv": [0, 9.4902, 4.23529, 14.66667], "texture": "#1"}
			}
		},
		{
			"from": [0.3, 12, 1.18],
			"to": [0.8, 12.9, 1.18],
			"rotation": {"angle": 0, "axis": "y", "origin": [0.39, 6.975, 1.04]},
			"faces": {
				"north": {"uv": [0, 9.4902, 4.23529, 14.66667], "texture": "#1"},
				"east": {"uv": [0, 9.4902, 4.23529, 14.66667], "rotation": 180, "texture": "#1"},
				"south": {"uv": [0, 9.4902, 4.23529, 14.66667], "rotation": 180, "texture": "#1"},
				"west": {"uv": [0, 9.4902, 4.23529, 14.66667], "rotation": 180, "texture": "#1"},
				"up": {"uv": [0, 9.4902, 4.23529, 14.66667], "texture": "#1"},
				"down": {"uv": [0, 9.4902, 4.23529, 14.66667], "texture": "#1"}
			}
		},
		{
			"from": [0.3, 12, 1.17],
			"to": [0.8, 12.9, 1.17],
			"rotation": {"angle": 0, "axis": "y", "origin": [0.39, 6.975, 1.04]},
			"faces": {
				"north": {"uv": [0, 9.4902, 4.23529, 14.66667], "texture": "#1"},
				"east": {"uv": [0, 9.4902, 4.23529, 14.66667], "rotation": 180, "texture": "#1"},
				"south": {"uv": [0, 9.4902, 4.23529, 14.66667], "rotation": 180, "texture": "#1"},
				"west": {"uv": [0, 9.4902, 4.23529, 14.66667], "rotation": 180, "texture": "#1"},
				"up": {"uv": [0, 9.4902, 4.23529, 14.66667], "texture": "#1"},
				"down": {"uv": [0, 9.4902, 4.23529, 14.66667], "texture": "#1"}
			}
		},
		{
			"from": [0.4875, 0.025, 2.85001],
			"to": [1.0875, 15.925, 17.05001],
			"rotation": {"angle": 0, "axis": "y", "origin": [0.7375, 3.61875, 7.38751]},
			"faces": {
				"north": {"uv": [0, 0, 0.6, 15.9], "texture": "#2"},
				"east": {"uv": [0, 0, 14.2, 15.9], "texture": "#2"},
				"south": {"uv": [0, 0, 0.6, 15.9], "texture": "#2"},
				"west": {"uv": [0, 0, 14.2, 15.9], "texture": "#2"},
				"up": {"uv": [0, 0, 0.6, 14.2], "rotation": 180, "texture": "#2"},
				"down": {"uv": [0, 0, 0.6, 14.2], "rotation": 180, "texture": "#2"}
			}
		},
		{
			"from": [0.24375, 0.025, 7.79063],
			"to": [1.24375, 16, 10.95938],
			"rotation": {"angle": 0, "axis": "y", "origin": [0.7375, 3.61875, 7.38751]},
			"faces": {
				"north": {"uv": [4.2, 0, 3.2, 15.975], "texture": "#2"},
				"east": {"uv": [12.41875, 0, 9.25, 15.975], "texture": "#2"},
				"south": {"uv": [4.2, 0, 3.2, 15.975], "texture": "#2"},
				"west": {"uv": [9.18438, 0, 6.01563, 15.975], "texture": "#2"},
				"up": {"uv": [12.76875, 0, 9.6, 1], "rotation": 270, "texture": "#2"},
				"down": {"uv": [12.76875, 15, 9.6, 16], "rotation": 90, "texture": "#2"}
			}
		},
		{
			"from": [0.24375, 0.025, 4.49063],
			"to": [1.24375, 16, 7.65938],
			"rotation": {"angle": 0, "axis": "y", "origin": [0.7375, 3.61875, 7.38751]},
			"faces": {
				"north": {"uv": [4.2, 0, 3.2, 15.975], "texture": "#2"},
				"east": {"uv": [12.41875, 0, 9.25, 15.975], "texture": "#2"},
				"south": {"uv": [4.2, 0, 3.2, 15.975], "texture": "#2"},
				"west": {"uv": [3.16875, 0, 0, 15.975], "texture": "#2"},
				"up": {"uv": [12.76875, 0, 9.6, 1], "rotation": 270, "texture": "#2"},
				"down": {"uv": [12.76875, 15, 9.6, 16], "rotation": 90, "texture": "#2"}
			}
		},
		{
			"from": [0.24375, 0.025, 1.19063],
			"to": [1.24375, 16, 4.35938],
			"rotation": {"angle": 0, "axis": "y", "origin": [0.7375, 3.61875, 7.38751]},
			"faces": {
				"north": {"uv": [4.2, 0, 3.2, 15.975], "texture": "#2"},
				"east": {"uv": [12.41875, 0, 9.25, 15.975], "texture": "#2"},
				"south": {"uv": [4.2, 0, 3.2, 15.975], "texture": "#2"},
				"west": {"uv": [12.41875, 0, 9.25, 15.975], "texture": "#2"},
				"up": {"uv": [12.76875, 0, 9.6, 1], "rotation": 270, "texture": "#2"},
				"down": {"uv": [12.76875, 15, 9.6, 16], "rotation": 90, "texture": "#2"}
			}
		},
		{
			"from": [1.2675, -3.375, 15.45001],
			"to": [1.2675, 1.825, 16.55001],
			"rotation": {"angle": 0, "axis": "y", "origin": [0.7375, 3.61875, 7.38751]},
			"faces": {
				"north": {"uv": [4.86275, 1.33333, 10.43137, 16], "texture": "#1"},
				"east": {"uv": [4.86275, 1.33333, 11.53137, 16], "texture": "#1"},
				"south": {"uv": [4.86275, 1.33333, 10.43137, 16], "texture": "#1"},
				"west": {"uv": [4.86275, 1.33333, 11.53137, 16], "texture": "#1"},
				"up": {"uv": [4.86275, 1.33333, 10.43137, 12.15882], "rotation": 180, "texture": "#1"},
				"down": {"uv": [4.86275, 1.33333, 10.43137, 12.15882], "rotation": 180, "texture": "#1"}
			}
		},
		{
			"from": [1.2875, -3.375, 15.45001],
			"to": [1.2875, 1.825, 16.55001],
			"rotation": {"angle": 0, "axis": "y", "origin": [0.7375, 3.61875, 7.38751]},
			"faces": {
				"north": {"uv": [4.86275, 1.33333, 10.43137, 16], "texture": "#1"},
				"east": {"uv": [4.86275, 1.33333, 11.53137, 16], "texture": "#1"},
				"south": {"uv": [4.86275, 1.33333, 10.43137, 16], "texture": "#1"},
				"west": {"uv": [4.86275, 1.33333, 11.53137, 16], "texture": "#1"},
				"up": {"uv": [4.86275, 1.33333, 10.43137, 12.15882], "rotation": 180, "texture": "#1"},
				"down": {"uv": [4.86275, 1.33333, 10.43137, 12.15882], "rotation": 180, "texture": "#1"}
			}
		},
		{
			"from": [1.3075, -3.375, 15.45001],
			"to": [1.3075, 1.825, 16.55001],
			"rotation": {"angle": 0, "axis": "y", "origin": [0.7375, 3.61875, 7.38751]},
			"faces": {
				"north": {"uv": [4.86275, 1.33333, 10.43137, 16], "texture": "#1"},
				"east": {"uv": [4.86275, 1.33333, 11.53137, 16], "texture": "#1"},
				"south": {"uv": [4.86275, 1.33333, 10.43137, 16], "texture": "#1"},
				"west": {"uv": [4.86275, 1.33333, 11.53137, 16], "texture": "#1"},
				"up": {"uv": [4.86275, 1.33333, 10.43137, 12.15882], "rotation": 180, "texture": "#1"},
				"down": {"uv": [4.86275, 1.33333, 10.43137, 12.15882], "rotation": 180, "texture": "#1"}
			}
		},
		{
			"from": [1.3275, -3.375, 15.45001],
			"to": [1.3275, 1.825, 16.55001],
			"rotation": {"angle": 0, "axis": "y", "origin": [0.7375, 3.61875, 7.38751]},
			"faces": {
				"north": {"uv": [4.86275, 1.33333, 10.43137, 16], "texture": "#1"},
				"east": {"uv": [4.86275, 1.33333, 11.53137, 16], "texture": "#1"},
				"south": {"uv": [4.86275, 1.33333, 10.43137, 16], "texture": "#1"},
				"west": {"uv": [4.86275, 1.33333, 11.53137, 16], "texture": "#1"},
				"up": {"uv": [4.86275, 1.33333, 10.43137, 12.15882], "rotation": 180, "texture": "#1"},
				"down": {"uv": [4.86275, 1.33333, 10.43137, 12.15882], "rotation": 180, "texture": "#1"}
			}
		},
		{
			"from": [1.3475, -3.375, 15.45001],
			"to": [1.3475, 1.825, 16.55001],
			"rotation": {"angle": 0, "axis": "y", "origin": [0.7375, 3.61875, 7.38751]},
			"faces": {
				"north": {"uv": [4.86275, 1.33333, 10.43137, 16], "texture": "#1"},
				"east": {"uv": [4.86275, 1.33333, 11.53137, 16], "texture": "#1"},
				"south": {"uv": [4.86275, 1.33333, 10.43137, 16], "texture": "#1"},
				"west": {"uv": [4.86275, 1.33333, 11.53137, 16], "texture": "#1"},
				"up": {"uv": [4.86275, 1.33333, 10.43137, 12.15882], "rotation": 180, "texture": "#1"},
				"down": {"uv": [4.86275, 1.33333, 10.43137, 12.15882], "rotation": 180, "texture": "#1"}
			}
		},
		{
			"from": [0.2075, -3.375, 15.45001],
			"to": [0.2075, 1.825, 16.55001],
			"rotation": {"angle": 0, "axis": "y", "origin": [0.7375, 3.61875, 7.38751]},
			"faces": {
				"north": {"uv": [4.86275, 1.33333, 10.43137, 16], "texture": "#1"},
				"east": {"uv": [4.86275, 1.33333, 11.53137, 16], "texture": "#1"},
				"south": {"uv": [4.86275, 1.33333, 10.43137, 16], "texture": "#1"},
				"west": {"uv": [4.86275, 1.33333, 11.53137, 16], "texture": "#1"},
				"up": {"uv": [4.86275, 1.33333, 10.43137, 12.15882], "texture": "#1"},
				"down": {"uv": [4.86275, 1.33333, 10.43137, 12.15882], "texture": "#1"}
			}
		},
		{
			"from": [0.1875, -3.375, 15.45001],
			"to": [0.1875, 1.825, 16.55001],
			"rotation": {"angle": 0, "axis": "y", "origin": [0.7375, 3.61875, 7.38751]},
			"faces": {
				"north": {"uv": [4.86275, 1.33333, 10.43137, 16], "texture": "#1"},
				"east": {"uv": [4.86275, 1.33333, 11.53137, 16], "texture": "#1"},
				"south": {"uv": [4.86275, 1.33333, 10.43137, 16], "texture": "#1"},
				"west": {"uv": [4.86275, 1.33333, 11.53137, 16], "texture": "#1"},
				"up": {"uv": [4.86275, 1.33333, 10.43137, 12.15882], "texture": "#1"},
				"down": {"uv": [4.86275, 1.33333, 10.43137, 12.15882], "texture": "#1"}
			}
		},
		{
			"from": [0.1675, -3.375, 15.45001],
			"to": [0.1675, 1.825, 16.55001],
			"rotation": {"angle": 0, "axis": "y", "origin": [0.7375, 3.61875, 7.38751]},
			"faces": {
				"north": {"uv": [4.86275, 1.33333, 10.43137, 16], "texture": "#1"},
				"east": {"uv": [4.86275, 1.33333, 11.53137, 16], "texture": "#1"},
				"south": {"uv": [4.86275, 1.33333, 10.43137, 16], "texture": "#1"},
				"west": {"uv": [4.86275, 1.33333, 11.53137, 16], "texture": "#1"},
				"up": {"uv": [4.86275, 1.33333, 10.43137, 12.15882], "texture": "#1"},
				"down": {"uv": [4.86275, 1.33333, 10.43137, 12.15882], "texture": "#1"}
			}
		},
		{
			"from": [0.1475, -3.375, 15.45001],
			"to": [0.1475, 1.825, 16.55001],
			"rotation": {"angle": 0, "axis": "y", "origin": [0.7375, 3.61875, 7.38751]},
			"faces": {
				"north": {"uv": [4.86275, 1.33333, 10.43137, 16], "texture": "#1"},
				"east": {"uv": [4.86275, 1.33333, 11.53137, 16], "texture": "#1"},
				"south": {"uv": [4.86275, 1.33333, 10.43137, 16], "texture": "#1"},
				"west": {"uv": [4.86275, 1.33333, 11.53137, 16], "texture": "#1"},
				"up": {"uv": [4.86275, 1.33333, 10.43137, 12.15882], "texture": "#1"},
				"down": {"uv": [4.86275, 1.33333, 10.43137, 12.15882], "texture": "#1"}
			}
		},
		{
			"from": [0.1275, -3.375, 15.45001],
			"to": [0.1275, 1.825, 16.55001],
			"rotation": {"angle": 0, "axis": "y", "origin": [0.7375, 3.61875, 7.38751]},
			"faces": {
				"north": {"uv": [4.86275, 1.33333, 10.43137, 16], "texture": "#1"},
				"east": {"uv": [4.86275, 1.33333, 11.53137, 16], "texture": "#1"},
				"south": {"uv": [4.86275, 1.33333, 10.43137, 16], "texture": "#1"},
				"west": {"uv": [4.86275, 1.33333, 11.53137, 16], "texture": "#1"},
				"up": {"uv": [4.86275, 1.33333, 10.43137, 12.15882], "texture": "#1"},
				"down": {"uv": [4.86275, 1.33333, 10.43137, 12.15882], "texture": "#1"}
			}
		},
		{
			"from": [0.24375, 0.025, 11.09063],
			"to": [1.24375, 16, 14.25938],
			"rotation": {"angle": 0, "axis": "y", "origin": [0.7375, 3.61875, 7.38751]},
			"faces": {
				"north": {"uv": [4.2, 0, 3.2, 15.975], "texture": "#2"},
				"east": {"uv": [12.41875, 0, 9.25, 15.975], "texture": "#2"},
				"south": {"uv": [4.2, 0, 3.2, 15.975], "texture": "#2"},
				"west": {"uv": [12.55156, 0, 9.38281, 15.975], "texture": "#2"},
				"up": {"uv": [12.76875, 0, 9.6, 1], "rotation": 270, "texture": "#2"},
				"down": {"uv": [12.76875, 15, 9.6, 16], "rotation": 90, "texture": "#2"}
			}
		},
		{
			"from": [0.24375, 0.025, 14.39063],
			"to": [1.24375, 16, 17.55938],
			"rotation": {"angle": 0, "axis": "y", "origin": [0.7375, 3.61875, 7.38751]},
			"faces": {
				"north": {"uv": [4.2, 0, 3.2, 15.975], "texture": "#2"},
				"east": {"uv": [12.41875, 0, 9.25, 15.975], "texture": "#2"},
				"south": {"uv": [4.2, 0, 3.2, 15.975], "texture": "#2"},
				"west": {"uv": [12.55156, 0, 9.38281, 15.975], "texture": "#2"},
				"up": {"uv": [12.76875, 0, 9.6, 1], "rotation": 270, "texture": "#2"},
				"down": {"uv": [12.76875, 15, 9.6, 16], "rotation": 90, "texture": "#2"}
			}
		}
	],
	"groups": [
		{
			"name": "group",
			"origin": [7.97266, -8, 15.58906],
			"color": 0,
			"children": [0, 1, 2, 3, 4, 5]
		},
		{
			"name": "group",
			"origin": [0.59203, 5.62453, 4.00064],
			"color": 0,
			"children": [
				{
					"name": "group",
					"origin": [0.55, -12.5, 14.9],
					"color": 0,
					"children": [6, 7, 8, 9, 10, 11, 12, 13, 14, 15, 16, 17, 18, 19, 20, 21, 22, 23, 24, 25, 26, 27, 28, 29, 30, 31, 32]
				},
				{
					"name": "group",
					"origin": [0.59203, 5.62453, 4.00064],
					"color": 0,
					"children": [33, 34, 35, 36, 37, 38, 39, 40, 41, 42, 43, 44, 45, 46, 47, 48]
				}
			]
		},
		{
			"name": "group",
			"origin": [3.22, -0.8, 0.05],
			"color": 0,
			"children": []
		}
	]
}