{
	"credit": "Made with Blockbench",
	"textures": {
		"0": "block/door/oak_door_tx",
		"1": "block/door/hinges_and_lock_oak_door",
		"particle": "block/door/oak_door_tx"
	},
	"elements": [
		{
			"from": [-0.04687, 0.25, 15.86875],
			"to": [1.10313, 16.175, 16.075],
			"rotation": {"angle": 0, "axis": "y", "origin": [20.98906, 10.79635, 15.76406]},
			"faces": {
				"north": {"uv": [7.35938, 0, 8.50938, 15.925], "texture": "#0"},
				"east": {"uv": [8.375, 0, 8.48125, 15.875], "texture": "#0"},
				"south": {"uv": [4.563, 0.063, 6.313, 16], "texture": "#0"},
				"west": {"uv": [0, 0, 3.2, 16], "texture": "#0"},
				"up": {"uv": [0, 0, 3.2, 16], "rotation": 90, "texture": "#0"},
				"down": {"uv": [0, 0, 3.2, 16], "rotation": 270, "texture": "#0"}
			}
		},
		{
			"from": [-0.04687, 16.175, 0.0625],
			"to": [1.10313, 16.50625, 16.07813],
			"rotation": {"angle": 0, "axis": "y", "origin": [20.98906, 10.79635, 15.76406]},
			"faces": {
				"north": {"uv": [0, 1.75, 0.23125, 0], "rotation": 270, "texture": "#0"},
				"east": {"uv": [0, 0, 0.23125, 16], "rotation": 270, "texture": "#0"},
				"south": {"uv": [0, 1.75, 0.23125, 0], "rotation": 270, "texture": "#0"},
				"west": {"uv": [0.10625, 0, 0, 16], "rotation": 90, "texture": "#0"},
				"up": {"uv": [6.125, 0, 7.875, 16], "texture": "#0"},
				"down": {"uv": [1.75, 0, 0, 16], "texture": "#0"}
			}
		},
		{
			"from": [0.55972, 0, 0.16112],
			"to": [1.15972, 15.9, 14.36112],
			"rotation": {"angle": 0, "axis": "y", "origin": [0.72986, 5.34861, 4.53056]},
			"faces": {
				"north": {"uv": [0, 0, 0.6, 15.9], "texture": "#0"},
				"east": {"uv": [0, 0, 12.62969, 15.9], "texture": "#0"},
				"south": {"uv": [0, 0, 0.6, 15.9], "texture": "#0"},
				"west": {"uv": [0, 0, 12.58281, 15.9], "texture": "#0"},
				"up": {"uv": [0, 0, 0.6, 14.2], "rotation": 180, "texture": "#0"},
				"down": {"uv": [0, 0, 0.6, 14.2], "rotation": 180, "texture": "#0"}
			}
		},
		{
			"from": [0.31597, 0, 12.70174],
			"to": [1.31597, 15.975, 15.87049],
			"rotation": {"angle": 0, "axis": "y", "origin": [0.72986, 5.34861, 4.53056]},
			"faces": {
				"north": {"uv": [4.3625, 0, 3.3625, 15.975], "texture": "#0"},
				"east": {"uv": [3.2, 0, 0, 16], "texture": "#0"},
				"south": {"uv": [3.2, 0, 0, 16], "texture": "#0"},
				"west": {"uv": [3.2, 0, 0, 16], "texture": "#0"},
				"up": {"uv": [11.3625, 0, 8.1625, 1], "rotation": 270, "texture": "#0"},
				"down": {"uv": [11.62813, 15, 8.42813, 16], "rotation": 90, "texture": "#0"}
			}
		},
		{
			"from": [0.31597, 0, 9.40174],
			"to": [1.31597, 15.975, 12.57049],
			"rotation": {"angle": 0, "axis": "y", "origin": [0.72986, 5.34861, 4.53056]},
			"faces": {
				"north": {"uv": [10.48906, 0, 9.48906, 15.975], "texture": "#0"},
				"east": {"uv": [12.73438, 0, 9.56563, 15.975], "texture": "#0"},
				"south": {"uv": [12.68906, 0, 9.48906, 16], "texture": "#0"},
				"west": {"uv": [12.71875, 0, 9.51875, 16], "texture": "#0"},
				"up": {"uv": [12.8, 0, 9.6, 1], "rotation": 270, "texture": "#0"},
				"down": {"uv": [12.8, 15, 9.6, 16], "rotation": 90, "texture": "#0"}
			}
		},
		{
			"from": [0.31597, 0, 6.10174],
			"to": [1.31597, 15.975, 9.27049],
			"rotation": {"angle": 0, "axis": "y", "origin": [0.72986, 5.34861, 4.53056]},
			"faces": {
				"north": {"uv": [9.36875, 0, 6.16875, 16], "texture": "#0"},
				"east": {"uv": [9.36406, 0, 6.19531, 15.975], "texture": "#0"},
				"south": {"uv": [9.36875, 0, 6.16875, 16], "texture": "#0"},
				"west": {"uv": [9.34844, 0, 6.14844, 16], "texture": "#0"},
				"up": {"uv": [12.8, 0, 9.6, 1], "rotation": 270, "texture": "#0"},
				"down": {"uv": [12.8, 15, 9.6, 16], "rotation": 90, "texture": "#0"}
			}
		},
		{
			"from": [0.31597, 0, 2.80174],
			"to": [1.31597, 15.975, 5.97049],
			"rotation": {"angle": 0, "axis": "y", "origin": [0.72986, 5.34861, 4.53056]},
			"faces": {
				"north": {"uv": [6.4, 0, 3.2, 16], "texture": "#0"},
				"east": {"uv": [6.39531, 0, 3.22656, 15.975], "texture": "#0"},
				"south": {"uv": [6.4, 0, 3.2, 16], "texture": "#0"},
				"west": {"uv": [6.42656, 0, 3.22656, 16], "texture": "#0"},
				"up": {"uv": [12.8, 0, 9.6, 1], "rotation": 270, "texture": "#0"},
				"down": {"uv": [12.8, 15, 9.6, 16], "rotation": 90, "texture": "#0"}
			}
		},
		{
			"from": [0.31597, 0, 0.30174],
			"to": [1.31597, 15.975, 2.67049],
			"rotation": {"angle": 0, "axis": "y", "origin": [0.72986, 5.34861, 4.53056]},
			"faces": {
				"north": {"uv": [3.2, 0, 0, 16], "texture": "#0"},
				"east": {"uv": [2.36875, 0, 0, 15.975], "texture": "#0"},
				"south": {"uv": [3.2, 0, 0, 16], "texture": "#0"},
				"west": {"uv": [3.2, 0, 0, 16], "texture": "#0"},
				"up": {"uv": [12.8, 0, 9.6, 1], "rotation": 270, "texture": "#0"},
				"down": {"uv": [12.8, 15, 9.6, 16], "rotation": 90, "texture": "#0"}
			}
		},
		{
			"from": [-0.27079, 0, 15.86173],
			"to": [1.53546, 15.8, 16.68673],
			"rotation": {"angle": 0, "axis": "y", "origin": [10.33374, 5.62453, 15.00172]},
			"faces": {
				"north": {"uv": [7.5, 0, 5.89375, 15.775], "texture": "#0"},
				"east": {"uv": [1.225, 0.04688, 0, 15.84688], "texture": "#0"},
				"south": {"uv": [11.60625, 0, 10, 15.775], "texture": "#0"},
				"west": {"uv": [7.6, 0, 6.375, 15.775], "texture": "#0"},
				"up": {"uv": [5.89375, 2.175, 7.5, 0.95], "rotation": 180, "texture": "#0"},
				"down": {"uv": [0, 1.225, 1.60625, 0], "rotation": 180, "texture": "#0"}
			}
		},
		{
			"from": [-0.27079, 0.025, -0.60702],
			"to": [1.53546, 15.8, 0.16486],
			"rotation": {"angle": 0, "axis": "y", "origin": [10.33374, 5.62453, 15.00172]},
			"faces": {
				"north": {"uv": [10, 0, 11.60625, 15.65], "texture": "#0"},
				"east": {"uv": [0.03906, 0.04688, 1.31094, 15.82188], "texture": "#0"},
				"south": {"uv": [5.89375, 0, 7.5, 15.65], "texture": "#0"},
				"west": {"uv": [2.75, 0, 4.02188, 15.65], "texture": "#0"},
				"up": {"uv": [5.89375, 0.95, 7.5, 2.22188], "rotation": 180, "texture": "#0"},
				"down": {"uv": [0, 0, 1.60625, 1.27188], "rotation": 180, "texture": "#0"}
			}
		},
		{
			"from": [-0.27079, 15.725, -0.60702],
			"to": [1.53546, 16.9, 16.66486],
			"rotation": {"angle": 0, "axis": "y", "origin": [10.33374, 5.62453, 15.00172]},
			"faces": {
				"north": {"uv": [10, 0, 11.60625, 15.65], "texture": "#0"},
				"east": {"uv": [3.50781, 0, 4.68281, 16], "rotation": 90, "texture": "#0"},
				"south": {"uv": [5.89375, 0, 7.5, 15.65], "texture": "#0"},
				"west": {"uv": [0, 0, 1.175, 16], "rotation": 90, "texture": "#0"},
				"up": {"uv": [14.19375, 0, 16, 16], "rotation": 180, "texture": "#0"},
				"down": {"uv": [0, 0, 1.60625, 1.27188], "rotation": 180, "texture": "#0"}
			}
		},
		{
			"from": [1.38, -3.4, 14],
			"to": [1.38, 1.8, 15.1],
			"rotation": {"angle": 0, "axis": "y", "origin": [3.22, -0.8, 0.05]},
			"faces": {
				"north": {"uv": [5.09804, 1.33333, 11.29412, 15.92157], "texture": "#1"},
				"east": {"uv": [5.09804, 1.33333, 11.29412, 15.92157], "texture": "#1"},
				"south": {"uv": [5.09804, 1.33333, 11.29412, 15.92157], "texture": "#1"},
				"west": {"uv": [5.09804, 1.33333, 11.29412, 15.92157], "texture": "#1"},
				"up": {"uv": [5.09804, 1.33333, 11.29412, 15.92157], "rotation": 180, "texture": "#1"},
				"down": {"uv": [5.09804, 1.33333, 11.29412, 15.92157], "rotation": 180, "texture": "#1"}
			}
		},
		{
			"from": [1.4, -3.4, 14],
			"to": [1.4, 1.8, 15.1],
			"rotation": {"angle": 0, "axis": "y", "origin": [3.22, -0.8, 0.05]},
			"faces": {
				"north": {"uv": [5.09804, 1.33333, 11.29412, 15.92157], "texture": "#1"},
				"east": {"uv": [5.09804, 1.33333, 11.29412, 15.92157], "texture": "#1"},
				"south": {"uv": [5.09804, 1.33333, 11.29412, 15.92157], "texture": "#1"},
				"west": {"uv": [5.09804, 1.33333, 11.29412, 15.92157], "texture": "#1"},
				"up": {"uv": [5.09804, 1.33333, 11.29412, 15.92157], "rotation": 180, "texture": "#1"},
				"down": {"uv": [5.09804, 1.33333, 11.29412, 15.92157], "rotation": 180, "texture": "#1"}
			}
		},
		{
			"from": [1.42, -3.4, 14],
			"to": [1.42, 1.8, 15.1],
			"rotation": {"angle": 0, "axis": "y", "origin": [3.22, -0.8, 0.05]},
			"faces": {
				"north": {"uv": [5.09804, 1.33333, 11.29412, 15.92157], "texture": "#1"},
				"east": {"uv": [5.09804, 1.33333, 11.29412, 15.92157], "texture": "#1"},
				"south": {"uv": [5.09804, 1.33333, 11.29412, 15.92157], "texture": "#1"},
				"west": {"uv": [5.09804, 1.33333, 11.29412, 15.92157], "texture": "#1"},
				"up": {"uv": [5.09804, 1.33333, 11.29412, 15.92157], "rotation": 180, "texture": "#1"},
				"down": {"uv": [5.09804, 1.33333, 11.29412, 15.92157], "rotation": 180, "texture": "#1"}
			}
		},
		{
			"from": [1.44, -3.4, 14],
			"to": [1.44, 1.8, 15.1],
			"rotation": {"angle": 0, "axis": "y", "origin": [3.22, -0.8, 0.05]},
			"faces": {
				"north": {"uv": [5.09804, 1.33333, 11.29412, 15.92157], "texture": "#1"},
				"east": {"uv": [5.09804, 1.33333, 11.29412, 15.92157], "texture": "#1"},
				"south": {"uv": [5.09804, 1.33333, 11.29412, 15.92157], "texture": "#1"},
				"west": {"uv": [5.09804, 1.33333, 11.29412, 15.92157], "texture": "#1"},
				"up": {"uv": [5.09804, 1.33333, 11.29412, 15.92157], "rotation": 180, "texture": "#1"},
				"down": {"uv": [5.09804, 1.33333, 11.29412, 15.92157], "rotation": 180, "texture": "#1"}
			}
		},
		{
			"from": [1.46, -3.4, 14],
			"to": [1.46, 1.8, 15.1],
			"rotation": {"angle": 0, "axis": "y", "origin": [3.22, -0.8, 0.05]},
			"faces": {
				"north": {"uv": [5.09804, 1.33333, 11.29412, 15.92157], "texture": "#1"},
				"east": {"uv": [5.09804, 1.33333, 11.29412, 15.92157], "texture": "#1"},
				"south": {"uv": [5.09804, 1.33333, 11.29412, 15.92157], "texture": "#1"},
				"west": {"uv": [5.09804, 1.33333, 11.29412, 15.92157], "texture": "#1"},
				"up": {"uv": [5.09804, 1.33333, 11.29412, 15.92157], "rotation": 180, "texture": "#1"},
				"down": {"uv": [5.09804, 1.33333, 11.29412, 15.92157], "rotation": 180, "texture": "#1"}
			}
		},
		{
			"from": [0.22, -3.4, 14],
			"to": [0.22, 1.8, 15.1],
			"faces": {
				"north": {"uv": [5.09804, 1.33333, 11.29412, 15.92157], "texture": "#1"},
				"east": {"uv": [5.09804, 1.33333, 11.29412, 15.92157], "texture": "#1"},
				"south": {"uv": [5.09804, 1.33333, 11.29412, 15.92157], "texture": "#1"},
				"west": {"uv": [5.09804, 1.33333, 11.29412, 15.92157], "texture": "#1"},
				"up": {"uv": [5.09804, 1.33333, 11.29412, 15.92157], "texture": "#1"},
				"down": {"uv": [5.09804, 1.33333, 11.29412, 15.92157], "texture": "#1"}
			}
		},
		{
			"from": [0.2, -3.4, 14],
			"to": [0.2, 1.8, 15.1],
			"faces": {
				"north": {"uv": [5.09804, 1.33333, 11.29412, 15.92157], "texture": "#1"},
				"east": {"uv": [5.09804, 1.33333, 11.29412, 15.92157], "texture": "#1"},
				"south": {"uv": [5.09804, 1.33333, 11.29412, 15.92157], "texture": "#1"},
				"west": {"uv": [5.09804, 1.33333, 11.29412, 15.92157], "texture": "#1"},
				"up": {"uv": [5.09804, 1.33333, 11.29412, 15.92157], "texture": "#1"},
				"down": {"uv": [5.09804, 1.33333, 11.29412, 15.92157], "texture": "#1"}
			}
		},
		{
			"from": [0.18, -3.4, 14],
			"to": [0.18, 1.8, 15.1],
			"faces": {
				"north": {"uv": [5.09804, 1.33333, 11.29412, 15.92157], "texture": "#1"},
				"east": {"uv": [5.09804, 1.33333, 11.29412, 15.92157], "texture": "#1"},
				"south": {"uv": [5.09804, 1.33333, 11.29412, 15.92157], "texture": "#1"},
				"west": {"uv": [5.09804, 1.33333, 11.29412, 15.92157], "texture": "#1"},
				"up": {"uv": [5.09804, 1.33333, 11.29412, 15.92157], "texture": "#1"},
				"down": {"uv": [5.09804, 1.33333, 11.29412, 15.92157], "texture": "#1"}
			}
		},
		{
			"from": [0.16, -3.4, 14],
			"to": [0.16, 1.8, 15.1],
			"faces": {
				"north": {"uv": [5.09804, 1.33333, 11.29412, 15.92157], "texture": "#1"},
				"east": {"uv": [5.09804, 1.33333, 11.29412, 15.92157], "texture": "#1"},
				"south": {"uv": [5.09804, 1.33333, 11.29412, 15.92157], "texture": "#1"},
				"west": {"uv": [5.09804, 1.33333, 11.29412, 15.92157], "texture": "#1"},
				"up": {"uv": [5.09804, 1.33333, 11.29412, 15.92157], "texture": "#1"},
				"down": {"uv": [5.09804, 1.33333, 11.29412, 15.92157], "texture": "#1"}
			}
		},
		{
			"from": [0.14, -3.4, 14],
			"to": [0.14, 1.8, 15.1],
			"faces": {
				"north": {"uv": [5.09804, 1.33333, 11.29412, 15.92157], "texture": "#1"},
				"east": {"uv": [5.09804, 1.33333, 11.29412, 15.92157], "texture": "#1"},
				"south": {"uv": [5.09804, 1.33333, 11.29412, 15.92157], "texture": "#1"},
				"west": {"uv": [5.09804, 1.33333, 11.29412, 15.92157], "texture": "#1"},
				"up": {"uv": [5.09804, 1.33333, 11.29412, 15.92157], "texture": "#1"},
				"down": {"uv": [5.09804, 1.33333, 11.29412, 15.92157], "texture": "#1"}
			}
		},
		{
			"from": [0.24, -3.4, 14],
			"to": [0.24, 1.8, 15.1],
			"faces": {
				"north": {"uv": [5.09804, 1.33333, 11.29412, 15.92157], "texture": "#1"},
				"east": {"uv": [5.09804, 1.33333, 11.29412, 15.92157], "texture": "#1"},
				"south": {"uv": [5.09804, 1.33333, 11.29412, 15.92157], "texture": "#1"},
				"west": {"uv": [5.09804, 1.33333, 11.29412, 15.92157], "texture": "#1"},
				"up": {"uv": [5.09804, 1.33333, 11.29412, 15.92157], "texture": "#1"},
				"down": {"uv": [5.09804, 1.33333, 11.29412, 15.92157], "texture": "#1"}
			}
		},
		{
			"from": [1.8, -0.1, 12.84021],
			"to": [2, 0.2, 14.74021],
			"rotation": {"angle": 0, "axis": "x", "origin": [0.73158, 0.05, 14.3701]},
			"faces": {
				"north": {"uv": [11.0511, 0.45312, 11.2511, 0.15312], "rotation": 180, "texture": "#1"},
				"east": {"uv": [11.0511, 0.45312, 12.9511, 0.15312], "rotation": 180, "texture": "#1"},
				"south": {"uv": [11.0511, 0.45312, 11.2511, 0.15312], "rotation": 180, "texture": "#1"},
				"west": {"uv": [11.0511, 0.45312, 12.9511, 0.15312], "rotation": 180, "texture": "#1"},
				"up": {"uv": [12.9511, 0.25312, 11.0511, 0.45312], "rotation": 90, "texture": "#1"},
				"down": {"uv": [11.22141, 0.3875, 13.12141, 0.1875], "rotation": 90, "texture": "#1"}
			}
		},
		{
			"from": [-0.5, -0.1, 14.64021],
			"to": [1.9, 0.2, 14.74021],
			"rotation": {"angle": 0, "axis": "x", "origin": [0.73158, 0.05, 14.3701]},
			"faces": {
				"north": {"uv": [11.10579, 0.13125, 13.50579, 0.43125], "rotation": 180, "texture": "#1"},
				"east": {"uv": [11.10579, 0.13125, 11.20579, 0.43125], "rotation": 180, "texture": "#1"},
				"south": {"uv": [11.10579, 0.13125, 13.50579, 0.43125], "rotation": 180, "texture": "#1"},
				"west": {"uv": [11.10579, 0.13125, 11.20579, 0.43125], "rotation": 180, "texture": "#1"},
				"up": {"uv": [11.10579, 0.21719, 13.50579, 0.11719], "texture": "#1"},
				"down": {"uv": [11.10579, 0.21719, 13.50579, 0.11719], "texture": "#1"}
			}
		},
		{
			"from": [-0.50919, -0.1, 12.82808],
			"to": [-0.30919, 0.2, 14.72808],
			"rotation": {"angle": 0, "axis": "x", "origin": [0.73158, 0.05, 14.3701]},
			"faces": {
				"north": {"uv": [11.10579, 0.13125, 11.30579, 0.43125], "rotation": 180, "texture": "#1"},
				"east": {"uv": [11.10579, 0.13125, 13.00579, 0.43125], "rotation": 180, "texture": "#1"},
				"south": {"uv": [11.10579, 0.13125, 11.30579, 0.43125], "rotation": 180, "texture": "#1"},
				"west": {"uv": [11.10579, 0.13125, 13.00579, 0.43125], "rotation": 180, "texture": "#1"},
				"up": {"uv": [11.10579, 0.18594, 13.00579, 0.38594], "rotation": 270, "texture": "#1"},
				"down": {"uv": [11.10579, 0.13125, 13.00579, 0.33125], "rotation": 90, "texture": "#1"}
			}
		}
	],
	"groups": [
		0,
		1,
		2,
		3,
		4,
		5,
		6,
		7,
		8,
		9,
		10,
		{
			"name": "group",
			"origin": [0.73158, 0.05, 14.3701],
			"color": 0,
			"children": [11, 12, 13, 14, 15, 16, 17, 18, 19, 20, 21, 22, 23, 24]
		}
	]
}