{
	"credit": "Made with Blockbench",
	"textures": {
		"1": "block/door/hinges_and_lock_oak_door",
		"2": "block/door/oak_door_tx",
		"particle": "block/door/oak_door_tx"
	},
	"elements": [
		{
			"from": [-0.5, 15.9, -0.1],
			"to": [1.9, 16.2, 0],
			"rotation": {"angle": 0, "axis": "y", "origin": [0, 16, 0]},
			"faces": {
				"north": {"uv": [10.32148, 0.13125, 12.72148, 0.43125], "texture": "#1"},
				"east": {"uv": [10.32148, 0.13125, 10.42148, 0.43125], "texture": "#1"},
				"south": {"uv": [10.32148, 0.13125, 12.72148, 0.43125], "texture": "#1"},
				"west": {"uv": [10.32148, 0.13125, 10.42148, 0.43125], "texture": "#1"},
				"up": {"uv": [10.32148, 0.21719, 12.72148, 0.11719], "texture": "#1"},
				"down": {"uv": [10.32148, 0.21719, 12.72148, 0.11719], "texture": "#1"}
			}
		},
		{
			"from": [1.8, 15.9, -0.1],
			"to": [2, 16.2, 1.8],
			"rotation": {"angle": 0, "axis": "y", "origin": [0, 16, 0]},
			"faces": {
				"north": {"uv": [10.26679, 0.45312, 10.46679, 0.15312], "texture": "#1"},
				"east": {"uv": [10.26679, 0.45312, 12.16679, 0.15312], "texture": "#1"},
				"south": {"uv": [10.26679, 0.45312, 10.46679, 0.15312], "texture": "#1"},
				"west": {"uv": [10.26679, 0.45312, 12.16679, 0.15312], "texture": "#1"},
				"up": {"uv": [10.4371, 0.3875, 12.3371, 0.1875], "rotation": 90, "texture": "#1"},
				"down": {"uv": [12.16679, 0.25312, 10.26679, 0.45312], "rotation": 90, "texture": "#1"}
			}
		},
		{
			"from": [1.7, 15.9, -0.1],
			"to": [1.8, 16.2, 0.3],
			"rotation": {"angle": 45, "axis": "y", "origin": [1.75, 16.05, 0.05]},
			"faces": {
				"north": {"uv": [10.26679, 0.45312, 10.36679, 0.15312], "texture": "#1"},
				"east": {"uv": [10.26679, 0.45312, 10.66679, 0.15312], "texture": "#1"},
				"south": {"uv": [10.26679, 0.45312, 10.36679, 0.15312], "texture": "#1"},
				"west": {"uv": [10.26679, 0.45312, 10.66679, 0.15312], "texture": "#1"},
				"up": {"uv": [10.31367, 0, 10.71367, 0.1], "rotation": 90, "texture": "#1"},
				"down": {"uv": [10.26679, 0.35312, 10.66679, 0.25312], "rotation": 270, "texture": "#1"}
			}
		},
		{
			"from": [-0.43848, 15.9, 0.08284],
			"to": [-0.38848, 16.2, 0.58284],
			"rotation": {"angle": -45, "axis": "y", "origin": [-0.08848, 16.05, 0.33284]},
			"faces": {
				"north": {"uv": [10.32148, 0.13125, 10.37148, 0.43125], "texture": "#1"},
				"east": {"uv": [10.32148, 0.13125, 10.82148, 0.43125], "texture": "#1"},
				"south": {"uv": [10.32148, 0.13125, 10.37148, 0.43125], "texture": "#1"},
				"west": {"uv": [10.32148, 0.13125, 10.82148, 0.43125], "texture": "#1"},
				"up": {"uv": [10.32148, 0.11719, 10.82148, 0.06719], "rotation": 90, "texture": "#1"},
				"down": {"uv": [10.32148, 0.11719, 10.82148, 0.06719], "rotation": 270, "texture": "#1"}
			}
		},
		{
			"from": [-0.50919, 15.9, -0.08787],
			"to": [-0.30919, 16.2, 1.81213],
			"rotation": {"angle": 0, "axis": "y", "origin": [-0.15919, 16.05, 0.26213]},
			"faces": {
				"north": {"uv": [10.32148, 0.13125, 10.52148, 0.43125], "texture": "#1"},
				"east": {"uv": [10.32148, 0.13125, 12.22148, 0.43125], "texture": "#1"},
				"south": {"uv": [10.32148, 0.13125, 10.52148, 0.43125], "texture": "#1"},
				"west": {"uv": [10.32148, 0.13125, 12.22148, 0.43125], "texture": "#1"},
				"up": {"uv": [10.32148, 0.13125, 12.22148, 0.33125], "rotation": 90, "texture": "#1"},
				"down": {"uv": [10.32148, 0.18594, 12.22148, 0.38594], "rotation": 270, "texture": "#1"}
			}
		},
		{
			"from": [0.4, 0, -1],
			"to": [1, 16, 13.2],
			"rotation": {"angle": 0, "axis": "y", "origin": [0, 16, 0]},
			"faces": {
				"north": {"uv": [0, 0, 0.6, 16], "texture": "#2"},
				"east": {"uv": [0, 0, 14.2, 16], "texture": "#2"},
				"south": {"uv": [0, 0, 0.6, 16], "texture": "#2"},
				"west": {"uv": [0, 0, 14.2, 16], "texture": "#2"},
				"up": {"uv": [0, 0, 0.6, 14.2], "texture": "#2"},
				"down": {"uv": [0, 0, 0.6, 14.2], "texture": "#2"}
			}
		},
		{
			"from": [0.2, 3, 14.95],
			"to": [0.4, 3.9, 14.95],
			"rotation": {"angle": 22.5, "axis": "y", "origin": [0.35, 3.4, 14.92]},
			"faces": {
				"north": {"uv": [0.70588, 3.13725, 3.45098, 9.64706], "texture": "#1"},
				"east": {"uv": [0.70588, 3.13725, 3.45098, 9.64706], "texture": "#1"},
				"south": {"uv": [0.70588, 3.13725, 3.45098, 9.64706], "rotation": 180, "texture": "#1"},
				"west": {"uv": [0.70588, 3.13725, 3.45098, 9.64706], "texture": "#1"},
				"up": {"uv": [0.70588, 3.13725, 3.45098, 9.64706], "texture": "#1"},
				"down": {"uv": [0.70588, 3.13725, 3.45098, 9.64706], "texture": "#1"}
			}
		},
		{
			"from": [0.3, 3, 14.88],
			"to": [0.8, 4, 14.88],
			"rotation": {"angle": 0, "axis": "y", "origin": [0, -9, 0]},
			"faces": {
				"north": {"uv": [0, 9.4902, 4.23529, 14.66667], "texture": "#1"},
				"east": {"uv": [0, 9.4902, 4.23529, 14.66667], "texture": "#1"},
				"south": {"uv": [0, 9.4902, 4.23529, 14.66667], "rotation": 180, "texture": "#1"},
				"west": {"uv": [0, 9.4902, 4.23529, 14.66667], "texture": "#1"},
				"up": {"uv": [0, 9.4902, 4.23529, 14.66667], "texture": "#1"},
				"down": {"uv": [0, 9.4902, 4.23529, 14.66667], "texture": "#1"}
			}
		},
		{
			"from": [0.3, 3, 14.89],
			"to": [0.8, 4, 14.89],
			"rotation": {"angle": 0, "axis": "y", "origin": [0, -9, 0]},
			"faces": {
				"north": {"uv": [0, 9.4902, 4.23529, 14.66667], "texture": "#1"},
				"east": {"uv": [0, 9.4902, 4.23529, 14.66667], "texture": "#1"},
				"south": {"uv": [0, 9.4902, 4.23529, 14.66667], "rotation": 180, "texture": "#1"},
				"west": {"uv": [0, 9.4902, 4.23529, 14.66667], "texture": "#1"},
				"up": {"uv": [0, 9.4902, 4.23529, 14.66667], "texture": "#1"},
				"down": {"uv": [0, 9.4902, 4.23529, 14.66667], "texture": "#1"}
			}
		},
		{
			"from": [0.3, 3, 14.9],
			"to": [0.8, 4, 14.9],
			"rotation": {"angle": 0, "axis": "y", "origin": [0, -9, 0]},
			"faces": {
				"north": {"uv": [0, 9.4902, 4.23529, 14.66667], "texture": "#1"},
				"east": {"uv": [0, 9.4902, 4.23529, 14.66667], "texture": "#1"},
				"south": {"uv": [0, 9.4902, 4.23529, 14.66667], "rotation": 180, "texture": "#1"},
				"west": {"uv": [0, 9.4902, 4.23529, 14.66667], "texture": "#1"},
				"up": {"uv": [0, 9.4902, 4.23529, 14.66667], "texture": "#1"},
				"down": {"uv": [0, 9.4902, 4.23529, 14.66667], "texture": "#1"}
			}
		},
		{
			"from": [0.3, 3, 14.91],
			"to": [0.8, 4, 14.91],
			"rotation": {"angle": 0, "axis": "y", "origin": [0, -9, 0]},
			"faces": {
				"north": {"uv": [0, 9.4902, 4.23529, 14.66667], "texture": "#1"},
				"east": {"uv": [0, 9.4902, 4.23529, 14.66667], "texture": "#1"},
				"south": {"uv": [0, 9.4902, 4.23529, 14.66667], "rotation": 180, "texture": "#1"},
				"west": {"uv": [0, 9.4902, 4.23529, 14.66667], "texture": "#1"},
				"up": {"uv": [0, 9.4902, 4.23529, 14.66667], "texture": "#1"},
				"down": {"uv": [0, 9.4902, 4.23529, 14.66667], "texture": "#1"}
			}
		},
		{
			"from": [0.3, 3, 14.92],
			"to": [0.8, 4, 14.92],
			"rotation": {"angle": 0, "axis": "y", "origin": [0, -9, 0]},
			"faces": {
				"north": {"uv": [0, 9.4902, 4.23529, 14.66667], "texture": "#1"},
				"east": {"uv": [0, 9.4902, 4.23529, 14.66667], "texture": "#1"},
				"south": {"uv": [0, 9.4902, 4.23529, 14.66667], "rotation": 180, "texture": "#1"},
				"west": {"uv": [0, 9.4902, 4.23529, 14.66667], "texture": "#1"},
				"up": {"uv": [0, 9.4902, 4.23529, 14.66667], "texture": "#1"},
				"down": {"uv": [0, 9.4902, 4.23529, 14.66667], "texture": "#1"}
			}
		},
		{
			"from": [0.23, 3, 14.95],
			"to": [0.23, 3.9, 15.45],
			"rotation": {"angle": 0, "axis": "y", "origin": [0.55, 3.5, 14.9]},
			"faces": {
				"north": {"uv": [0, 9.4902, 4.23529, 14.66667], "rotation": 180, "texture": "#1"},
				"east": {"uv": [0, 9.4902, 4.23529, 14.66667], "texture": "#1"},
				"south": {"uv": [0, 9.4902, 4.23529, 14.66667], "rotation": 180, "texture": "#1"},
				"west": {"uv": [0, 9.4902, 4.23529, 14.66667], "rotation": 180, "texture": "#1"},
				"up": {"uv": [0, 9.4902, 4.23529, 14.66667], "rotation": 90, "texture": "#1"},
				"down": {"uv": [0, 9.4902, 4.23529, 14.66667], "rotation": 270, "texture": "#1"}
			}
		},
		{
			"from": [0.25, 3, 14.95],
			"to": [0.25, 3.9, 15.45],
			"rotation": {"angle": 0, "axis": "y", "origin": [0.55, 3.5, 14.9]},
			"faces": {
				"north": {"uv": [0, 9.4902, 4.23529, 14.66667], "rotation": 180, "texture": "#1"},
				"east": {"uv": [0, 9.4902, 4.23529, 14.66667], "texture": "#1"},
				"south": {"uv": [0, 9.4902, 4.23529, 14.66667], "rotation": 180, "texture": "#1"},
				"west": {"uv": [0, 9.4902, 4.23529, 14.66667], "rotation": 180, "texture": "#1"},
				"up": {"uv": [0, 9.4902, 4.23529, 14.66667], "rotation": 90, "texture": "#1"},
				"down": {"uv": [0, 9.4902, 4.23529, 14.66667], "rotation": 270, "texture": "#1"}
			}
		},
		{
			"from": [0.24, 3, 14.95],
			"to": [0.24, 3.9, 15.45],
			"rotation": {"angle": 0, "axis": "y", "origin": [0.55, 3.5, 14.9]},
			"faces": {
				"north": {"uv": [0, 9.4902, 4.23529, 14.66667], "rotation": 180, "texture": "#1"},
				"east": {"uv": [0, 9.4902, 4.23529, 14.66667], "texture": "#1"},
				"south": {"uv": [0, 9.4902, 4.23529, 14.66667], "rotation": 180, "texture": "#1"},
				"west": {"uv": [0, 9.4902, 4.23529, 14.66667], "rotation": 180, "texture": "#1"},
				"up": {"uv": [0, 9.4902, 4.23529, 14.66667], "rotation": 90, "texture": "#1"},
				"down": {"uv": [0, 9.4902, 4.23529, 14.66667], "rotation": 270, "texture": "#1"}
			}
		},
		{
			"from": [0.26, 3, 14.95],
			"to": [0.26, 3.9, 15.45],
			"rotation": {"angle": 0, "axis": "y", "origin": [0.55, 3.5, 14.9]},
			"faces": {
				"north": {"uv": [0, 9.4902, 4.23529, 14.66667], "rotation": 180, "texture": "#1"},
				"east": {"uv": [0, 9.4902, 4.23529, 14.66667], "texture": "#1"},
				"south": {"uv": [0, 9.4902, 4.23529, 14.66667], "rotation": 180, "texture": "#1"},
				"west": {"uv": [0, 9.4902, 4.23529, 14.66667], "rotation": 180, "texture": "#1"},
				"up": {"uv": [0, 9.4902, 4.23529, 14.66667], "rotation": 90, "texture": "#1"},
				"down": {"uv": [0, 9.4902, 4.23529, 14.66667], "rotation": 270, "texture": "#1"}
			}
		},
		{
			"from": [0.27, 3, 14.95],
			"to": [0.27, 3.9, 15.45],
			"rotation": {"angle": 0, "axis": "y", "origin": [0.55, 3.5, 14.9]},
			"faces": {
				"north": {"uv": [0, 9.4902, 4.23529, 14.66667], "rotation": 180, "texture": "#1"},
				"east": {"uv": [0, 9.4902, 4.23529, 14.66667], "texture": "#1"},
				"south": {"uv": [0, 9.4902, 4.23529, 14.66667], "rotation": 180, "texture": "#1"},
				"west": {"uv": [0, 9.4902, 4.23529, 14.66667], "rotation": 180, "texture": "#1"},
				"up": {"uv": [0, 9.4902, 4.23529, 14.66667], "rotation": 90, "texture": "#1"},
				"down": {"uv": [0, 9.4902, 4.23529, 14.66667], "rotation": 270, "texture": "#1"}
			}
		},
		{
			"from": [0.2, 3, 14.92],
			"to": [0.4, 3.9, 14.92],
			"rotation": {"angle": 22.5, "axis": "y", "origin": [0.35, 3.4, 14.92]},
			"faces": {
				"north": {"uv": [0.70588, 3.13725, 3.45098, 9.64706], "texture": "#1"},
				"east": {"uv": [0.70588, 3.13725, 3.45098, 9.64706], "texture": "#1"},
				"south": {"uv": [0.70588, 3.13725, 3.45098, 9.64706], "rotation": 180, "texture": "#1"},
				"west": {"uv": [0.70588, 3.13725, 3.45098, 9.64706], "texture": "#1"},
				"up": {"uv": [0.70588, 3.13725, 3.45098, 9.64706], "texture": "#1"},
				"down": {"uv": [0.70588, 3.13725, 3.45098, 9.64706], "texture": "#1"}
			}
		},
		{
			"from": [0.2, 3, 14.93],
			"to": [0.4, 3.9, 14.93],
			"rotation": {"angle": 22.5, "axis": "y", "origin": [0.35, 3.4, 14.92]},
			"faces": {
				"north": {"uv": [0.70588, 3.13725, 3.45098, 9.64706], "texture": "#1"},
				"east": {"uv": [0.70588, 3.13725, 3.45098, 9.64706], "texture": "#1"},
				"south": {"uv": [0.70588, 3.13725, 3.45098, 9.64706], "rotation": 180, "texture": "#1"},
				"west": {"uv": [0.70588, 3.13725, 3.45098, 9.64706], "texture": "#1"},
				"up": {"uv": [0.70588, 3.13725, 3.45098, 9.64706], "texture": "#1"},
				"down": {"uv": [0.70588, 3.13725, 3.45098, 9.64706], "texture": "#1"}
			}
		},
		{
			"from": [0.24375, 0, -1.50937],
			"to": [1.24375, 16, 1.65938],
			"rotation": {"angle": 0, "axis": "y", "origin": [0.59203, 21.62453, 4.00064]},
			"faces": {
				"north": {"uv": [4.2, 0, 3.2, 15.975], "texture": "#2"},
				"east": {"uv": [3.16875, 0, 0, 16], "texture": "#2"},
				"south": {"uv": [4.2, 0, 3.2, 15.975], "texture": "#2"},
				"west": {"uv": [3.16875, 0.025, 0, 16], "texture": "#2"},
				"up": {"uv": [12.76875, 0, 9.6, 1], "rotation": 90, "texture": "#2"},
				"down": {"uv": [12.76875, 15, 9.6, 16], "rotation": 270, "texture": "#2"}
			}
		},
		{
			"from": [0.24375, 0, 1.79063],
			"to": [1.24375, 16, 4.95938],
			"rotation": {"angle": 0, "axis": "y", "origin": [0.59203, 21.62453, 4.00064]},
			"faces": {
				"north": {"uv": [4.2, 0, 3.2, 15.975], "texture": "#2"},
				"east": {"uv": [12.55156, 0, 9.38281, 16], "texture": "#2"},
				"south": {"uv": [4.2, 0, 3.2, 15.975], "texture": "#2"},
				"west": {"uv": [12.41875, 0, 9.25, 15.975], "texture": "#2"},
				"up": {"uv": [12.76875, 0, 9.6, 1], "rotation": 90, "texture": "#2"},
				"down": {"uv": [12.76875, 15, 9.6, 16], "rotation": 270, "texture": "#2"}
			}
		},
		{
			"from": [0.24375, 0, 5.09063],
			"to": [1.24375, 16, 8.25938],
			"rotation": {"angle": 0, "axis": "y", "origin": [0.59203, 21.62453, 4.00064]},
			"faces": {
				"north": {"uv": [4.2, 0, 3.2, 15.975], "texture": "#2"},
				"east": {"uv": [9.18438, 0, 6.01563, 16], "texture": "#2"},
				"south": {"uv": [4.2, 0, 3.2, 15.975], "texture": "#2"},
				"west": {"uv": [9.18438, 0.025, 6.01563, 16], "texture": "#2"},
				"up": {"uv": [12.76875, 0, 9.6, 1], "rotation": 90, "texture": "#2"},
				"down": {"uv": [12.76875, 15, 9.6, 16], "rotation": 270, "texture": "#2"}
			}
		},
		{
			"from": [0.24375, 0, 8.39063],
			"to": [1.24375, 16, 11.55938],
			"rotation": {"angle": 0, "axis": "y", "origin": [0.59203, 21.62453, 4.00064]},
			"faces": {
				"north": {"uv": [4.2, 0, 3.2, 15.975], "texture": "#2"},
				"east": {"uv": [5.86406, 0.025, 2.69531, 16.025], "texture": "#2"},
				"south": {"uv": [4.2, 0, 3.2, 15.975], "texture": "#2"},
				"west": {"uv": [5.85625, 0.025, 2.6875, 16], "texture": "#2"},
				"up": {"uv": [12.76875, 0, 9.6, 1], "rotation": 90, "texture": "#2"},
				"down": {"uv": [12.76875, 15, 9.6, 16], "rotation": 270, "texture": "#2"}
			}
		},
		{
			"from": [0.24375, 0, 11.69063],
			"to": [1.24375, 16, 14.85938],
			"rotation": {"angle": 0, "axis": "y", "origin": [0.59203, 21.62453, 4.00064]},
			"faces": {
				"north": {"uv": [4.2, 0, 3.2, 16], "texture": "#2"},
				"east": {"uv": [3.16875, 0, 0, 16], "texture": "#2"},
				"south": {"uv": [4.2, 0, 3.2, 16], "texture": "#2"},
				"west": {"uv": [3.16875, 0, 0, 16], "texture": "#2"},
				"up": {"uv": [12.76875, 0, 9.6, 1], "rotation": 90, "texture": "#2"},
				"down": {"uv": [12.76875, 15, 9.6, 16], "rotation": 270, "texture": "#2"}
			}
		},
		{
			"from": [0, 0, 14.85],
			"to": [0.20625, 16, 16],
			"rotation": {"angle": 0, "axis": "y", "origin": [8.01484, 8, 15.58906]},
			"faces": {
				"north": {"uv": [11.544, 0, 8.375, 16], "texture": "#2"},
				"east": {"uv": [12, 0, 10.25, 16], "texture": "#2"},
				"south": {"uv": [0.20625, 0, 0, 16], "texture": "#2"},
				"west": {"uv": [6.313, 0.063, 4.563, 16], "texture": "#2"},
				"up": {"uv": [3.2, 0, 0, 16], "texture": "#2"},
				"down": {"uv": [0, 15.90625, 1.75, 16], "texture": "#2"}
			}
		},
		{
			"from": [15.79375, 0, 14.85],
			"to": [16, 14.25, 16],
			"rotation": {"angle": 0, "axis": "y", "origin": [7.98516, 8, 15.58906]},
			"faces": {
				"north": {"uv": [8.375, 0, 11.544, 16], "texture": "#2"},
				"east": {"uv": [4.563, 0.063, 6.313, 16], "texture": "#2"},
				"south": {"uv": [0, 0, 0.20625, 14.25], "texture": "#2"},
				"west": {"uv": [0, 0, 1.15, 14.25], "texture": "#2"},
				"up": {"uv": [0, 0, 3.2, 16], "texture": "#2"},
				"down": {"uv": [1.75, 15.90625, 0, 16], "texture": "#2"}
			}
		},
		{
			"from": [15.9875, 14.125, 14.85],
			"to": [16.09375, 16.5625, 16],
			"rotation": {"angle": 0, "axis": "y", "origin": [8.07891, 22.25, 15.58906]},
			"faces": {
				"north": {"uv": [8.375, 0, 11.544, 16], "texture": "#2"},
				"east": {"uv": [4.563, 0.063, 6.313, 16], "texture": "#2"},
				"south": {"uv": [0, 0, 0.10625, 2.4375], "texture": "#2"},
				"west": {"uv": [0, 0, 16, 16], "texture": "#2"},
				"up": {"uv": [0, 0, 3.2, 16], "texture": "#2"},
				"down": {"uv": [1.75, 15.90625, 0, 16], "texture": "#2"}
			}
		},
		{
			"from": [15.79375, 14.25, 14.84375],
			"to": [16, 16.25, 16],
			"rotation": {"angle": 0, "axis": "y", "origin": [7.98516, 22.25, 17.08906]},
			"faces": {
				"north": {"uv": [8.375, 0, 11.544, 16], "texture": "#2"},
				"east": {"uv": [4.563, 0.063, 6.313, 16], "texture": "#2"},
				"south": {"uv": [0, 0, 0.20625, 2], "texture": "#2"},
				"west": {"uv": [0, 0.17969, 1.15625, 1.92969], "texture": "#2"},
				"up": {"uv": [0, 0, 3.2, 16], "texture": "#2"},
				"down": {"uv": [1.75, 15.90625, 0, 16], "texture": "#2"}
			}
		},
		{
			"from": [-0.675, 0.125, 14.6],
			"to": [0.19688, 16.125, 16.20625],
			"rotation": {"angle": 0, "axis": "y", "origin": [7.97109, 8.125, 15.58906]},
			"faces": {
				"north": {"uv": [10.75, 0, 12.02188, 16], "texture": "#2"},
				"east": {"uv": [5.89375, 0, 7.5, 16], "texture": "#2"},
				"south": {"uv": [2.75, 0, 4.02188, 16], "texture": "#2"},
				"west": {"uv": [10, 0, 11.60625, 16], "texture": "#2"},
				"up": {"uv": [5.89375, 0.95, 7.5, 2.22188], "rotation": 90, "texture": "#2"},
				"down": {"uv": [0, 15.91875, 1.60625, 17.19063], "rotation": 270, "texture": "#2"}
			}
		},
		{
			"from": [15.89375, 0, 14.6],
			"to": [16.61875, 16, 16.20625],
			"rotation": {"angle": 0, "axis": "y", "origin": [7.97266, 8, 15.58906]},
			"faces": {
				"north": {"uv": [11.975, 0, 10.75, 16], "texture": "#2"},
				"east": {"uv": [11.60625, 0, 10, 16], "texture": "#2"},
				"south": {"uv": [7.6, 0, 6.375, 16], "texture": "#2"},
				"west": {"uv": [7.5, 0, 5.89375, 16], "texture": "#2"},
				"up": {"uv": [5.89375, 2.175, 7.5, 0.95], "rotation": 90, "texture": "#2"},
				"down": {"uv": [0, 17.14375, 1.60625, 15.91875], "rotation": 270, "texture": "#2"}
			}
		}
	],
	"groups": [
		0,
		1,
		2,
		3,
		4,
		{
			"name": "group",
			"origin": [7.97266, -8, 15.58906],
			"color": 0,
			"children": [
				{
					"name": "group",
					"origin": [7.97266, -8, 15.58906],
					"color": 0,
					"children": [5, 6, 7, 8, 9, 10, 11, 12, 13, 14, 15, 16, 17, 18, 19, 20, 21, 22, 23, 24, 25, 26, 27, 28, 29]
				}
			]
		}
	]
}