{
	"credit": "Made with Blockbench",
	"textures": {
		"0": "block/door/oak_door_tx",
		"particle": "block/door/oak_door_tx"
	},
	"elements": [
		{
			"from": [0.0013, 0, 15.89349],
			"to": [1.1513, 14.25, 16.09974],
			"rotation": {"angle": 0, "axis": "y", "origin": [10.65078, -5.69271, 15.65052]},
			"faces": {
				"north": {"uv": [0, 0, 2.75, 16], "texture": "#0"},
				"east": {"uv": [8.375, 0, 11.544, 16], "texture": "#0"},
				"south": {"uv": [4.563, 0.063, 6.313, 16], "texture": "#0"},
				"west": {"uv": [0, 0, 3.2, 16], "texture": "#0"},
				"up": {"uv": [0, 0, 3.2, 16], "rotation": 90, "texture": "#0"},
				"down": {"uv": [1.75, 15.90625, 0, 16], "rotation": 270, "texture": "#0"}
			}
		},
		{
			"from": [0.0013, 14.125, 16.08724],
			"to": [1.1513, 16.5625, 16.19349],
			"rotation": {"angle": 0, "axis": "y", "origin": [10.65078, -5.69271, 15.65052]},
			"faces": {
				"north": {"uv": [0, 0, 1.15, 2.4375], "texture": "#0"},
				"east": {"uv": [8.375, 0, 11.544, 16], "texture": "#0"},
				"south": {"uv": [4.563, 0.063, 6.313, 16], "texture": "#0"},
				"west": {"uv": [0, 0, 3.2, 16], "texture": "#0"},
				"up": {"uv": [0, 0, 3.2, 16], "rotation": 90, "texture": "#0"},
				"down": {"uv": [1.75, 15.90625, 0, 16], "rotation": 270, "texture": "#0"}
			}
		},
		{
			"from": [0.0013, 14.25, 15.89349],
			"to": [1.15755, 16.25, 16.09974],
			"rotation": {"angle": 0, "axis": "y", "origin": [10.65078, -5.69271, 15.65052]},
			"faces": {
				"north": {"uv": [6.61719, 0, 7.77344, 1.75], "texture": "#0"},
				"east": {"uv": [8.375, 0, 11.544, 16], "texture": "#0"},
				"south": {"uv": [4.563, 0.063, 6.313, 16], "texture": "#0"},
				"west": {"uv": [0, 0, 3.2, 16], "texture": "#0"},
				"up": {"uv": [0, 0, 3.2, 16], "rotation": 90, "texture": "#0"},
				"down": {"uv": [1.75, 15.90625, 0, 16], "rotation": 270, "texture": "#0"}
			}
		},
		{
			"from": [0.31597, 0, 0.30174],
			"to": [1.31597, 16, 2.67049],
			"rotation": {"angle": 0, "axis": "y", "origin": [0.72986, 5.34861, 4.53056]},
			"faces": {
				"north": {"uv": [3.2, 0, 0, 16], "texture": "#0"},
				"east": {"uv": [2.36875, 0, 0, 15.975], "texture": "#0"},
				"south": {"uv": [3.2, 0, 0, 16], "texture": "#0"},
				"west": {"uv": [3.2, 0, 0, 16], "texture": "#0"},
				"up": {"uv": [12.8, 0, 9.6, 1], "rotation": 270, "texture": "#0"},
				"down": {"uv": [12.8, 15, 9.6, 16], "rotation": 90, "texture": "#0"}
			}
		},
		{
			"from": [0.31597, 0, 2.80174],
			"to": [1.31597, 16, 5.97049],
			"rotation": {"angle": 0, "axis": "y", "origin": [0.72986, 5.34861, 4.53056]},
			"faces": {
				"north": {"uv": [6.4, 0, 3.2, 16], "texture": "#0"},
				"east": {"uv": [6.39531, 0, 3.22656, 15.975], "texture": "#0"},
				"south": {"uv": [6.4, 0, 3.2, 16], "texture": "#0"},
				"west": {"uv": [6.42656, 0, 3.22656, 16], "texture": "#0"},
				"up": {"uv": [12.8, 0, 9.6, 1], "rotation": 270, "texture": "#0"},
				"down": {"uv": [12.8, 15, 9.6, 16], "rotation": 90, "texture": "#0"}
			}
		},
		{
			"from": [0.55972, 0, 0.16112],
			"to": [1.15972, 16, 14.36112],
			"rotation": {"angle": 0, "axis": "y", "origin": [0.72986, 5.34861, 4.53056]},
			"faces": {
				"north": {"uv": [0, 0, 0.6, 16], "texture": "#0"},
				"east": {"uv": [0, 0, 12.58281, 16], "texture": "#0"},
				"south": {"uv": [0, 0, 0.6, 16], "texture": "#0"},
				"west": {"uv": [0, 0, 14.2, 16], "texture": "#0"},
				"up": {"uv": [0, 0, 0.6, 14.2], "rotation": 180, "texture": "#0"},
				"down": {"uv": [0, 0, 0.6, 14.2], "rotation": 180, "texture": "#0"}
			}
		},
		{
			"from": [0.31597, 0, 6.10174],
			"to": [1.31597, 16, 9.27049],
			"rotation": {"angle": 0, "axis": "y", "origin": [0.72986, 5.34861, 4.53056]},
			"faces": {
				"north": {"uv": [9.36875, 0, 6.16875, 16], "texture": "#0"},
				"east": {"uv": [9.36406, 0, 6.19531, 15.975], "texture": "#0"},
				"south": {"uv": [9.36875, 0, 6.16875, 16], "texture": "#0"},
				"west": {"uv": [9.34844, 0, 6.14844, 16], "texture": "#0"},
				"up": {"uv": [12.8, 0, 9.6, 1], "rotation": 270, "texture": "#0"},
				"down": {"uv": [12.8, 15, 9.6, 16], "rotation": 90, "texture": "#0"}
			}
		},
		{
			"from": [0.31597, 0, 9.40174],
			"to": [1.31597, 16, 12.57049],
			"rotation": {"angle": 0, "axis": "y", "origin": [0.72986, 5.34861, 4.53056]},
			"faces": {
				"north": {"uv": [10.48906, 0, 9.48906, 15.975], "texture": "#0"},
				"east": {"uv": [12.73438, 0, 9.56563, 15.975], "texture": "#0"},
				"south": {"uv": [12.68906, 0, 9.48906, 16], "texture": "#0"},
				"west": {"uv": [12.71875, 0, 9.51875, 16], "texture": "#0"},
				"up": {"uv": [12.8, 0, 9.6, 1], "rotation": 270, "texture": "#0"},
				"down": {"uv": [12.8, 15, 9.6, 16], "rotation": 90, "texture": "#0"}
			}
		},
		{
			"from": [0.31597, 0, 12.70174],
			"to": [1.31597, 16, 15.87049],
			"rotation": {"angle": 0, "axis": "y", "origin": [0.72986, 5.34861, 4.53056]},
			"faces": {
				"north": {"uv": [1, 0, 0, 15.975], "texture": "#0"},
				"east": {"uv": [3.2, 0, 0, 16], "texture": "#0"},
				"south": {"uv": [3.2, 0, 0, 16], "texture": "#0"},
				"west": {"uv": [3.2, 0, 0, 16], "texture": "#0"},
				"up": {"uv": [12.57344, 0, 9.37344, 1], "rotation": 270, "texture": "#0"},
				"down": {"uv": [12.57344, 14.95313, 9.37344, 15.95313], "rotation": 90, "texture": "#0"}
			}
		},
		{
			"from": [-0.27079, 0, 15.86173],
			"to": [1.53546, 16, 16.68673],
			"rotation": {"angle": 0, "axis": "y", "origin": [10.33374, 5.62453, 15.00172]},
			"faces": {
				"north": {"uv": [7.5, 0, 5.89375, 15.775], "texture": "#0"},
				"east": {"uv": [11.975, 0, 10.75, 16], "texture": "#0"},
				"south": {"uv": [11.60625, 0, 10, 15.775], "texture": "#0"},
				"west": {"uv": [7.6, 0, 6.375, 15.775], "texture": "#0"},
				"up": {"uv": [5.89375, 2.175, 7.5, 0.95], "rotation": 180, "texture": "#0"},
				"down": {"uv": [0, 1.225, 1.60625, 0], "rotation": 180, "texture": "#0"}
			}
		},
		{
			"from": [-0.27079, 0.025, -0.60702],
			"to": [1.53546, 16.025, 0.16486],
			"rotation": {"angle": 0, "axis": "y", "origin": [10.33374, 5.62453, 15.00172]},
			"faces": {
				"north": {"uv": [10, 0, 11.60625, 15.65], "texture": "#0"},
				"east": {"uv": [10.78906, 0, 12.06094, 16], "texture": "#0"},
				"south": {"uv": [5.89375, 0, 7.5, 15.65], "texture": "#0"},
				"west": {"uv": [2.75, 0, 4.02188, 15.65], "texture": "#0"},
				"up": {"uv": [5.89375, 0.95, 7.5, 2.22188], "rotation": 180, "texture": "#0"},
				"down": {"uv": [0, 0, 1.60625, 1.27188], "rotation": 180, "texture": "#0"}
			}
		}
	]
}