{
	"credit": "Made with Blockbench",
	"textures": {
		"1": "block/door/hinges_and_lock_oak_door",
		"2": "block/door/oak_door_tx",
		"particle": "block/door/oak_door_tx"
	},
	"elements": [
		{
			"from": [0.4, 0, -1],
			"to": [1, 15.9, 13.2],
			"faces": {
				"north": {"uv": [0, 0, 0.6, 15.9], "texture": "#2"},
				"east": {"uv": [0, 0, 14.2, 15.9], "texture": "#2"},
				"south": {"uv": [0, 0, 0.6, 15.9], "texture": "#2"},
				"west": {"uv": [0, 0, 14.2, 15.9], "texture": "#2"},
				"up": {"uv": [0, 0, 0.6, 14.2], "texture": "#2"},
				"down": {"uv": [0, 0, 0.6, 14.2], "texture": "#2"}
			}
		},
		{
			"from": [0.3, 12, 14.88],
			"to": [0.8, 13, 14.88],
			"faces": {
				"north": {"uv": [0, 9.4902, 4.23529, 14.66667], "texture": "#1"},
				"east": {"uv": [0, 9.4902, 4.23529, 14.66667], "texture": "#1"},
				"south": {"uv": [0, 9.4902, 4.23529, 14.66667], "rotation": 180, "texture": "#1"},
				"west": {"uv": [0, 9.4902, 4.23529, 14.66667], "texture": "#1"},
				"up": {"uv": [0, 9.4902, 4.23529, 14.66667], "texture": "#1"},
				"down": {"uv": [0, 9.4902, 4.23529, 14.66667], "texture": "#1"}
			}
		},
		{
			"from": [0.3, 12, 14.89],
			"to": [0.8, 13, 14.89],
			"faces": {
				"north": {"uv": [0, 9.4902, 4.23529, 14.66667], "texture": "#1"},
				"east": {"uv": [0, 9.4902, 4.23529, 14.66667], "texture": "#1"},
				"south": {"uv": [0, 9.4902, 4.23529, 14.66667], "rotation": 180, "texture": "#1"},
				"west": {"uv": [0, 9.4902, 4.23529, 14.66667], "texture": "#1"},
				"up": {"uv": [0, 9.4902, 4.23529, 14.66667], "texture": "#1"},
				"down": {"uv": [0, 9.4902, 4.23529, 14.66667], "texture": "#1"}
			}
		},
		{
			"from": [0.3, 12, 14.9],
			"to": [0.8, 13, 14.9],
			"faces": {
				"north": {"uv": [0, 9.4902, 4.23529, 14.66667], "texture": "#1"},
				"east": {"uv": [0, 9.4902, 4.23529, 14.66667], "texture": "#1"},
				"south": {"uv": [0, 9.4902, 4.23529, 14.66667], "rotation": 180, "texture": "#1"},
				"west": {"uv": [0, 9.4902, 4.23529, 14.66667], "texture": "#1"},
				"up": {"uv": [0, 9.4902, 4.23529, 14.66667], "texture": "#1"},
				"down": {"uv": [0, 9.4902, 4.23529, 14.66667], "texture": "#1"}
			}
		},
		{
			"from": [0.3, 12, 14.91],
			"to": [0.8, 13, 14.91],
			"faces": {
				"north": {"uv": [0, 9.4902, 4.23529, 14.66667], "texture": "#1"},
				"east": {"uv": [0, 9.4902, 4.23529, 14.66667], "texture": "#1"},
				"south": {"uv": [0, 9.4902, 4.23529, 14.66667], "rotation": 180, "texture": "#1"},
				"west": {"uv": [0, 9.4902, 4.23529, 14.66667], "texture": "#1"},
				"up": {"uv": [0, 9.4902, 4.23529, 14.66667], "texture": "#1"},
				"down": {"uv": [0, 9.4902, 4.23529, 14.66667], "texture": "#1"}
			}
		},
		{
			"from": [0.3, 12, 14.92],
			"to": [0.8, 13, 14.92],
			"faces": {
				"north": {"uv": [0, 9.4902, 4.23529, 14.66667], "texture": "#1"},
				"east": {"uv": [0, 9.4902, 4.23529, 14.66667], "texture": "#1"},
				"south": {"uv": [0, 9.4902, 4.23529, 14.66667], "rotation": 180, "texture": "#1"},
				"west": {"uv": [0, 9.4902, 4.23529, 14.66667], "texture": "#1"},
				"up": {"uv": [0, 9.4902, 4.23529, 14.66667], "texture": "#1"},
				"down": {"uv": [0, 9.4902, 4.23529, 14.66667], "texture": "#1"}
			}
		},
		{
			"from": [0.2, 12, 15.02],
			"to": [0.4, 12.9, 15.02],
			"rotation": {"angle": 22.5, "axis": "y", "origin": [0.35, 12.4, 14.92]},
			"faces": {
				"north": {"uv": [0.23529, 3.37255, 4.07843, 13.88235], "texture": "#1"},
				"east": {"uv": [0.23529, 3.37255, 4.07843, 13.88235], "texture": "#1"},
				"south": {"uv": [0.23529, 3.37255, 3.76471, 9.60588], "rotation": 180, "texture": "#1"},
				"west": {"uv": [0.23529, 3.37255, 4.07843, 13.88235], "texture": "#1"},
				"up": {"uv": [0.23529, 3.37255, 4.07843, 13.88235], "texture": "#1"},
				"down": {"uv": [0.23529, 3.37255, 4.07843, 13.88235], "texture": "#1"}
			}
		},
		{
			"from": [0.2, 12, 15.03],
			"to": [0.4, 12.9, 15.03],
			"rotation": {"angle": 22.5, "axis": "y", "origin": [0.35, 12.4, 14.92]},
			"faces": {
				"north": {"uv": [0.23529, 3.37255, 4.07843, 13.88235], "texture": "#1"},
				"east": {"uv": [0.23529, 3.37255, 4.07843, 13.88235], "texture": "#1"},
				"south": {"uv": [0.23529, 3.37255, 3.76471, 9.60588], "rotation": 180, "texture": "#1"},
				"west": {"uv": [0.23529, 3.37255, 4.07843, 13.88235], "texture": "#1"},
				"up": {"uv": [0.23529, 3.37255, 4.07843, 13.88235], "texture": "#1"},
				"down": {"uv": [0.23529, 3.37255, 4.07843, 13.88235], "texture": "#1"}
			}
		},
		{
			"from": [0.2, 12, 15.04],
			"to": [0.4, 12.9, 15.04],
			"rotation": {"angle": 22.5, "axis": "y", "origin": [0.35, 12.4, 14.92]},
			"faces": {
				"north": {"uv": [0.23529, 3.37255, 4.07843, 13.88235], "texture": "#1"},
				"east": {"uv": [0.23529, 3.37255, 4.07843, 13.88235], "texture": "#1"},
				"south": {"uv": [0.23529, 3.37255, 3.76471, 9.60588], "rotation": 180, "texture": "#1"},
				"west": {"uv": [0.23529, 3.37255, 4.07843, 13.88235], "texture": "#1"},
				"up": {"uv": [0.23529, 3.37255, 4.07843, 13.88235], "texture": "#1"},
				"down": {"uv": [0.23529, 3.37255, 4.07843, 13.88235], "texture": "#1"}
			}
		},
		{
			"from": [0.2, 12, 15.05],
			"to": [0.4, 12.9, 15.05],
			"rotation": {"angle": 22.5, "axis": "y", "origin": [0.35, 12.4, 14.92]},
			"faces": {
				"north": {"uv": [0.23529, 3.37255, 4.07843, 13.88235], "texture": "#1"},
				"east": {"uv": [0.23529, 3.37255, 4.07843, 13.88235], "texture": "#1"},
				"south": {"uv": [0.23529, 3.37255, 3.76471, 9.60588], "rotation": 180, "texture": "#1"},
				"west": {"uv": [0.23529, 3.37255, 4.07843, 13.88235], "texture": "#1"},
				"up": {"uv": [0.23529, 3.37255, 4.07843, 13.88235], "texture": "#1"},
				"down": {"uv": [0.23529, 3.37255, 4.07843, 13.88235], "texture": "#1"}
			}
		},
		{
			"from": [0.2, 1, 15.05],
			"to": [0.4, 1.9, 15.05],
			"rotation": {"angle": 22.5, "axis": "y", "origin": [0.35, 1.4, 14.92]},
			"faces": {
				"north": {"uv": [0, 2.82353, 4.47059, 9.64706], "texture": "#1"},
				"east": {"uv": [0, 2.82353, 4.47059, 9.64706], "texture": "#1"},
				"south": {"uv": [0, 2.82353, 4.47059, 9.64706], "rotation": 180, "texture": "#1"},
				"west": {"uv": [0, 2.82353, 4.47059, 9.64706], "texture": "#1"},
				"up": {"uv": [0, 2.82353, 4.47059, 9.64706], "texture": "#1"},
				"down": {"uv": [0, 2.82353, 4.47059, 9.64706], "texture": "#1"}
			}
		},
		{
			"from": [0.3, 1, 14.88],
			"to": [0.8, 2, 14.88],
			"rotation": {"angle": 0, "axis": "y", "origin": [0, -11, 0]},
			"faces": {
				"north": {"uv": [0, 9.4902, 4.23529, 14.66667], "texture": "#1"},
				"east": {"uv": [0, 9.4902, 4.23529, 14.66667], "texture": "#1"},
				"south": {"uv": [0, 9.4902, 4.23529, 14.66667], "rotation": 180, "texture": "#1"},
				"west": {"uv": [0, 9.4902, 4.23529, 14.66667], "texture": "#1"},
				"up": {"uv": [0, 9.4902, 4.23529, 14.66667], "texture": "#1"},
				"down": {"uv": [0, 9.4902, 4.23529, 14.66667], "texture": "#1"}
			}
		},
		{
			"from": [0.3, 1, 14.89],
			"to": [0.8, 2, 14.89],
			"rotation": {"angle": 0, "axis": "y", "origin": [0, -11, 0]},
			"faces": {
				"north": {"uv": [0, 9.4902, 4.23529, 14.66667], "texture": "#1"},
				"east": {"uv": [0, 9.4902, 4.23529, 14.66667], "texture": "#1"},
				"south": {"uv": [0, 9.4902, 4.23529, 14.66667], "rotation": 180, "texture": "#1"},
				"west": {"uv": [0, 9.4902, 4.23529, 14.66667], "texture": "#1"},
				"up": {"uv": [0, 9.4902, 4.23529, 14.66667], "texture": "#1"},
				"down": {"uv": [0, 9.4902, 4.23529, 14.66667], "texture": "#1"}
			}
		},
		{
			"from": [0.3, 1, 14.9],
			"to": [0.8, 2, 14.9],
			"rotation": {"angle": 0, "axis": "y", "origin": [0, -11, 0]},
			"faces": {
				"north": {"uv": [0, 9.4902, 4.23529, 14.66667], "texture": "#1"},
				"east": {"uv": [0, 9.4902, 4.23529, 14.66667], "texture": "#1"},
				"south": {"uv": [0, 9.4902, 4.23529, 14.66667], "rotation": 180, "texture": "#1"},
				"west": {"uv": [0, 9.4902, 4.23529, 14.66667], "texture": "#1"},
				"up": {"uv": [0, 9.4902, 4.23529, 14.66667], "texture": "#1"},
				"down": {"uv": [0, 9.4902, 4.23529, 14.66667], "texture": "#1"}
			}
		},
		{
			"from": [0.3, 1, 14.91],
			"to": [0.8, 2, 14.91],
			"rotation": {"angle": 0, "axis": "y", "origin": [0, -11, 0]},
			"faces": {
				"north": {"uv": [0, 9.4902, 4.23529, 14.66667], "texture": "#1"},
				"east": {"uv": [0, 9.4902, 4.23529, 14.66667], "texture": "#1"},
				"south": {"uv": [0, 9.4902, 4.23529, 14.66667], "rotation": 180, "texture": "#1"},
				"west": {"uv": [0, 9.4902, 4.23529, 14.66667], "texture": "#1"},
				"up": {"uv": [0, 9.4902, 4.23529, 14.66667], "texture": "#1"},
				"down": {"uv": [0, 9.4902, 4.23529, 14.66667], "texture": "#1"}
			}
		},
		{
			"from": [0.3, 1, 14.92],
			"to": [0.8, 2, 14.92],
			"rotation": {"angle": 0, "axis": "y", "origin": [0, -11, 0]},
			"faces": {
				"north": {"uv": [0, 9.4902, 4.23529, 14.66667], "texture": "#1"},
				"east": {"uv": [0, 9.4902, 4.23529, 14.66667], "texture": "#1"},
				"south": {"uv": [0, 9.4902, 4.23529, 14.66667], "rotation": 180, "texture": "#1"},
				"west": {"uv": [0, 9.4902, 4.23529, 14.66667], "texture": "#1"},
				"up": {"uv": [0, 9.4902, 4.23529, 14.66667], "texture": "#1"},
				"down": {"uv": [0, 9.4902, 4.23529, 14.66667], "texture": "#1"}
			}
		},
		{
			"from": [0.2, 1, 15.02],
			"to": [0.4, 1.9, 15.02],
			"rotation": {"angle": 22.5, "axis": "y", "origin": [0.35, 1.4, 14.92]},
			"faces": {
				"north": {"uv": [0, 2.82353, 4.47059, 9.64706], "texture": "#1"},
				"east": {"uv": [0, 2.82353, 4.47059, 9.64706], "texture": "#1"},
				"south": {"uv": [0, 2.82353, 4.47059, 9.64706], "rotation": 180, "texture": "#1"},
				"west": {"uv": [0, 2.82353, 4.47059, 9.64706], "texture": "#1"},
				"up": {"uv": [0, 2.82353, 4.47059, 9.64706], "texture": "#1"},
				"down": {"uv": [0, 2.82353, 4.47059, 9.64706], "texture": "#1"}
			}
		},
		{
			"from": [0.2, 1, 15.03],
			"to": [0.4, 1.9, 15.03],
			"rotation": {"angle": 22.5, "axis": "y", "origin": [0.35, 1.4, 14.92]},
			"faces": {
				"north": {"uv": [0, 2.82353, 4.47059, 9.64706], "texture": "#1"},
				"east": {"uv": [0, 2.82353, 4.47059, 9.64706], "texture": "#1"},
				"south": {"uv": [0, 2.82353, 4.47059, 9.64706], "rotation": 180, "texture": "#1"},
				"west": {"uv": [0, 2.82353, 4.47059, 9.64706], "texture": "#1"},
				"up": {"uv": [0, 2.82353, 4.47059, 9.64706], "texture": "#1"},
				"down": {"uv": [0, 2.82353, 4.47059, 9.64706], "texture": "#1"}
			}
		},
		{
			"from": [0.27, 1, 14.95],
			"to": [0.27, 1.9, 15.45],
			"rotation": {"angle": 0, "axis": "y", "origin": [0.55, -12.5, 14.9]},
			"faces": {
				"north": {"uv": [0, 9.4902, 4.23529, 14.66667], "rotation": 180, "texture": "#1"},
				"east": {"uv": [0, 9.4902, 4.23529, 14.66667], "texture": "#1"},
				"south": {"uv": [0, 9.4902, 4.23529, 14.66667], "rotation": 180, "texture": "#1"},
				"west": {"uv": [0, 9.4902, 4.23529, 14.66667], "rotation": 180, "texture": "#1"},
				"up": {"uv": [0, 9.4902, 4.23529, 14.66667], "rotation": 90, "texture": "#1"},
				"down": {"uv": [0, 9.4902, 4.23529, 14.66667], "rotation": 270, "texture": "#1"}
			}
		},
		{
			"from": [0.24, 1, 14.95],
			"to": [0.24, 1.9, 15.45],
			"rotation": {"angle": 0, "axis": "y", "origin": [0.55, -12.5, 14.9]},
			"faces": {
				"north": {"uv": [0, 9.4902, 4.23529, 14.66667], "rotation": 180, "texture": "#1"},
				"east": {"uv": [0, 9.4902, 4.23529, 14.66667], "texture": "#1"},
				"south": {"uv": [0, 9.4902, 4.23529, 14.66667], "rotation": 180, "texture": "#1"},
				"west": {"uv": [0, 9.4902, 4.23529, 14.66667], "rotation": 180, "texture": "#1"},
				"up": {"uv": [0, 9.4902, 4.23529, 14.66667], "rotation": 90, "texture": "#1"},
				"down": {"uv": [0, 9.4902, 4.23529, 14.66667], "rotation": 270, "texture": "#1"}
			}
		},
		{
			"from": [0.23, 1, 14.95],
			"to": [0.23, 1.9, 15.45],
			"rotation": {"angle": 0, "axis": "y", "origin": [0.55, -12.5, 14.9]},
			"faces": {
				"north": {"uv": [0, 9.4902, 4.23529, 14.66667], "rotation": 180, "texture": "#1"},
				"east": {"uv": [0, 9.4902, 4.23529, 14.66667], "texture": "#1"},
				"south": {"uv": [0, 9.4902, 4.23529, 14.66667], "rotation": 180, "texture": "#1"},
				"west": {"uv": [0, 9.4902, 4.23529, 14.66667], "rotation": 180, "texture": "#1"},
				"up": {"uv": [0, 9.4902, 4.23529, 14.66667], "rotation": 90, "texture": "#1"},
				"down": {"uv": [0, 9.4902, 4.23529, 14.66667], "rotation": 270, "texture": "#1"}
			}
		},
		{
			"from": [0.25, 1, 14.95],
			"to": [0.25, 1.9, 15.45],
			"rotation": {"angle": 0, "axis": "y", "origin": [0.55, -12.5, 14.9]},
			"faces": {
				"north": {"uv": [0, 9.4902, 4.23529, 14.66667], "rotation": 180, "texture": "#1"},
				"east": {"uv": [0, 9.4902, 4.23529, 14.66667], "texture": "#1"},
				"south": {"uv": [0, 9.4902, 4.23529, 14.66667], "rotation": 180, "texture": "#1"},
				"west": {"uv": [0, 9.4902, 4.23529, 14.66667], "rotation": 180, "texture": "#1"},
				"up": {"uv": [0, 9.4902, 4.23529, 14.66667], "rotation": 90, "texture": "#1"},
				"down": {"uv": [0, 9.4902, 4.23529, 14.66667], "rotation": 270, "texture": "#1"}
			}
		},
		{
			"from": [0.26, 1, 14.95],
			"to": [0.26, 1.9, 15.45],
			"rotation": {"angle": 0, "axis": "y", "origin": [0.55, -12.5, 14.9]},
			"faces": {
				"north": {"uv": [0, 9.4902, 4.23529, 14.66667], "rotation": 180, "texture": "#1"},
				"east": {"uv": [0, 9.4902, 4.23529, 14.66667], "texture": "#1"},
				"south": {"uv": [0, 9.4902, 4.23529, 14.66667], "rotation": 180, "texture": "#1"},
				"west": {"uv": [0, 9.4902, 4.23529, 14.66667], "rotation": 180, "texture": "#1"},
				"up": {"uv": [0, 9.4902, 4.23529, 14.66667], "rotation": 90, "texture": "#1"},
				"down": {"uv": [0, 9.4902, 4.23529, 14.66667], "rotation": 270, "texture": "#1"}
			}
		},
		{
			"from": [0.27, 12, 14.95],
			"to": [0.27, 12.9, 15.45],
			"rotation": {"angle": 0, "axis": "y", "origin": [0.55, -12.5, 14.9]},
			"faces": {
				"north": {"uv": [0, 9.4902, 4.23529, 14.66667], "rotation": 180, "texture": "#1"},
				"east": {"uv": [0, 9.4902, 4.23529, 14.66667], "texture": "#1"},
				"south": {"uv": [0, 9.4902, 4.23529, 14.66667], "rotation": 180, "texture": "#1"},
				"west": {"uv": [0, 9.4902, 4.23529, 14.66667], "rotation": 180, "texture": "#1"},
				"up": {"uv": [0, 9.4902, 4.23529, 14.66667], "rotation": 90, "texture": "#1"},
				"down": {"uv": [0, 9.4902, 4.23529, 14.66667], "rotation": 270, "texture": "#1"}
			}
		},
		{
			"from": [0.24, 12, 14.95],
			"to": [0.24, 12.9, 15.45],
			"rotation": {"angle": 0, "axis": "y", "origin": [0.55, -12.5, 14.9]},
			"faces": {
				"north": {"uv": [0, 9.4902, 4.23529, 14.66667], "rotation": 180, "texture": "#1"},
				"east": {"uv": [0, 9.4902, 4.23529, 14.66667], "texture": "#1"},
				"south": {"uv": [0, 9.4902, 4.23529, 14.66667], "rotation": 180, "texture": "#1"},
				"west": {"uv": [0, 9.4902, 4.23529, 14.66667], "rotation": 180, "texture": "#1"},
				"up": {"uv": [0, 9.4902, 4.23529, 14.66667], "rotation": 90, "texture": "#1"},
				"down": {"uv": [0, 9.4902, 4.23529, 14.66667], "rotation": 270, "texture": "#1"}
			}
		},
		{
			"from": [0.23, 12, 14.95],
			"to": [0.23, 12.9, 15.45],
			"rotation": {"angle": 0, "axis": "y", "origin": [0.55, -12.5, 14.9]},
			"faces": {
				"north": {"uv": [0, 9.4902, 4.23529, 14.66667], "rotation": 180, "texture": "#1"},
				"east": {"uv": [0, 9.4902, 4.23529, 14.66667], "texture": "#1"},
				"south": {"uv": [0, 9.4902, 4.23529, 14.66667], "rotation": 180, "texture": "#1"},
				"west": {"uv": [0, 9.4902, 4.23529, 14.66667], "rotation": 180, "texture": "#1"},
				"up": {"uv": [0, 9.4902, 4.23529, 14.66667], "rotation": 90, "texture": "#1"},
				"down": {"uv": [0, 9.4902, 4.23529, 14.66667], "rotation": 270, "texture": "#1"}
			}
		},
		{
			"from": [0.25, 12, 14.95],
			"to": [0.25, 12.9, 15.45],
			"rotation": {"angle": 0, "axis": "y", "origin": [0.55, -12.5, 14.9]},
			"faces": {
				"north": {"uv": [0, 9.4902, 4.23529, 14.66667], "rotation": 180, "texture": "#1"},
				"east": {"uv": [0, 9.4902, 4.23529, 14.66667], "texture": "#1"},
				"south": {"uv": [0, 9.4902, 4.23529, 14.66667], "rotation": 180, "texture": "#1"},
				"west": {"uv": [0, 9.4902, 4.23529, 14.66667], "rotation": 180, "texture": "#1"},
				"up": {"uv": [0, 9.4902, 4.23529, 14.66667], "rotation": 90, "texture": "#1"},
				"down": {"uv": [0, 9.4902, 4.23529, 14.66667], "rotation": 270, "texture": "#1"}
			}
		},
		{
			"from": [0.26, 12, 14.95],
			"to": [0.26, 12.9, 15.45],
			"rotation": {"angle": 0, "axis": "y", "origin": [0.55, -12.5, 14.9]},
			"faces": {
				"north": {"uv": [0, 9.4902, 4.23529, 14.66667], "rotation": 180, "texture": "#1"},
				"east": {"uv": [0, 9.4902, 4.23529, 14.66667], "texture": "#1"},
				"south": {"uv": [0, 9.4902, 4.23529, 14.66667], "rotation": 180, "texture": "#1"},
				"west": {"uv": [0, 9.4902, 4.23529, 14.66667], "rotation": 180, "texture": "#1"},
				"up": {"uv": [0, 9.4902, 4.23529, 14.66667], "rotation": 90, "texture": "#1"},
				"down": {"uv": [0, 9.4902, 4.23529, 14.66667], "rotation": 270, "texture": "#1"}
			}
		},
		{
			"from": [-0.5, -0.1, -0.1],
			"to": [1.9, 0.2, 0],
			"faces": {
				"north": {"uv": [10.32148, 0.13125, 12.72148, 0.43125], "texture": "#1"},
				"east": {"uv": [10.32148, 0.13125, 10.42148, 0.43125], "texture": "#1"},
				"south": {"uv": [10.32148, 0.13125, 12.72148, 0.43125], "texture": "#1"},
				"west": {"uv": [10.32148, 0.13125, 10.42148, 0.43125], "texture": "#1"},
				"up": {"uv": [10.32148, 0.21719, 12.72148, 0.11719], "texture": "#1"},
				"down": {"uv": [10.32148, 0.21719, 12.72148, 0.11719], "texture": "#1"}
			}
		},
		{
			"from": [1.8, -0.1, -0.1],
			"to": [2, 0.2, 1.8],
			"faces": {
				"north": {"uv": [10.26679, 0.45312, 10.46679, 0.15312], "texture": "#1"},
				"east": {"uv": [10.26679, 0.45312, 12.16679, 0.15312], "texture": "#1"},
				"south": {"uv": [10.26679, 0.45312, 10.46679, 0.15312], "texture": "#1"},
				"west": {"uv": [10.26679, 0.45312, 12.16679, 0.15312], "texture": "#1"},
				"up": {"uv": [10.4371, 0.3875, 12.3371, 0.1875], "rotation": 90, "texture": "#1"},
				"down": {"uv": [12.16679, 0.25312, 10.26679, 0.45312], "rotation": 90, "texture": "#1"}
			}
		},
		{
			"from": [1.7, -0.1, -0.1],
			"to": [1.8, 0.2, 0.3],
			"rotation": {"angle": 45, "axis": "y", "origin": [1.75, 0.05, 0.05]},
			"faces": {
				"north": {"uv": [10.26679, 0.45312, 10.36679, 0.15312], "texture": "#1"},
				"east": {"uv": [10.26679, 0.45312, 10.66679, 0.15312], "texture": "#1"},
				"south": {"uv": [10.26679, 0.45312, 10.36679, 0.15312], "texture": "#1"},
				"west": {"uv": [10.26679, 0.45312, 10.66679, 0.15312], "texture": "#1"},
				"up": {"uv": [10.31367, 0, 10.71367, 0.1], "rotation": 90, "texture": "#1"},
				"down": {"uv": [10.26679, 0.35312, 10.66679, 0.25312], "rotation": 270, "texture": "#1"}
			}
		},
		{
			"from": [-0.43848, -0.1, 0.08284],
			"to": [-0.38848, 0.2, 0.58284],
			"rotation": {"angle": -45, "axis": "y", "origin": [-0.08848, 0.05, 0.33284]},
			"faces": {
				"north": {"uv": [10.32148, 0.13125, 10.37148, 0.43125], "texture": "#1"},
				"east": {"uv": [10.32148, 0.13125, 10.82148, 0.43125], "texture": "#1"},
				"south": {"uv": [10.32148, 0.13125, 10.37148, 0.43125], "texture": "#1"},
				"west": {"uv": [10.32148, 0.13125, 10.82148, 0.43125], "texture": "#1"},
				"up": {"uv": [10.32148, 0.11719, 10.82148, 0.06719], "rotation": 90, "texture": "#1"},
				"down": {"uv": [10.32148, 0.11719, 10.82148, 0.06719], "rotation": 270, "texture": "#1"}
			}
		},
		{
			"from": [-0.50919, -0.1, -0.08787],
			"to": [-0.30919, 0.2, 1.81213],
			"rotation": {"angle": 0, "axis": "y", "origin": [-0.15919, 0.05, 0.26213]},
			"faces": {
				"north": {"uv": [10.32148, 0.13125, 10.52148, 0.43125], "texture": "#1"},
				"east": {"uv": [10.32148, 0.13125, 12.22148, 0.43125], "texture": "#1"},
				"south": {"uv": [10.32148, 0.13125, 10.52148, 0.43125], "texture": "#1"},
				"west": {"uv": [10.32148, 0.13125, 12.22148, 0.43125], "texture": "#1"},
				"up": {"uv": [10.32148, 0.13125, 12.22148, 0.33125], "rotation": 90, "texture": "#1"},
				"down": {"uv": [10.32148, 0.18594, 12.22148, 0.38594], "rotation": 270, "texture": "#1"}
			}
		},
		{
			"from": [0.24375, 0, -1.50937],
			"to": [1.24375, 15.975, 1.65938],
			"rotation": {"angle": 0, "axis": "y", "origin": [0.59203, 5.62453, 4.00064]},
			"faces": {
				"north": {"uv": [4.2, 0, 3.2, 15.975], "texture": "#2"},
				"east": {"uv": [12.55156, 0, 9.38281, 15.975], "texture": "#2"},
				"south": {"uv": [4.2, 0, 3.2, 15.975], "texture": "#2"},
				"west": {"uv": [12.41875, 0, 9.25, 15.975], "texture": "#2"},
				"up": {"uv": [12.76875, 0, 9.6, 1], "rotation": 90, "texture": "#2"},
				"down": {"uv": [12.76875, 15, 9.6, 16], "rotation": 270, "texture": "#2"}
			}
		},
		{
			"from": [0.24375, 0, 1.79063],
			"to": [1.24375, 15.975, 4.95938],
			"rotation": {"angle": 0, "axis": "y", "origin": [0.59203, 5.62453, 4.00064]},
			"faces": {
				"north": {"uv": [4.2, 0, 3.2, 15.975], "texture": "#2"},
				"east": {"uv": [12.55156, 0, 9.38281, 15.975], "texture": "#2"},
				"south": {"uv": [4.2, 0, 3.2, 15.975], "texture": "#2"},
				"west": {"uv": [12.41875, 0, 9.25, 15.975], "texture": "#2"},
				"up": {"uv": [12.76875, 0, 9.6, 1], "rotation": 90, "texture": "#2"},
				"down": {"uv": [12.76875, 15, 9.6, 16], "rotation": 270, "texture": "#2"}
			}
		},
		{
			"from": [0.24375, 0, 5.09063],
			"to": [1.24375, 15.975, 8.25938],
			"rotation": {"angle": 0, "axis": "y", "origin": [0.59203, 5.62453, 4.00064]},
			"faces": {
				"north": {"uv": [4.2, 0, 3.2, 15.975], "texture": "#2"},
				"east": {"uv": [9.18438, 0, 6.01563, 15.975], "texture": "#2"},
				"south": {"uv": [4.2, 0, 3.2, 15.975], "texture": "#2"},
				"west": {"uv": [12.41875, 0, 9.25, 15.975], "texture": "#2"},
				"up": {"uv": [12.76875, 0, 9.6, 1], "rotation": 90, "texture": "#2"},
				"down": {"uv": [12.76875, 15, 9.6, 16], "rotation": 270, "texture": "#2"}
			}
		},
		{
			"from": [0.24375, 0, 8.39063],
			"to": [1.24375, 15.975, 11.55938],
			"rotation": {"angle": 0, "axis": "y", "origin": [0.59203, 5.62453, 4.00064]},
			"faces": {
				"north": {"uv": [4.2, 0, 3.2, 15.975], "texture": "#2"},
				"east": {"uv": [3.16875, 0, 0, 15.975], "texture": "#2"},
				"south": {"uv": [4.2, 0, 3.2, 15.975], "texture": "#2"},
				"west": {"uv": [12.41875, 0, 9.25, 15.975], "texture": "#2"},
				"up": {"uv": [12.76875, 0, 9.6, 1], "rotation": 90, "texture": "#2"},
				"down": {"uv": [12.76875, 15, 9.6, 16], "rotation": 270, "texture": "#2"}
			}
		},
		{
			"from": [0.24375, 0, 11.69063],
			"to": [1.24375, 15.975, 14.85938],
			"rotation": {"angle": 0, "axis": "y", "origin": [0.59203, 5.62453, 4.00064]},
			"faces": {
				"north": {"uv": [4.2, 0, 3.2, 15.975], "texture": "#2"},
				"east": {"uv": [12.41875, 0, 9.25, 15.975], "texture": "#2"},
				"south": {"uv": [4.2, 0, 3.2, 15.975], "texture": "#2"},
				"west": {"uv": [12.41875, 0, 9.25, 15.975], "texture": "#2"},
				"up": {"uv": [12.76875, 0, 9.6, 1], "rotation": 90, "texture": "#2"},
				"down": {"uv": [12.76875, 15, 9.6, 16], "rotation": 270, "texture": "#2"}
			}
		},
		{
			"from": [15.79375, 0.25, 14.85],
			"to": [16, 16.175, 16],
			"rotation": {"angle": 0, "axis": "y", "origin": [10.34624, 5.62453, 15.00172]},
			"faces": {
				"north": {"uv": [8.375, 0, 8.48125, 15.875], "texture": "#2"},
				"east": {"uv": [4.563, 0.063, 6.313, 16], "texture": "#2"},
				"south": {"uv": [0, 0, 0.20625, 15.925], "texture": "#2"},
				"west": {"uv": [0, 0.125, 1.15, 16.05], "texture": "#2"},
				"up": {"uv": [0, 0, 3.2, 16], "texture": "#2"},
				"down": {"uv": [0, 0, 3.2, 16], "texture": "#2"}
			}
		},
		{
			"from": [0, 0, 14.85],
			"to": [0.20625, 16.175, 16],
			"rotation": {"angle": 0, "axis": "y", "origin": [5.65376, 5.62453, 15.00172]},
			"faces": {
				"north": {"uv": [8.48125, 0, 8.375, 15.875], "texture": "#2"},
				"east": {"uv": [12.172, 0, 10.422, 16], "texture": "#2"},
				"south": {"uv": [0.20625, 0, 0, 16], "texture": "#2"},
				"west": {"uv": [6.313, 0.063, 4.563, 16], "texture": "#2"},
				"up": {"uv": [3.2, 0, 0, 16], "texture": "#2"},
				"down": {"uv": [3.2, 0, 0, 16], "texture": "#2"}
			}
		},
		{
			"from": [-0.675, 0.125, 14.6],
			"to": [0.19688, 15.775, 16.20625],
			"rotation": {"angle": 0, "axis": "y", "origin": [10.33374, 5.62453, 15.00172]},
			"faces": {
				"north": {"uv": [10.78906, 0, 12.06094, 15.65], "texture": "#2"},
				"east": {"uv": [5.89375, 0, 7.5, 15.65], "texture": "#2"},
				"south": {"uv": [2.75, 0, 4.02188, 15.65], "texture": "#2"},
				"west": {"uv": [10, 0, 11.60625, 15.65], "texture": "#2"},
				"up": {"uv": [5.89375, 0.95, 7.5, 2.22188], "rotation": 90, "texture": "#2"},
				"down": {"uv": [0, 0, 1.60625, 1.27188], "rotation": 270, "texture": "#2"}
			}
		},
		{
			"from": [15.89375, 0, 14.6],
			"to": [16.61875, 15.775, 16.20625],
			"rotation": {"angle": 0, "axis": "y", "origin": [10.33374, 5.62453, 15.00172]},
			"faces": {
				"north": {"uv": [11.975, 0, 10.75, 15.775], "texture": "#2"},
				"east": {"uv": [11.60625, 0, 10, 15.775], "texture": "#2"},
				"south": {"uv": [7.6, 0, 6.375, 15.775], "texture": "#2"},
				"west": {"uv": [7.5, 0, 5.89375, 15.775], "texture": "#2"},
				"up": {"uv": [5.89375, 2.175, 7.5, 0.95], "rotation": 90, "texture": "#2"},
				"down": {"uv": [0, 1.225, 1.60625, 0], "rotation": 270, "texture": "#2"}
			}
		},
		{
			"from": [-0.675, 15.775, 14.6],
			"to": [16.61875, 16.825, 16.20625],
			"rotation": {"angle": 0, "axis": "y", "origin": [10.33374, 5.62453, 15.00172]},
			"faces": {
				"north": {"uv": [1.05, 0, 0, 16], "rotation": 270, "texture": "#2"},
				"east": {"uv": [0, 1.05, 1.60625, 0], "rotation": 180, "texture": "#2"},
				"south": {"uv": [4.75, 0, 5.8, 16], "rotation": 270, "texture": "#2"},
				"west": {"uv": [0, 1.05, 1.60625, 0], "texture": "#2"},
				"up": {"uv": [9.98125, 0, 8.375, 16], "rotation": 90, "texture": "#2"},
				"down": {"uv": [1.60625, 0, 0, 16], "rotation": 90, "texture": "#2"}
			}
		},
		{
			"from": [-0.0125, 16.175, 14.85],
			"to": [16.00313, 16.50625, 16],
			"rotation": {"angle": 0, "axis": "y", "origin": [10.33374, 5.62453, 15.00172]},
			"faces": {
				"north": {"uv": [0, 0, 0.23125, 16], "rotation": 270, "texture": "#2"},
				"east": {"uv": [0, 1.75, 0.23125, 0], "rotation": 270, "texture": "#2"},
				"south": {"uv": [0.10625, 0, 0, 16], "rotation": 90, "texture": "#2"},
				"west": {"uv": [0, 1.75, 0.23125, 0], "rotation": 270, "texture": "#2"},
				"up": {"uv": [6.125, 0, 7.275, 16], "rotation": 270, "texture": "#2"},
				"down": {"uv": [1.75, 0, 0, 16], "rotation": 90, "texture": "#2"}
			}
		},
		{
			"from": [0.22, -3.4, -0.5],
			"to": [0.22, 1.8, 0.6],
			"faces": {
				"north": {"uv": [4.86275, 1.33333, 10.43137, 16], "texture": "#1"},
				"east": {"uv": [4.86275, 1.33333, 11.53137, 16], "texture": "#1"},
				"south": {"uv": [4.86275, 1.33333, 10.43137, 16], "texture": "#1"},
				"west": {"uv": [4.86275, 1.33333, 11.53137, 16], "texture": "#1"},
				"up": {"uv": [4.86275, 1.33333, 10.43137, 12.15882], "texture": "#1"},
				"down": {"uv": [4.86275, 1.33333, 10.43137, 12.15882], "texture": "#1"}
			}
		},
		{
			"from": [0.2, -3.4, -0.5],
			"to": [0.2, 1.8, 0.6],
			"faces": {
				"north": {"uv": [4.86275, 1.33333, 10.43137, 16], "texture": "#1"},
				"east": {"uv": [4.86275, 1.33333, 11.53137, 16], "texture": "#1"},
				"south": {"uv": [4.86275, 1.33333, 10.43137, 16], "texture": "#1"},
				"west": {"uv": [4.86275, 1.33333, 11.53137, 16], "texture": "#1"},
				"up": {"uv": [4.86275, 1.33333, 10.43137, 12.15882], "texture": "#1"},
				"down": {"uv": [4.86275, 1.33333, 10.43137, 12.15882], "texture": "#1"}
			}
		},
		{
			"from": [0.18, -3.4, -0.5],
			"to": [0.18, 1.8, 0.6],
			"faces": {
				"north": {"uv": [4.86275, 1.33333, 10.43137, 16], "texture": "#1"},
				"east": {"uv": [4.86275, 1.33333, 11.53137, 16], "texture": "#1"},
				"south": {"uv": [4.86275, 1.33333, 10.43137, 16], "texture": "#1"},
				"west": {"uv": [4.86275, 1.33333, 11.53137, 16], "texture": "#1"},
				"up": {"uv": [4.86275, 1.33333, 10.43137, 12.15882], "texture": "#1"},
				"down": {"uv": [4.86275, 1.33333, 10.43137, 12.15882], "texture": "#1"}
			}
		},
		{
			"from": [0.16, -3.4, -0.5],
			"to": [0.16, 1.8, 0.6],
			"faces": {
				"north": {"uv": [4.86275, 1.33333, 10.43137, 16], "texture": "#1"},
				"east": {"uv": [4.86275, 1.33333, 11.53137, 16], "texture": "#1"},
				"south": {"uv": [4.86275, 1.33333, 10.43137, 16], "texture": "#1"},
				"west": {"uv": [4.86275, 1.33333, 11.53137, 16], "texture": "#1"},
				"up": {"uv": [4.86275, 1.33333, 10.43137, 12.15882], "texture": "#1"},
				"down": {"uv": [4.86275, 1.33333, 10.43137, 12.15882], "texture": "#1"}
			}
		},
		{
			"from": [0.14, -3.4, -0.5],
			"to": [0.14, 1.8, 0.6],
			"faces": {
				"north": {"uv": [4.86275, 1.33333, 10.43137, 16], "texture": "#1"},
				"east": {"uv": [4.86275, 1.33333, 11.53137, 16], "texture": "#1"},
				"south": {"uv": [4.86275, 1.33333, 10.43137, 16], "texture": "#1"},
				"west": {"uv": [4.86275, 1.33333, 11.53137, 16], "texture": "#1"},
				"up": {"uv": [4.86275, 1.33333, 10.43137, 12.15882], "texture": "#1"},
				"down": {"uv": [4.86275, 1.33333, 10.43137, 12.15882], "texture": "#1"}
			}
		},
		{
			"from": [1.28, -3.4, -0.5],
			"to": [1.28, 1.8, 0.6],
			"rotation": {"angle": 0, "axis": "y", "origin": [3.22, -0.8, 0.05]},
			"faces": {
				"north": {"uv": [4.86275, 1.33333, 10.43137, 16], "texture": "#1"},
				"east": {"uv": [4.86275, 1.33333, 11.53137, 16], "texture": "#1"},
				"south": {"uv": [4.86275, 1.33333, 10.43137, 16], "texture": "#1"},
				"west": {"uv": [4.86275, 1.33333, 11.53137, 16], "texture": "#1"},
				"up": {"uv": [4.86275, 1.33333, 10.43137, 12.15882], "rotation": 180, "texture": "#1"},
				"down": {"uv": [4.86275, 1.33333, 10.43137, 12.15882], "rotation": 180, "texture": "#1"}
			}
		},
		{
			"from": [1.3, -3.4, -0.5],
			"to": [1.3, 1.8, 0.6],
			"rotation": {"angle": 0, "axis": "y", "origin": [3.22, -0.8, 0.05]},
			"faces": {
				"north": {"uv": [4.86275, 1.33333, 10.43137, 16], "texture": "#1"},
				"east": {"uv": [4.86275, 1.33333, 11.53137, 16], "texture": "#1"},
				"south": {"uv": [4.86275, 1.33333, 10.43137, 16], "texture": "#1"},
				"west": {"uv": [4.86275, 1.33333, 11.53137, 16], "texture": "#1"},
				"up": {"uv": [4.86275, 1.33333, 10.43137, 12.15882], "rotation": 180, "texture": "#1"},
				"down": {"uv": [4.86275, 1.33333, 10.43137, 12.15882], "rotation": 180, "texture": "#1"}
			}
		},
		{
			"from": [1.32, -3.4, -0.5],
			"to": [1.32, 1.8, 0.6],
			"rotation": {"angle": 0, "axis": "y", "origin": [3.22, -0.8, 0.05]},
			"faces": {
				"north": {"uv": [4.86275, 1.33333, 10.43137, 16], "texture": "#1"},
				"east": {"uv": [4.86275, 1.33333, 11.53137, 16], "texture": "#1"},
				"south": {"uv": [4.86275, 1.33333, 10.43137, 16], "texture": "#1"},
				"west": {"uv": [4.86275, 1.33333, 11.53137, 16], "texture": "#1"},
				"up": {"uv": [4.86275, 1.33333, 10.43137, 12.15882], "rotation": 180, "texture": "#1"},
				"down": {"uv": [4.86275, 1.33333, 10.43137, 12.15882], "rotation": 180, "texture": "#1"}
			}
		},
		{
			"from": [1.34, -3.4, -0.5],
			"to": [1.34, 1.8, 0.6],
			"rotation": {"angle": 0, "axis": "y", "origin": [3.22, -0.8, 0.05]},
			"faces": {
				"north": {"uv": [4.86275, 1.33333, 10.43137, 16], "texture": "#1"},
				"east": {"uv": [4.86275, 1.33333, 11.53137, 16], "texture": "#1"},
				"south": {"uv": [4.86275, 1.33333, 10.43137, 16], "texture": "#1"},
				"west": {"uv": [4.86275, 1.33333, 11.53137, 16], "texture": "#1"},
				"up": {"uv": [4.86275, 1.33333, 10.43137, 12.15882], "rotation": 180, "texture": "#1"},
				"down": {"uv": [4.86275, 1.33333, 10.43137, 12.15882], "rotation": 180, "texture": "#1"}
			}
		},
		{
			"from": [1.36, -3.4, -0.5],
			"to": [1.36, 1.8, 0.6],
			"rotation": {"angle": 0, "axis": "y", "origin": [3.22, -0.8, 0.05]},
			"faces": {
				"north": {"uv": [4.86275, 1.33333, 10.43137, 16], "texture": "#1"},
				"east": {"uv": [4.86275, 1.33333, 11.53137, 16], "texture": "#1"},
				"south": {"uv": [4.86275, 1.33333, 10.43137, 16], "texture": "#1"},
				"west": {"uv": [4.86275, 1.33333, 11.53137, 16], "texture": "#1"},
				"up": {"uv": [4.86275, 1.33333, 10.43137, 12.15882], "rotation": 180, "texture": "#1"},
				"down": {"uv": [4.86275, 1.33333, 10.43137, 12.15882], "rotation": 180, "texture": "#1"}
			}
		}
	],
	"groups": [
		0,
		1,
		2,
		3,
		4,
		5,
		6,
		7,
		8,
		9,
		10,
		11,
		12,
		13,
		14,
		15,
		16,
		17,
		18,
		19,
		20,
		21,
		22,
		23,
		24,
		25,
		26,
		27,
		28,
		29,
		30,
		31,
		32,
		33,
		34,
		35,
		36,
		37,
		{
			"name": "group",
			"origin": [7.97266, -8, 15.58906],
			"color": 0,
			"children": [38, 39, 40, 41, 42, 43]
		},
		44,
		45,
		46,
		47,
		48,
		49,
		50,
		51,
		52,
		53
	]
}