{
	"credit": "Made with Blockbench",
	"textures": {
		"0": "block/wheat_stage5",
		"particle": "block/wheat_stage5"
	},
	"elements": [
		{
			"from": [8.05, 0, 4.2],
			"to": [15.8, 9.2, 4.2],
			"faces": {
				"north": {"uv": [0.53125, 0, 15.03906, 16], "texture": "#0"},
				"east": {"uv": [0.53125, 0, 15.03906, 16], "texture": "#0"},
				"south": {"uv": [0.53125, 0, 15.03906, 16], "texture": "#0"},
				"west": {"uv": [0.53125, 0, 15.03906, 16], "texture": "#0"},
				"up": {"uv": [0.53125, 0, 15.03906, 16], "texture": "#0"},
				"down": {"uv": [0.53125, 0, 15.03906, 16], "texture": "#0"}
			}
		},
		{
			"from": [0.05, 0, 4],
			"to": [8.8, 9.2, 4],
			"faces": {
				"north": {"uv": [0.625, 0, 15.03906, 16], "texture": "#0"},
				"east": {"uv": [0.625, 0, 15.03906, 16], "texture": "#0"},
				"south": {"uv": [0.625, 0, 15.03906, 16], "texture": "#0"},
				"west": {"uv": [0.625, 0, 15.03906, 16], "texture": "#0"},
				"up": {"uv": [0.625, 0, 15.03906, 16], "texture": "#0"},
				"down": {"uv": [0.625, 0, 15.03906, 16], "texture": "#0"}
			}
		},
		{
			"from": [8.05, 0, 12.2],
			"to": [15.8, 9.2, 12.2],
			"faces": {
				"north": {"uv": [0.53125, 0, 15.03906, 16], "texture": "#0"},
				"east": {"uv": [0.53125, 0, 15.03906, 16], "texture": "#0"},
				"south": {"uv": [0.53125, 0, 15.03906, 16], "texture": "#0"},
				"west": {"uv": [0.53125, 0, 15.03906, 16], "texture": "#0"},
				"up": {"uv": [0.53125, 0, 15.03906, 16], "texture": "#0"},
				"down": {"uv": [0.53125, 0, 15.03906, 16], "texture": "#0"}
			}
		},
		{
			"from": [0.05, 0, 12],
			"to": [8.8, 9.2, 12],
			"faces": {
				"north": {"uv": [0.625, 0, 15.03906, 16], "texture": "#0"},
				"east": {"uv": [0.625, 0, 15.03906, 16], "texture": "#0"},
				"south": {"uv": [0.625, 0, 15.03906, 16], "texture": "#0"},
				"west": {"uv": [0.625, 0, 15.03906, 16], "texture": "#0"},
				"up": {"uv": [0.625, 0, 15.03906, 16], "texture": "#0"},
				"down": {"uv": [0.625, 0, 15.03906, 16], "texture": "#0"}
			}
		},
		{
			"from": [-0.25, 0, 12],
			"to": [3.5, 8.2, 12],
			"faces": {
				"north": {"uv": [7.14063, 3.35, 12.14063, 15.96719], "texture": "#0"},
				"east": {"uv": [7.14063, 3.35, 7.14063, 15.96719], "texture": "#0"},
				"south": {"uv": [7.14063, 3.35, 12.14063, 15.96719], "texture": "#0"},
				"west": {"uv": [7.14063, 3.35, 7.14063, 15.96719], "texture": "#0"},
				"up": {"uv": [7.14063, 3.35, 12.14063, 13.33047], "texture": "#0"},
				"down": {"uv": [7.14063, 3.35, 12.14063, 13.33047], "texture": "#0"}
			}
		},
		{
			"from": [12.65, 0, 11.8],
			"to": [16.4, 8.2, 11.8],
			"rotation": {"angle": 0, "axis": "y", "origin": [15.125, 0.5, 8]},
			"faces": {
				"north": {"uv": [7.14063, 3.35, 12.14063, 15.96719], "texture": "#0"},
				"east": {"uv": [7.14063, 3.35, 7.14063, 15.96719], "texture": "#0"},
				"south": {"uv": [7.14063, 3.35, 12.14063, 15.96719], "texture": "#0"},
				"west": {"uv": [7.14063, 3.35, 7.14063, 15.96719], "texture": "#0"},
				"up": {"uv": [7.14063, 3.35, 12.14063, 13.33047], "rotation": 180, "texture": "#0"},
				"down": {"uv": [7.14063, 3.35, 12.14063, 13.33047], "rotation": 180, "texture": "#0"}
			}
		},
		{
			"from": [12.65, 0, 4.2],
			"to": [16.4, 8.2, 4.2],
			"rotation": {"angle": 0, "axis": "y", "origin": [15.125, 0.5, 8]},
			"faces": {
				"north": {"uv": [7.14063, 3.35, 12.14063, 15.96719], "texture": "#0"},
				"east": {"uv": [7.14063, 3.35, 7.14063, 15.96719], "texture": "#0"},
				"south": {"uv": [7.14063, 3.35, 12.14063, 15.96719], "texture": "#0"},
				"west": {"uv": [7.14063, 3.35, 7.14063, 15.96719], "texture": "#0"},
				"up": {"uv": [7.14063, 3.35, 12.14063, 13.33047], "rotation": 180, "texture": "#0"},
				"down": {"uv": [7.14063, 3.35, 12.14063, 13.33047], "rotation": 180, "texture": "#0"}
			}
		},
		{
			"from": [-0.05, 0, 4.2],
			"to": [3.7, 8.2, 4.2],
			"rotation": {"angle": 0, "axis": "y", "origin": [15.125, 0.5, 8]},
			"faces": {
				"north": {"uv": [7.14063, 3.35, 12.14063, 15.96719], "texture": "#0"},
				"east": {"uv": [7.14063, 3.35, 7.14063, 15.96719], "texture": "#0"},
				"south": {"uv": [7.14063, 3.35, 12.14063, 15.96719], "texture": "#0"},
				"west": {"uv": [7.14063, 3.35, 7.14063, 15.96719], "texture": "#0"},
				"up": {"uv": [7.14063, 3.35, 12.14063, 13.33047], "rotation": 180, "texture": "#0"},
				"down": {"uv": [7.14063, 3.35, 12.14063, 13.33047], "rotation": 180, "texture": "#0"}
			}
		},
		{
			"from": [5.05, 0, 3.4],
			"to": [12.8, 7.6, 3.4],
			"faces": {
				"north": {"uv": [0.53125, 1.35547, 15.03906, 16], "texture": "#0"},
				"east": {"uv": [0.53125, 1.35547, 15.03906, 16], "texture": "#0"},
				"south": {"uv": [0.53125, 1.35547, 15.03906, 16], "texture": "#0"},
				"west": {"uv": [0.53125, 1.35547, 15.03906, 16], "texture": "#0"},
				"up": {"uv": [0.53125, 1.35547, 15.03906, 16], "texture": "#0"},
				"down": {"uv": [0.53125, 1.35547, 15.03906, 16], "texture": "#0"}
			}
		},
		{
			"from": [5.05, 0, 12.9],
			"to": [12.8, 7.6, 12.9],
			"faces": {
				"north": {"uv": [0.53125, 1.35547, 15.03906, 16], "texture": "#0"},
				"east": {"uv": [0.53125, 1.35547, 15.03906, 16], "texture": "#0"},
				"south": {"uv": [0.53125, 1.35547, 15.03906, 16], "texture": "#0"},
				"west": {"uv": [0.53125, 1.35547, 15.03906, 16], "texture": "#0"},
				"up": {"uv": [0.53125, 1.35547, 15.03906, 16], "texture": "#0"},
				"down": {"uv": [0.53125, 1.35547, 15.03906, 16], "texture": "#0"}
			}
		},
		{
			"from": [-0.05, 0, 4.6],
			"to": [3.7, 7.6, 4.6],
			"faces": {
				"north": {"uv": [0.53125, 1.35547, 8.35938, 16], "texture": "#0"},
				"east": {"uv": [0.53125, 1.35547, 8.35938, 16], "texture": "#0"},
				"south": {"uv": [0.53125, 1.35547, 8.35938, 16], "texture": "#0"},
				"west": {"uv": [0.53125, 1.35547, 8.35938, 16], "texture": "#0"},
				"up": {"uv": [0.53125, 1.35547, 8.35938, 16], "texture": "#0"},
				"down": {"uv": [0.53125, 1.35547, 8.35938, 16], "texture": "#0"}
			}
		},
		{
			"from": [12.25, 0, 4.6],
			"to": [16, 7.6, 4.6],
			"faces": {
				"north": {"uv": [0.53125, 1.35547, 8.35938, 16], "texture": "#0"},
				"east": {"uv": [0.53125, 1.35547, 8.35938, 16], "texture": "#0"},
				"south": {"uv": [0.53125, 1.35547, 8.35938, 16], "texture": "#0"},
				"west": {"uv": [0.53125, 1.35547, 8.35938, 16], "texture": "#0"},
				"up": {"uv": [0.53125, 1.35547, 8.35938, 16], "texture": "#0"},
				"down": {"uv": [0.53125, 1.35547, 8.35938, 16], "texture": "#0"}
			}
		},
		{
			"from": [-0.05, 0, 11.4],
			"to": [3.7, 7.6, 11.4],
			"faces": {
				"north": {"uv": [0.53125, 1.35547, 8.35938, 16], "texture": "#0"},
				"east": {"uv": [0.53125, 1.35547, 8.35938, 16], "texture": "#0"},
				"south": {"uv": [0.53125, 1.35547, 8.35938, 16], "texture": "#0"},
				"west": {"uv": [0.53125, 1.35547, 8.35938, 16], "texture": "#0"},
				"up": {"uv": [0.53125, 1.35547, 8.35938, 16], "texture": "#0"},
				"down": {"uv": [0.53125, 1.35547, 8.35938, 16], "texture": "#0"}
			}
		},
		{
			"from": [12.25, 0, 11.4],
			"to": [16, 7.6, 11.4],
			"faces": {
				"north": {"uv": [0.53125, 1.35547, 8.35938, 16], "texture": "#0"},
				"east": {"uv": [0.53125, 1.35547, 8.35938, 16], "texture": "#0"},
				"south": {"uv": [0.53125, 1.35547, 8.35938, 16], "texture": "#0"},
				"west": {"uv": [0.53125, 1.35547, 8.35938, 16], "texture": "#0"},
				"up": {"uv": [0.53125, 1.35547, 8.35938, 16], "texture": "#0"},
				"down": {"uv": [0.53125, 1.35547, 8.35938, 16], "texture": "#0"}
			}
		},
		{
			"from": [4.05, 0, 11.1],
			"to": [13.8, 7.6, 11.1],
			"faces": {
				"north": {"uv": [0.53125, 1.35547, 15.03906, 16], "texture": "#0"},
				"east": {"uv": [0.53125, 1.35547, 15.03906, 16], "texture": "#0"},
				"south": {"uv": [0.53125, 1.35547, 15.03906, 16], "texture": "#0"},
				"west": {"uv": [0.53125, 1.35547, 15.03906, 16], "texture": "#0"},
				"up": {"uv": [0.53125, 1.35547, 15.03906, 16], "texture": "#0"},
				"down": {"uv": [0.53125, 1.35547, 15.03906, 16], "texture": "#0"}
			}
		},
		{
			"from": [4.05, 0, 5],
			"to": [13.8, 7.6, 5],
			"faces": {
				"north": {"uv": [0.53125, 1.35547, 15.03906, 16], "texture": "#0"},
				"east": {"uv": [0.53125, 1.35547, 15.03906, 16], "texture": "#0"},
				"south": {"uv": [0.53125, 1.35547, 15.03906, 16], "texture": "#0"},
				"west": {"uv": [0.53125, 1.35547, 15.03906, 16], "texture": "#0"},
				"up": {"uv": [0.53125, 1.35547, 15.03906, 16], "texture": "#0"},
				"down": {"uv": [0.53125, 1.35547, 15.03906, 16], "texture": "#0"}
			}
		},
		{
			"from": [0.05, 0, 2.8],
			"to": [8.8, 4.6, 2.8],
			"faces": {
				"north": {"uv": [0.53125, 1.35547, 15.03906, 16], "texture": "#0"},
				"east": {"uv": [0.53125, 1.35547, 15.03906, 16], "texture": "#0"},
				"south": {"uv": [0.53125, 1.35547, 15.03906, 16], "texture": "#0"},
				"west": {"uv": [0.53125, 1.35547, 15.03906, 16], "texture": "#0"},
				"up": {"uv": [0.53125, 1.35547, 15.03906, 16], "texture": "#0"},
				"down": {"uv": [0.53125, 1.35547, 15.03906, 16], "texture": "#0"}
			}
		},
		{
			"from": [7.25, 0, 2.4],
			"to": [16, 4.6, 2.4],
			"faces": {
				"north": {"uv": [0.53125, 1.35547, 15.03906, 16], "texture": "#0"},
				"east": {"uv": [0.53125, 1.35547, 15.03906, 16], "texture": "#0"},
				"south": {"uv": [0.53125, 1.35547, 15.03906, 16], "texture": "#0"},
				"west": {"uv": [0.53125, 1.35547, 15.03906, 16], "texture": "#0"},
				"up": {"uv": [0.53125, 1.35547, 15.03906, 16], "texture": "#0"},
				"down": {"uv": [0.53125, 1.35547, 15.03906, 16], "texture": "#0"}
			}
		},
		{
			"from": [0.05, 0, 14],
			"to": [8.8, 4.6, 14],
			"faces": {
				"north": {"uv": [0.53125, 1.35547, 15.03906, 16], "texture": "#0"},
				"east": {"uv": [0.53125, 1.35547, 15.03906, 16], "texture": "#0"},
				"south": {"uv": [0.53125, 1.35547, 15.03906, 16], "texture": "#0"},
				"west": {"uv": [0.53125, 1.35547, 15.03906, 16], "texture": "#0"},
				"up": {"uv": [0.53125, 1.35547, 15.03906, 16], "texture": "#0"},
				"down": {"uv": [0.53125, 1.35547, 15.03906, 16], "texture": "#0"}
			}
		},
		{
			"from": [7.25, 0, 13.6],
			"to": [16, 4.6, 13.6],
			"faces": {
				"north": {"uv": [0.53125, 1.35547, 15.03906, 16], "texture": "#0"},
				"east": {"uv": [0.53125, 1.35547, 15.03906, 16], "texture": "#0"},
				"south": {"uv": [0.53125, 1.35547, 15.03906, 16], "texture": "#0"},
				"west": {"uv": [0.53125, 1.35547, 15.03906, 16], "texture": "#0"},
				"up": {"uv": [0.53125, 1.35547, 15.03906, 16], "texture": "#0"},
				"down": {"uv": [0.53125, 1.35547, 15.03906, 16], "texture": "#0"}
			}
		},
		{
			"from": [0.05, 0, 10],
			"to": [7.8, 7.6, 10],
			"faces": {
				"north": {"uv": [0.53125, 1.35547, 15.03906, 16], "texture": "#0"},
				"east": {"uv": [0.53125, 1.35547, 15.03906, 16], "texture": "#0"},
				"south": {"uv": [0.53125, 1.35547, 15.03906, 16], "texture": "#0"},
				"west": {"uv": [0.53125, 1.35547, 15.03906, 16], "texture": "#0"},
				"up": {"uv": [0.53125, 1.35547, 15.03906, 16], "texture": "#0"},
				"down": {"uv": [0.53125, 1.35547, 15.03906, 16], "texture": "#0"}
			}
		},
		{
			"from": [8.05, 0, 10],
			"to": [15.8, 7.6, 10],
			"faces": {
				"north": {"uv": [0.53125, 1.35547, 15.03906, 16], "texture": "#0"},
				"east": {"uv": [0.53125, 1.35547, 15.03906, 16], "texture": "#0"},
				"south": {"uv": [0.53125, 1.35547, 15.03906, 16], "texture": "#0"},
				"west": {"uv": [0.53125, 1.35547, 15.03906, 16], "texture": "#0"},
				"up": {"uv": [0.53125, 1.35547, 15.03906, 16], "texture": "#0"},
				"down": {"uv": [0.53125, 1.35547, 15.03906, 16], "texture": "#0"}
			}
		},
		{
			"from": [0.05, 0, 6],
			"to": [7.8, 7.6, 6],
			"faces": {
				"north": {"uv": [0.53125, 1.35547, 15.03906, 16], "texture": "#0"},
				"east": {"uv": [0.53125, 1.35547, 15.03906, 16], "texture": "#0"},
				"south": {"uv": [0.53125, 1.35547, 15.03906, 16], "texture": "#0"},
				"west": {"uv": [0.53125, 1.35547, 15.03906, 16], "texture": "#0"},
				"up": {"uv": [0.53125, 1.35547, 15.03906, 16], "texture": "#0"},
				"down": {"uv": [0.53125, 1.35547, 15.03906, 16], "texture": "#0"}
			}
		},
		{
			"from": [8.05, 0, 6],
			"to": [15.8, 7.6, 6],
			"faces": {
				"north": {"uv": [0.53125, 1.35547, 15.03906, 16], "texture": "#0"},
				"east": {"uv": [0.53125, 1.35547, 15.03906, 16], "texture": "#0"},
				"south": {"uv": [0.53125, 1.35547, 15.03906, 16], "texture": "#0"},
				"west": {"uv": [0.53125, 1.35547, 15.03906, 16], "texture": "#0"},
				"up": {"uv": [0.53125, 1.35547, 15.03906, 16], "texture": "#0"},
				"down": {"uv": [0.53125, 1.35547, 15.03906, 16], "texture": "#0"}
			}
		}
	],
	"groups": [
		{
			"name": "group",
			"origin": [0, 0, 0],
			"color": 0,
			"children": []
		},
		{
			"name": "group",
			"origin": [0, 0, 0],
			"color": 0,
			"children": [0, 1, 2, 3, 4, 5, 6, 7, 8, 9]
		},
		10,
		11,
		12,
		13,
		14,
		15,
		16,
		17,
		18,
		19,
		20,
		21,
		22,
		23
	]
}