{
	"parent": "block/block",
	"textures": {
		"particle": "block/chest_large",
		"chest": "block/chest_large"
	},
	"elements": [
		{
			"from": [0, 10, 1],
			"to": [15, 14, 15],
			"rotation": {"angle": 0, "axis": "y", "origin": [8, 17, 9]},
			"faces": {
				"north": {"uv": [7.5, 3.5, 3.75, 4], "texture": "#chest"},
				"east": {"uv": [3.5, 10, 7, 9], "rotation": 180, "texture": "#chest"},
				"south": {"uv": [3.75, 8, 0, 9], "texture": "#chest"},
				"west": {"uv": [0, 11, 3.5, 10], "rotation": 180, "texture": "#chest"},
				"up": {"uv": [3.75, 0, 7.5, 3.5], "texture": "#chest"},
				"down": {"uv": [3.75, 4.5, 7.5, 8], "texture": "#chest"}
			}
		},
		{
			"from": [0, 7, 0],
			"to": [1, 11, 1],
			"rotation": {"angle": 0, "axis": "y", "origin": [8, 15, 8]},
			"faces": {
				"north": {"uv": [8.5, 0.25, 8.75, 1.25], "texture": "#chest"},
				"east": {"uv": [7.5, 0.25, 7.75, 1.25], "rotation": 180, "texture": "#chest"},
				"south": {"uv": [8, 0.25, 8.25, 1.25], "texture": "#chest"},
				"up": {"uv": [8.25, 0, 8.5, 0.25], "rotation": 180, "texture": "#chest"},
				"down": {"uv": [7.75, 0, 8, 0.25], "rotation": 180, "texture": "#chest"}
			}
		}
	]
}