{
	"parent": "block/block",
	"textures": {
		"chest": "block/chest_large",
		"particle": "block/chest_large"
	},
	"elements": [
		{
			"from": [0, 0, 1],
			"to": [15, 9.5, 15],
			"rotation": {"angle": 0, "axis": "y", "origin": [8, 8, 9]},
			"faces": {
				"north": {"uv": [8.5, 10, 12.25, 12.5], "texture": "#chest"},
				"east": {"uv": [1.5, 13.5, 5, 16], "texture": "#chest"},
				"south": {"uv": [12.25, 4, 8.5, 6.5], "texture": "#chest"},
				"west": {"uv": [0, 0, 0, 0], "texture": "#chest"},
				"up": {"uv": [12.25, 6.5, 8.5, 10], "texture": "#chest"},
				"down": {"uv": [12.25, 12.5, 8.5, 16], "texture": "#chest"}
			}
		}
	]
}