{
  "parent": "block/block",
  "textures": {
    "chest": "block/trapped_chest_large",
    "particle": "block/trapped_chest_large"
  },
  "elements": [
	  {
		  "from": [1, 0, 1],
		  "to": [16, 10, 15],
		  "rotation": {"angle": 0, "axis": "y", "origin": [9, 8, 9]},
		  "faces": {
			  "north": {"uv": [12.25, 10, 16, 12.5], "texture": "#chest"},
			  "south": {"uv": [16, 4, 12.25, 6.5], "texture": "#chest"},
			  "west": {"uv": [5, 13.5, 8.5, 16], "texture": "#chest"},
			  "up": {"uv": [16, 6.5, 12.25, 10], "texture": "#chest"},
			  "down": {"uv": [16, 12.5, 12.25, 16], "texture": "#chest"}
		  }
	  },
	  {
		  "from": [1, 10, 1],
		  "to": [16, 14, 15],
		  "rotation": {"angle": 0, "axis": "y", "origin": [9, 17, 9]},
		  "faces": {
			  "north": {"uv": [3.75, 3.5, 0, 4.5], "texture": "#chest"},
			  "east": {"uv": [3.5, 11, 7, 10], "rotation": 180, "texture": "#chest"},
			  "south": {"uv": [7.5, 8, 3.75, 9], "texture": "#chest"},
			  "west": {"uv": [0, 10, 3.5, 9], "rotation": 180, "texture": "#chest"},
			  "up": {"uv": [0, 0, 3.75, 3.5], "texture": "#chest"},
			  "down": {"uv": [0, 4.5, 3.75, 8], "texture": "#chest"}
		  }
	  },
	  {
		  "from": [15, 7, 0],
		  "to": [16, 11, 1],
		  "rotation": {"angle": 0, "axis": "y", "origin": [23, 15, 8]},
		  "faces": {
			  "north": {"uv": [8.75, 0.25, 9, 1.25], "texture": "#chest"},
			  "south": {"uv": [0, 0, 0, 0], "texture": "#chest"},
			  "west": {"uv": [8.25, 0.25, 8.5, 1.25], "rotation": 180, "texture": "#chest"},
			  "up": {"uv": [8.5, 0, 8.75, 0.25], "rotation": 180, "texture": "#chest"},
			  "down": {"uv": [8, 0, 8.25, 0.25], "rotation": 180, "texture": "#chest"}
		  }
	  }
  ]
}