{
  "parent": "block/block",
  "textures": {
    "chest": "block/trapped_chest_large",
    "particle": "block/trapped_chest_large"
  },
  "elements": [
	  {
		  "from": [1, 0, 1],
		  "to": [16, 9.5, 15],
		  "rotation": {"angle": 0, "axis": "y", "origin": [9, 8, 9]},
		  "faces": {
			  "north": {"uv": [12.25, 10, 16, 12.5], "texture": "#chest"},
			  "south": {"uv": [16, 4, 12.25, 6.5], "texture": "#chest"},
			  "west": {"uv": [5, 13.5, 8.5, 16], "texture": "#chest"},
			  "up": {"uv": [16, 6.5, 12.25, 10], "texture": "#chest"},
			  "down": {"uv": [16, 12.5, 12.25, 16], "texture": "#chest"}
		  }
	  }
  ]
}