{
  "parent": "block/block",
  "textures": {
    "chest": "block/trapped_chest",
    "particle": "block/trapped_chest"
  },
	"elements": [
		{
			"from": [1, 10, 1],
			"to": [15, 14, 15],
			"rotation": {"angle": 0, "axis": "y", "origin": [9, 18, 9]},
			"faces": {
				"north": {"uv": [10.5, 3.75, 14, 4.75], "rotation": 180, "texture": "#chest"},
				"east": {"uv": [0, 3.75, 3.5, 4.75], "rotation": 180, "texture": "#chest"},
				"south": {"uv": [3.5, 3.75, 7, 4.75], "rotation": 180, "texture": "#chest"},
				"west": {"uv": [7, 3.75, 10.5, 4.75], "rotation": 180, "texture": "#chest"},
				"up": {"uv": [10.5, 0.25, 7, 3.75], "texture": "#chest"},
				"down": {"uv": [3.5, 0.25, 7, 3.75], "texture": "#chest"}
			}
		},
		{
			"from": [7, 7, 0],
			"to": [9, 11, 1],
			"rotation": {"angle": 0, "axis": "y", "origin": [15, 15, 8]},
			"faces": {
				"north": {"uv": [1, 0.25, 1.5, 1.25], "rotation": 180, "texture": "#chest"},
				"east": {"uv": [0, 0.25, 0.25, 1.25], "rotation": 180, "texture": "#chest"},
				"south": {"uv": [0.25, 0.25, 0.75, 1.25], "rotation": 180, "texture": "#chest"},
				"west": {"uv": [0.75, 0.25, 1, 1.25], "rotation": 180, "texture": "#chest"},
				"up": {"uv": [1.25, 0, 0.75, 0.25], "texture": "#chest"},
				"down": {"uv": [0.25, 0, 0.75, 0.25], "rotation": 180, "texture": "#chest"}
			}
		}
	]
}