{
	"credit": "Made with Blockbench",
	"textures": {
		"0": "block/acacia_door_bottom",
		"particle": "block/acacia_door_bottom"
	},
	"elements": [
		{
			"name": "Element",
			"from": [0, 0, 0],
			"to": [3, 16, 16],
			"faces": {
				"north": {"uv": [0.5, 0, 0, 16], "texture": "#0", "cullface": "north"},
				"east": {"uv": [16, 0, 0, 16], "texture": "#0"},
				"south": {"uv": [15.25, 0, 15.75, 16], "texture": "#0", "cullface": "south"},
				"west": {"uv": [0, 0, 16, 16], "texture": "#0", "cullface": "west"},
				"down": {"uv": [0, 15.25, 16, 15.75], "rotation": 90, "texture": "#0", "cullface": "down"}
			}
		},
		{
			"name": "Element",
			"from": [3, 15, 5],
			"to": [0, 3, 3],
			"faces": {
				"north": {"uv": [5.75, 1, 5.25, 13], "texture": "#0"},
				"south": {"uv": [2.75, 13, 2.25, 1], "texture": "#0"},
				"up": {"uv": [3, 13.25, 5, 13.75], "rotation": 270, "texture": "#0"},
				"down": {"uv": [3, 0.25, 5, 0.75], "rotation": 90, "texture": "#0"}
			}
		},
		{
			"name": "Element",
			"from": [3, 15, 9],
			"to": [0, 3, 7],
			"faces": {
				"north": {"uv": [9.75, 1, 9.25, 13], "texture": "#0"},
				"south": {"uv": [6.75, 13, 6.25, 1], "texture": "#0"},
				"up": {"uv": [7, 13.25, 9, 13.75], "rotation": 270, "texture": "#0"},
				"down": {"uv": [7, 0.25, 9, 0.75], "rotation": 90, "texture": "#0"}
			}
		},
		{
			"name": "Element",
			"from": [3, 15, 13],
			"to": [0, 3, 11],
			"faces": {
				"north": {"uv": [13.75, 1, 13.25, 13], "texture": "#0"},
				"south": {"uv": [10.75, 13, 10.25, 1], "texture": "#0"},
				"up": {"uv": [11, 13.25, 13, 13.75], "rotation": 270, "texture": "#0"},
				"down": {"uv": [11, 0.25, 13, 0.75], "rotation": 90, "texture": "#0"}
			}
		}
	]
}