{
	"credit": "Made with Blockbench",
	"parent": "minecraft:block/template_azalea",
	"textures": {
		"2": "block/azalea_plant",
		"3": "block/flowering_azalea_side",
		"4": "block/flowering_azalea_side_alt",
		"particle": "block/azalea_plant",
		"top": "block/flowering_azalea_top"
	},
	"elements": [
		{
			"from": [0, 0, 0],
			"to": [0.01, 16, 16],
			"faces": {
				"east": {"uv": [16, 0, 0, 16], "texture": "#4"},
				"west": {"uv": [0, 0, 16, 16], "texture": "#4", "cullface": "west"}
			}
		},
		{
			"from": [0, 16, 0],
			"to": [16, 16, 16],
			"faces": {
				"up": {"uv": [0, 0, 16, 16], "texture": "#top", "cullface": "up"},
				"down": {"uv": [0, 16, 16, 0], "texture": "#top"}
			}
		},
		{
			"from": [0, 0, 0],
			"to": [16, 16, 0.01],
			"faces": {
				"north": {"uv": [0, 0, 16, 16], "texture": "#3", "cullface": "north"},
				"south": {"uv": [16, 0, 0, 16], "texture": "#3"}
			}
		},
		{
			"from": [0, 0, 15.99],
			"to": [16, 16, 16],
			"faces": {
				"north": {"uv": [16, 0, 0, 16], "texture": "#3"},
				"south": {"uv": [0, 0, 16, 16], "texture": "#3", "cullface": "south"}
			}
		},
		{
			"from": [15.99, 0, 0],
			"to": [16, 16, 16],
			"faces": {
				"east": {"uv": [0, 0, 16, 16], "texture": "#4", "cullface": "east"},
				"west": {"uv": [16, 0, 0, 16], "texture": "#4"}
			}
		},
		{
			"from": [0.1, 0, 8],
			"to": [15.9, 15.9, 8],
			"rotation": {"angle": 45, "axis": "y", "origin": [8, 8, 8], "rescale": true},
			"faces": {
				"north": {"uv": [0, 0, 16, 16], "texture": "#2"},
				"south": {"uv": [0, 0, 16, 16], "texture": "#2"},
				"west": {"uv": [0, 0, 0, 0], "texture": "#2"}
			}
		},
		{
			"from": [8, 0, 0.1],
			"to": [8, 15.9, 15.9],
			"rotation": {"angle": 45, "axis": "y", "origin": [8, 8, 8], "rescale": true},
			"faces": {
				"east": {"uv": [0, 0, 16, 16], "texture": "#2"},
				"west": {"uv": [0, 0, 16, 16], "texture": "#2"}
			}
		}
	]
}