{
	"credit": "Made with Blockbench",
	"parent": "minecraft:block/template_potted_azalea_bush",
	"textures": {
		"2": "block/potted_flowering_azalea_bush_plant",
		"3": "block/dirt",
		"4": "block/flower_pot",
		"5": "block/potted_flowering_azalea_bush_side_alt",
		"particle": "block/potted_flowering_azalea_bush_plant",
		"side": "block/potted_flowering_azalea_bush_side",
		"top": "block/potted_flowering_azalea_bush_top"
	},
	"elements": [
		{
			"from": [4, 15.9, 4],
			"to": [12, 16, 12],
			"faces": {
				"up": {"uv": [4, 4, 12, 12], "texture": "#top", "cullface": "up"},
				"down": {"uv": [4, 12, 12, 4], "texture": "#top"}
			}
		},
		{
			"from": [4, 8, 4],
			"to": [12, 16, 4],
			"faces": {
				"north": {"uv": [4, 5, 12, 13], "texture": "#side"},
				"south": {"uv": [12, 5, 4, 13], "texture": "#side"}
			}
		},
		{
			"from": [4, 8, 12],
			"to": [12, 16, 12],
			"faces": {
				"north": {"uv": [12, 5, 4, 13], "texture": "#side"},
				"south": {"uv": [4, 5, 12, 13], "texture": "#side"}
			}
		},
		{
			"from": [4, 8, 4],
			"to": [4, 16, 12],
			"faces": {
				"east": {"uv": [12, 5, 4, 13], "texture": "#5"},
				"west": {"uv": [4, 5, 12, 13], "texture": "#5"}
			}
		},
		{
			"from": [12, 8, 4],
			"to": [12, 16, 12],
			"faces": {
				"east": {"uv": [4, 5, 12, 13], "texture": "#5"},
				"west": {"uv": [12, 5, 4, 13], "texture": "#5"}
			}
		},
		{
			"from": [2.6, 4, 8],
			"to": [13.4, 16, 8],
			"rotation": {"angle": 45, "axis": "y", "origin": [8, 8, 8], "rescale": true},
			"faces": {
				"north": {"uv": [0, 4, 16, 16], "texture": "#2"},
				"south": {"uv": [0, 4, 16, 16], "texture": "#2"}
			}
		},
		{
			"from": [8, 4, 2.6],
			"to": [8, 16, 13.4],
			"rotation": {"angle": 45, "axis": "y", "origin": [8, 8, 8], "rescale": true},
			"faces": {
				"east": {"uv": [0, 4, 16, 16], "texture": "#2"},
				"west": {"uv": [0, 4, 16, 16], "texture": "#2"}
			}
		},
		{
			"from": [5, 0, 5],
			"to": [11, 6, 11],
			"faces": {
				"north": {"uv": [5, 10, 11, 16], "texture": "#4"},
				"east": {"uv": [5, 10, 11, 16], "texture": "#4"},
				"south": {"uv": [5, 10, 11, 16], "texture": "#4"},
				"west": {"uv": [5, 10, 11, 16], "texture": "#4"},
				"up": {"uv": [5, 5, 11, 11], "texture": "#4"},
				"down": {"uv": [5, 10, 11, 16], "texture": "#4", "cullface": "down"}
			}
		},
		{
			"from": [6, 1, 6],
			"to": [10, 4, 10],
			"faces": {
				"up": {"uv": [6, 6, 10, 10], "texture": "#3"}
			}
		},
		{
			"from": [10, 6, 10],
			"to": [6, 1, 6],
			"faces": {
				"north": {"uv": [6, 10, 10, 16], "texture": "#4"},
				"east": {"uv": [6, 10, 10, 16], "texture": "#4"},
				"south": {"uv": [6, 10, 10, 16], "texture": "#4"},
				"west": {"uv": [6, 10, 10, 16], "texture": "#4"},
				"up": {"uv": [6, 11, 10, 15], "texture": "#4"}
			}
		}
	]
}