{
	"credit": "Made with Blockbench",
	"parent": "block/block",
	"texture_size": [2048, 2048],
	"textures": {
		"3": "block/small_dripleaf_side_alt_0",
		"4": "block/small_dripleaf_side_alt_1",
		"particle": "block/small_dripleaf_top",
		"top": "block/small_dripleaf_top",
		"side": "block/small_dripleaf_side",
		"stem": "block/small_dripleaf_stem_top"
	},
	"elements": [
		{
			"from": [8, 2.99, 8],
			"to": [15, 2.99, 15],
			"shade": false,
			"faces": {
				"up": {"uv": [16, 16, 0, 0], "texture": "#top"},
				"down": {"uv": [16, 0, 0, 16], "texture": "#top"}
			}
		},
		{
			"from": [1, 8, 1],
			"to": [8, 8, 8],
			"shade": false,
			"faces": {
				"up": {"uv": [0, 0, 16, 16], "texture": "#top"},
				"down": {"uv": [0, 16, 16, 0], "texture": "#top"}
			}
		},
		{
			"from": [1, 12, 8],
			"to": [8, 12, 15],
			"shade": false,
			"faces": {
				"up": {"uv": [0, 0, 16, 16], "rotation": 270, "texture": "#top"},
				"down": {"uv": [16, 0, 0, 16], "rotation": 270, "texture": "#top"}
			}
		},
		{
			"from": [8, 2, 8],
			"to": [15, 3, 15],
			"shade": false,
			"faces": {
				"north": {"uv": [0, 0, 8, 1], "texture": "#4"},
				"east": {"uv": [0, 0, 8, 1], "texture": "#side"},
				"south": {"uv": [0, 0, 8, 1], "texture": "#side"},
				"west": {"uv": [9, 0, 1, 1], "texture": "#3"}
			}
		},
		{
			"from": [1, 7, 1.01],
			"to": [8, 8, 8],
			"shade": false,
			"faces": {
				"north": {"uv": [0, 0, 8, 1], "texture": "#side"},
				"east": {"uv": [9, 0, 1, 1], "texture": "#3"},
				"south": {"uv": [0, 0, 8, 1], "texture": "#4"},
				"west": {"uv": [0, 0, 8, 1], "texture": "#side"}
			}
		},
		{
			"from": [1, 11, 8],
			"to": [8, 12, 15],
			"shade": false,
			"faces": {
				"north": {"uv": [9, 0, 1, 1], "texture": "#3"},
				"east": {"uv": [0, 0, 8, 1], "texture": "#4"},
				"south": {"uv": [0, 0, 8, 1], "texture": "#side"},
				"west": {"uv": [0, 0, 8, 1], "texture": "#side"}
			}
		},
		{
			"from": [4.5, 0, 8],
			"to": [11.5, 14, 8],
			"shade": false,
			"rotation": {"angle": 45, "axis": "y", "origin": [8, 8, 8]},
			"faces": {
				"north": {"uv": [3, 0, 13, 16], "texture": "#stem"},
				"south": {"uv": [3, 0, 13, 16], "texture": "#stem"}
			}
		},
		{
			"from": [4.5, 0, 8],
			"to": [11.5, 14, 8],
			"shade": false,
			"rotation": {"angle": -45, "axis": "y", "origin": [8, 8, 8]},
			"faces": {
				"north": {"uv": [3, 0, 13, 16], "texture": "#stem"},
				"south": {"uv": [3, 0, 13, 16], "texture": "#stem"}
			}
		}
	]
}