{
	"credit": "Made with Blockbench",
	"parent": "item/spawn_egg_master",
	"textures": {
		"0": "item/egg_axolotl",
		"particle": "item/egg_axolotl"
	},
	"elements": [
		{
			"name": "egg_axolotl_0",
			"from": [11.5, 13, 8],
			"to": [12, 15, 8.5],
			"rotation": {"angle": 0, "axis": "x", "origin": [0, 0, 16]},
			"faces": {
				"north": {"uv": [11.5, 3, 12, 1], "rotation": 180, "texture": "#0"},
				"east": {"uv": [11.5, 1, 12, 3], "texture": "#0"},
				"south": {"uv": [11.5, 1, 12, 3], "texture": "#0"},
				"west": {"uv": [11.5, 1, 12, 3], "texture": "#0"},
				"up": {"uv": [12, 1, 11.5, 1.5], "rotation": 180, "texture": "#0"},
				"down": {"uv": [11.5, 2.5, 12, 3], "texture": "#0"}
			}
		},
		{
			"name": "egg_axolotl_1",
			"from": [3, 14, 8],
			"to": [3.5, 14.5, 8.5],
			"rotation": {"angle": 0, "axis": "x", "origin": [0, 0, 16]},
			"faces": {
				"north": {"uv": [3, 2, 3.5, 1.5], "rotation": 180, "texture": "#0"},
				"east": {"uv": [3, 1.5, 3.5, 2], "texture": "#0"},
				"south": {"uv": [3, 1.5, 3.5, 2], "texture": "#0"},
				"west": {"uv": [3, 1.5, 3.5, 2], "texture": "#0"},
				"up": {"uv": [3.5, 1.5, 3, 2], "rotation": 180, "texture": "#0"},
				"down": {"uv": [3, 1.5, 3.5, 2], "texture": "#0"}
			}
		},
		{
			"name": "egg_axolotl_2",
			"from": [10.5, 14, 8],
			"to": [11, 14.5, 8.5],
			"rotation": {"angle": 0, "axis": "x", "origin": [0, 0, 16]},
			"faces": {
				"north": {"uv": [10.5, 2, 11, 1.5], "rotation": 180, "texture": "#0"},
				"east": {"uv": [10.5, 1.5, 11, 2], "texture": "#0"},
				"south": {"uv": [10.5, 1.5, 11, 2], "texture": "#0"},
				"west": {"uv": [10.5, 1.5, 11, 2], "texture": "#0"},
				"up": {"uv": [11, 1.5, 10.5, 2], "rotation": 180, "texture": "#0"},
				"down": {"uv": [10.5, 1.5, 11, 2], "texture": "#0"}
			}
		},
		{
			"name": "egg_axolotl_3",
			"from": [12, 14, 8],
			"to": [12.5, 14.5, 8.5],
			"rotation": {"angle": 0, "axis": "x", "origin": [0, 0, 16]},
			"faces": {
				"north": {"uv": [12, 2, 12.5, 1.5], "rotation": 180, "texture": "#0"},
				"east": {"uv": [12, 1.5, 12.5, 2], "texture": "#0"},
				"south": {"uv": [12, 1.5, 12.5, 2], "texture": "#0"},
				"west": {"uv": [12, 1.5, 12.5, 2], "texture": "#0"},
				"up": {"uv": [12.5, 1.5, 12, 2], "rotation": 180, "texture": "#0"},
				"down": {"uv": [12, 1.5, 12.5, 2], "texture": "#0"}
			}
		},
		{
			"name": "egg_axolotl_4",
			"from": [3.5, 13, 8],
			"to": [4, 14, 8.5],
			"rotation": {"angle": 0, "axis": "x", "origin": [0, 0, 16]},
			"faces": {
				"north": {"uv": [3.5, 3, 4, 2], "rotation": 180, "texture": "#0"},
				"east": {"uv": [3.5, 2, 4, 3], "texture": "#0"},
				"south": {"uv": [3.5, 2, 4, 3], "texture": "#0"},
				"west": {"uv": [3.5, 2, 4, 3], "texture": "#0"},
				"up": {"uv": [4, 2, 3.5, 2.5], "rotation": 180, "texture": "#0"},
				"down": {"uv": [3.5, 2.5, 4, 3], "texture": "#0"}
			}
		},
		{
			"name": "egg_axolotl_5",
			"from": [4.5, 12.5, 8],
			"to": [5, 14, 8.5],
			"rotation": {"angle": 0, "axis": "x", "origin": [0, 0, 16]},
			"faces": {
				"north": {"uv": [4.5, 3.5, 5, 2], "rotation": 180, "texture": "#0"},
				"east": {"uv": [4.5, 2, 5, 3.5], "texture": "#0"},
				"south": {"uv": [4.5, 2, 5, 3.5], "texture": "#0"},
				"west": {"uv": [4.5, 2, 5, 3.5], "texture": "#0"},
				"up": {"uv": [5, 2, 4.5, 2.5], "rotation": 180, "texture": "#0"},
				"down": {"uv": [4.5, 3, 5, 3.5], "texture": "#0"}
			}
		},
		{
			"name": "egg_axolotl_6",
			"from": [11, 13, 8],
			"to": [11.5, 14, 8.5],
			"rotation": {"angle": 0, "axis": "x", "origin": [0, 0, 16]},
			"faces": {
				"north": {"uv": [11, 3, 11.5, 2], "rotation": 180, "texture": "#0"},
				"east": {"uv": [11, 2, 11.5, 3], "texture": "#0"},
				"south": {"uv": [11, 2, 11.5, 3], "texture": "#0"},
				"west": {"uv": [11, 2, 11.5, 3], "texture": "#0"},
				"up": {"uv": [11.5, 2, 11, 2.5], "rotation": 180, "texture": "#0"},
				"down": {"uv": [11, 2.5, 11.5, 3], "texture": "#0"}
			}
		},
		{
			"name": "egg_axolotl_7",
			"from": [3, 13, 8],
			"to": [3.5, 13.5, 8.5],
			"rotation": {"angle": 0, "axis": "x", "origin": [0, 0, 16]},
			"faces": {
				"north": {"uv": [3, 3, 3.5, 2.5], "rotation": 180, "texture": "#0"},
				"east": {"uv": [3, 2.5, 3.5, 3], "texture": "#0"},
				"south": {"uv": [3, 2.5, 3.5, 3], "texture": "#0"},
				"west": {"uv": [3, 2.5, 3.5, 3], "texture": "#0"},
				"up": {"uv": [3.5, 2.5, 3, 3], "rotation": 180, "texture": "#0"},
				"down": {"uv": [3, 2.5, 3.5, 3], "texture": "#0"}
			}
		},
		{
			"name": "egg_axolotl_8",
			"from": [4, 13, 8],
			"to": [4.5, 13.5, 8.5],
			"rotation": {"angle": 0, "axis": "x", "origin": [0, 0, 16]},
			"faces": {
				"north": {"uv": [4, 3, 4.5, 2.5], "rotation": 180, "texture": "#0"},
				"east": {"uv": [4, 2.5, 4.5, 3], "texture": "#0"},
				"south": {"uv": [4, 2.5, 4.5, 3], "texture": "#0"},
				"west": {"uv": [4, 2.5, 4.5, 3], "texture": "#0"},
				"up": {"uv": [4.5, 2.5, 4, 3], "rotation": 180, "texture": "#0"},
				"down": {"uv": [4, 2.5, 4.5, 3], "texture": "#0"}
			}
		},
		{
			"name": "egg_axolotl_9",
			"from": [5.5, 13, 8],
			"to": [6, 13.5, 8.5],
			"rotation": {"angle": 0, "axis": "x", "origin": [0, 0, 16]},
			"faces": {
				"north": {"uv": [5.5, 3, 6, 2.5], "rotation": 180, "texture": "#0"},
				"east": {"uv": [5.5, 2.5, 6, 3], "texture": "#0"},
				"south": {"uv": [5.5, 2.5, 6, 3], "texture": "#0"},
				"west": {"uv": [5.5, 2.5, 6, 3], "texture": "#0"},
				"up": {"uv": [6, 2.5, 5.5, 3], "rotation": 180, "texture": "#0"},
				"down": {"uv": [5.5, 2.5, 6, 3], "texture": "#0"}
			}
		},
		{
			"name": "egg_axolotl_10",
			"from": [9.5, 13, 8],
			"to": [10, 13.5, 8.5],
			"rotation": {"angle": 0, "axis": "x", "origin": [0, 0, 16]},
			"faces": {
				"north": {"uv": [9.5, 3, 10, 2.5], "rotation": 180, "texture": "#0"},
				"east": {"uv": [9.5, 2.5, 10, 3], "texture": "#0"},
				"south": {"uv": [9.5, 2.5, 10, 3], "texture": "#0"},
				"west": {"uv": [9.5, 2.5, 10, 3], "texture": "#0"},
				"up": {"uv": [10, 2.5, 9.5, 3], "rotation": 180, "texture": "#0"},
				"down": {"uv": [9.5, 2.5, 10, 3], "texture": "#0"}
			}
		},
		{
			"name": "egg_axolotl_11",
			"from": [10.5, 12.5, 8],
			"to": [11, 13.5, 8.5],
			"rotation": {"angle": 0, "axis": "x", "origin": [0, 0, 16]},
			"faces": {
				"north": {"uv": [10.5, 3.5, 11, 2.5], "rotation": 180, "texture": "#0"},
				"east": {"uv": [10.5, 2.5, 11, 3.5], "texture": "#0"},
				"south": {"uv": [10.5, 2.5, 11, 3.5], "texture": "#0"},
				"west": {"uv": [10.5, 2.5, 11, 3.5], "texture": "#0"},
				"up": {"uv": [11, 2.5, 10.5, 3], "rotation": 180, "texture": "#0"},
				"down": {"uv": [10.5, 3, 11, 3.5], "texture": "#0"}
			}
		},
		{
			"name": "egg_axolotl_12",
			"from": [12, 13, 8],
			"to": [12.5, 13.5, 8.5],
			"rotation": {"angle": 0, "axis": "x", "origin": [0, 0, 16]},
			"faces": {
				"north": {"uv": [12, 3, 12.5, 2.5], "rotation": 180, "texture": "#0"},
				"east": {"uv": [12, 2.5, 12.5, 3], "texture": "#0"},
				"south": {"uv": [12, 2.5, 12.5, 3], "texture": "#0"},
				"west": {"uv": [12, 2.5, 12.5, 3], "texture": "#0"},
				"up": {"uv": [12.5, 2.5, 12, 3], "rotation": 180, "texture": "#0"},
				"down": {"uv": [12, 2.5, 12.5, 3], "texture": "#0"}
			}
		},
		{
			"name": "egg_axolotl_13",
			"from": [5, 3.5, 8],
			"to": [5.5, 13, 8.5],
			"rotation": {"angle": 0, "axis": "x", "origin": [0, 0, 16]},
			"faces": {
				"north": {"uv": [5, 12.5, 5.5, 3], "rotation": 180, "texture": "#0"},
				"east": {"uv": [5, 3, 5.5, 12.5], "texture": "#0"},
				"south": {"uv": [5, 3, 5.5, 12.5], "texture": "#0"},
				"west": {"uv": [5, 3, 5.5, 12.5], "texture": "#0"},
				"up": {"uv": [5.5, 3, 5, 3.5], "rotation": 180, "texture": "#0"},
				"down": {"uv": [5, 12, 5.5, 12.5], "texture": "#0"}
			}
		},
		{
			"name": "egg_axolotl_14",
			"from": [10, 3, 8],
			"to": [10.5, 13, 8.5],
			"rotation": {"angle": 0, "axis": "x", "origin": [0, 0, 16]},
			"faces": {
				"north": {"uv": [10, 13, 10.5, 3], "rotation": 180, "texture": "#0"},
				"east": {"uv": [10, 3, 10.5, 13], "texture": "#0"},
				"south": {"uv": [10, 3, 10.5, 13], "texture": "#0"},
				"west": {"uv": [10, 3, 10.5, 13], "texture": "#0"},
				"up": {"uv": [10.5, 3, 10, 3.5], "rotation": 180, "texture": "#0"},
				"down": {"uv": [10, 12.5, 10.5, 13], "texture": "#0"}
			}
		},
		{
			"name": "egg_axolotl_15",
			"from": [4, 12, 8],
			"to": [4.5, 12.5, 8.5],
			"rotation": {"angle": 0, "axis": "x", "origin": [0, 0, 16]},
			"faces": {
				"north": {"uv": [4, 4, 4.5, 3.5], "rotation": 180, "texture": "#0"},
				"east": {"uv": [4, 3.5, 4.5, 4], "texture": "#0"},
				"south": {"uv": [4, 3.5, 4.5, 4], "texture": "#0"},
				"west": {"uv": [4, 3.5, 4.5, 4], "texture": "#0"},
				"up": {"uv": [4.5, 3.5, 4, 4], "rotation": 180, "texture": "#0"},
				"down": {"uv": [4, 3.5, 4.5, 4], "texture": "#0"}
			}
		},
		{
			"name": "egg_axolotl_16",
			"from": [5.5, 3, 8],
			"to": [6, 12.5, 8.5],
			"rotation": {"angle": 0, "axis": "x", "origin": [0, 0, 16]},
			"faces": {
				"north": {"uv": [5.5, 13, 6, 3.5], "rotation": 180, "texture": "#0"},
				"east": {"uv": [5.5, 3.5, 6, 13], "texture": "#0"},
				"south": {"uv": [5.5, 3.5, 6, 13], "texture": "#0"},
				"west": {"uv": [5.5, 3.5, 6, 13], "texture": "#0"},
				"up": {"uv": [6, 3.5, 5.5, 4], "rotation": 180, "texture": "#0"},
				"down": {"uv": [5.5, 12.5, 6, 13], "texture": "#0"}
			}
		},
		{
			"name": "egg_axolotl_17",
			"from": [6.5, 3, 8],
			"to": [10, 12.5, 8.5],
			"rotation": {"angle": 0, "axis": "x", "origin": [0, 0, 16]},
			"faces": {
				"north": {"uv": [6.5, 13, 10, 3.5], "rotation": 180, "texture": "#0"},
				"east": {"uv": [9.5, 3.5, 10, 13], "texture": "#0"},
				"south": {"uv": [6.5, 3.5, 10, 13], "texture": "#0"},
				"west": {"uv": [6.5, 3.5, 7, 13], "texture": "#0"},
				"up": {"uv": [10, 3.5, 6.5, 4], "rotation": 180, "texture": "#0"},
				"down": {"uv": [6.5, 12.5, 10, 13], "texture": "#0"}
			}
		},
		{
			"name": "egg_axolotl_18",
			"from": [11, 12, 8],
			"to": [11.5, 12.5, 8.5],
			"rotation": {"angle": 0, "axis": "x", "origin": [0, 0, 16]},
			"faces": {
				"north": {"uv": [11, 4, 11.5, 3.5], "rotation": 180, "texture": "#0"},
				"east": {"uv": [11, 3.5, 11.5, 4], "texture": "#0"},
				"south": {"uv": [11, 3.5, 11.5, 4], "texture": "#0"},
				"west": {"uv": [11, 3.5, 11.5, 4], "texture": "#0"},
				"up": {"uv": [11.5, 3.5, 11, 4], "rotation": 180, "texture": "#0"},
				"down": {"uv": [11, 3.5, 11.5, 4], "texture": "#0"}
			}
		},
		{
			"name": "egg_axolotl_19",
			"from": [13.5, 10.5, 8],
			"to": [14, 12.5, 8.5],
			"rotation": {"angle": 0, "axis": "x", "origin": [0, 0, 16]},
			"faces": {
				"north": {"uv": [13.5, 5.5, 14, 3.5], "rotation": 180, "texture": "#0"},
				"east": {"uv": [13.5, 3.5, 14, 5.5], "texture": "#0"},
				"south": {"uv": [13.5, 3.5, 14, 5.5], "texture": "#0"},
				"west": {"uv": [13.5, 3.5, 14, 5.5], "texture": "#0"},
				"up": {"uv": [14, 3.5, 13.5, 4], "rotation": 180, "texture": "#0"},
				"down": {"uv": [13.5, 5, 14, 5.5], "texture": "#0"}
			}
		},
		{
			"name": "egg_axolotl_20",
			"from": [14.5, 11.5, 8],
			"to": [15, 12.5, 8.5],
			"rotation": {"angle": 0, "axis": "x", "origin": [0, 0, 16]},
			"faces": {
				"north": {"uv": [14.5, 4.5, 15, 3.5], "rotation": 180, "texture": "#0"},
				"east": {"uv": [14.5, 3.5, 15, 4.5], "texture": "#0"},
				"south": {"uv": [14.5, 3.5, 15, 4.5], "texture": "#0"},
				"west": {"uv": [14.5, 3.5, 15, 4.5], "texture": "#0"},
				"up": {"uv": [15, 3.5, 14.5, 4], "rotation": 180, "texture": "#0"},
				"down": {"uv": [14.5, 4, 15, 4.5], "texture": "#0"}
			}
		},
		{
			"name": "egg_axolotl_21",
			"from": [1.5, 11, 8],
			"to": [2, 12, 8.5],
			"rotation": {"angle": 0, "axis": "x", "origin": [0, 0, 16]},
			"faces": {
				"north": {"uv": [1.5, 5, 2, 4], "rotation": 180, "texture": "#0"},
				"east": {"uv": [1.5, 4, 2, 5], "texture": "#0"},
				"south": {"uv": [1.5, 4, 2, 5], "texture": "#0"},
				"west": {"uv": [1.5, 4, 2, 5], "texture": "#0"},
				"up": {"uv": [2, 4, 1.5, 4.5], "rotation": 180, "texture": "#0"},
				"down": {"uv": [1.5, 4.5, 2, 5], "texture": "#0"}
			}
		},
		{
			"name": "egg_axolotl_22",
			"from": [2.5, 10, 8],
			"to": [3, 12, 8.5],
			"rotation": {"angle": 0, "axis": "x", "origin": [0, 0, 16]},
			"faces": {
				"north": {"uv": [2.5, 6, 3, 4], "rotation": 180, "texture": "#0"},
				"east": {"uv": [2.5, 4, 3, 6], "texture": "#0"},
				"south": {"uv": [2.5, 4, 3, 6], "texture": "#0"},
				"west": {"uv": [2.5, 4, 3, 6], "texture": "#0"},
				"up": {"uv": [3, 4, 2.5, 4.5], "rotation": 180, "texture": "#0"},
				"down": {"uv": [2.5, 5.5, 3, 6], "texture": "#0"}
			}
		},
		{
			"name": "egg_axolotl_23",
			"from": [6, 3, 8],
			"to": [6.5, 12, 8.5],
			"rotation": {"angle": 0, "axis": "x", "origin": [0, 0, 16]},
			"faces": {
				"north": {"uv": [6, 13, 6.5, 4], "rotation": 180, "texture": "#0"},
				"east": {"uv": [6, 4, 6.5, 13], "texture": "#0"},
				"south": {"uv": [6, 4, 6.5, 13], "texture": "#0"},
				"west": {"uv": [6, 4, 6.5, 13], "texture": "#0"},
				"up": {"uv": [6.5, 4, 6, 4.5], "rotation": 180, "texture": "#0"},
				"down": {"uv": [6, 12.5, 6.5, 13], "texture": "#0"}
			}
		},
		{
			"name": "egg_axolotl_24",
			"from": [12.5, 11.5, 8],
			"to": [13, 12, 8.5],
			"rotation": {"angle": 0, "axis": "x", "origin": [0, 0, 16]},
			"faces": {
				"north": {"uv": [12.5, 4.5, 13, 4], "rotation": 180, "texture": "#0"},
				"east": {"uv": [12.5, 4, 13, 4.5], "texture": "#0"},
				"south": {"uv": [12.5, 4, 13, 4.5], "texture": "#0"},
				"west": {"uv": [12.5, 4, 13, 4.5], "texture": "#0"},
				"up": {"uv": [13, 4, 12.5, 4.5], "rotation": 180, "texture": "#0"},
				"down": {"uv": [12.5, 4, 13, 4.5], "texture": "#0"}
			}
		},
		{
			"name": "egg_axolotl_25",
			"from": [14, 11, 8],
			"to": [14.5, 12, 8.5],
			"rotation": {"angle": 0, "axis": "x", "origin": [0, 0, 16]},
			"faces": {
				"north": {"uv": [14, 5, 14.5, 4], "rotation": 180, "texture": "#0"},
				"east": {"uv": [14, 4, 14.5, 5], "texture": "#0"},
				"south": {"uv": [14, 4, 14.5, 5], "texture": "#0"},
				"west": {"uv": [14, 4, 14.5, 5], "texture": "#0"},
				"up": {"uv": [14.5, 4, 14, 4.5], "rotation": 180, "texture": "#0"},
				"down": {"uv": [14, 4.5, 14.5, 5], "texture": "#0"}
			}
		},
		{
			"name": "egg_axolotl_26",
			"from": [15, 11.5, 8],
			"to": [15.5, 12, 8.5],
			"rotation": {"angle": 0, "axis": "x", "origin": [0, 0, 16]},
			"faces": {
				"north": {"uv": [15, 4.5, 15.5, 4], "rotation": 180, "texture": "#0"},
				"east": {"uv": [15, 4, 15.5, 4.5], "texture": "#0"},
				"south": {"uv": [15, 4, 15.5, 4.5], "texture": "#0"},
				"west": {"uv": [15, 4, 15.5, 4.5], "texture": "#0"},
				"up": {"uv": [15.5, 4, 15, 4.5], "rotation": 180, "texture": "#0"},
				"down": {"uv": [15, 4, 15.5, 4.5], "texture": "#0"}
			}
		},
		{
			"name": "egg_axolotl_27",
			"from": [0.5, 11, 8],
			"to": [1.5, 11.5, 8.5],
			"rotation": {"angle": 0, "axis": "x", "origin": [0, 0, 16]},
			"faces": {
				"north": {"uv": [0.5, 5, 1.5, 4.5], "rotation": 180, "texture": "#0"},
				"east": {"uv": [1, 4.5, 1.5, 5], "texture": "#0"},
				"south": {"uv": [0.5, 4.5, 1.5, 5], "texture": "#0"},
				"west": {"uv": [0.5, 4.5, 1, 5], "texture": "#0"},
				"up": {"uv": [1.5, 4.5, 0.5, 5], "rotation": 180, "texture": "#0"},
				"down": {"uv": [0.5, 4.5, 1.5, 5], "texture": "#0"}
			}
		},
		{
			"name": "egg_axolotl_28",
			"from": [2, 10.5, 8],
			"to": [2.5, 11.5, 8.5],
			"rotation": {"angle": 0, "axis": "x", "origin": [0, 0, 16]},
			"faces": {
				"north": {"uv": [2, 5.5, 2.5, 4.5], "rotation": 180, "texture": "#0"},
				"east": {"uv": [2, 4.5, 2.5, 5.5], "texture": "#0"},
				"south": {"uv": [2, 4.5, 2.5, 5.5], "texture": "#0"},
				"west": {"uv": [2, 4.5, 2.5, 5.5], "texture": "#0"},
				"up": {"uv": [2.5, 4.5, 2, 5], "rotation": 180, "texture": "#0"},
				"down": {"uv": [2, 5, 2.5, 5.5], "texture": "#0"}
			}
		},
		{
			"name": "egg_axolotl_29",
			"from": [4.5, 3.5, 8],
			"to": [5, 11.5, 8.5],
			"rotation": {"angle": 0, "axis": "x", "origin": [0, 0, 16]},
			"faces": {
				"north": {"uv": [4.5, 12.5, 5, 4.5], "rotation": 180, "texture": "#0"},
				"east": {"uv": [4.5, 4.5, 5, 12.5], "texture": "#0"},
				"south": {"uv": [4.5, 4.5, 5, 12.5], "texture": "#0"},
				"west": {"uv": [4.5, 4.5, 5, 12.5], "texture": "#0"},
				"up": {"uv": [5, 4.5, 4.5, 5], "rotation": 180, "texture": "#0"},
				"down": {"uv": [4.5, 12, 5, 12.5], "texture": "#0"}
			}
		},
		{
			"name": "egg_axolotl_30",
			"from": [10.5, 3.5, 8],
			"to": [11.5, 11.5, 8.5],
			"rotation": {"angle": 0, "axis": "x", "origin": [0, 0, 16]},
			"faces": {
				"north": {"uv": [10.5, 12.5, 11.5, 4.5], "rotation": 180, "texture": "#0"},
				"east": {"uv": [11, 4.5, 11.5, 12.5], "texture": "#0"},
				"south": {"uv": [10.5, 4.5, 11.5, 12.5], "texture": "#0"},
				"west": {"uv": [10.5, 4.5, 11, 12.5], "texture": "#0"},
				"up": {"uv": [11.5, 4.5, 10.5, 5], "rotation": 180, "texture": "#0"},
				"down": {"uv": [10.5, 12, 11.5, 12.5], "texture": "#0"}
			}
		},
		{
			"name": "egg_axolotl_31",
			"from": [13, 10.5, 8],
			"to": [13.5, 11.5, 8.5],
			"rotation": {"angle": 0, "axis": "x", "origin": [0, 0, 16]},
			"faces": {
				"north": {"uv": [13, 5.5, 13.5, 4.5], "rotation": 180, "texture": "#0"},
				"east": {"uv": [13, 4.5, 13.5, 5.5], "texture": "#0"},
				"south": {"uv": [13, 4.5, 13.5, 5.5], "texture": "#0"},
				"west": {"uv": [13, 4.5, 13.5, 5.5], "texture": "#0"},
				"up": {"uv": [13.5, 4.5, 13, 5], "rotation": 180, "texture": "#0"},
				"down": {"uv": [13, 5, 13.5, 5.5], "texture": "#0"}
			}
		},
		{
			"name": "egg_axolotl_32",
			"from": [1, 10.5, 8],
			"to": [1.5, 11, 8.5],
			"rotation": {"angle": 0, "axis": "x", "origin": [0, 0, 16]},
			"faces": {
				"north": {"uv": [1, 5.5, 1.5, 5], "rotation": 180, "texture": "#0"},
				"east": {"uv": [1, 5, 1.5, 5.5], "texture": "#0"},
				"south": {"uv": [1, 5, 1.5, 5.5], "texture": "#0"},
				"west": {"uv": [1, 5, 1.5, 5.5], "texture": "#0"},
				"up": {"uv": [1.5, 5, 1, 5.5], "rotation": 180, "texture": "#0"},
				"down": {"uv": [1, 5, 1.5, 5.5], "texture": "#0"}
			}
		},
		{
			"name": "egg_axolotl_33",
			"from": [3, 10, 8],
			"to": [4.5, 11, 8.5],
			"rotation": {"angle": 0, "axis": "x", "origin": [0, 0, 16]},
			"faces": {
				"north": {"uv": [3, 6, 4.5, 5], "rotation": 180, "texture": "#0"},
				"east": {"uv": [4, 5, 4.5, 6], "texture": "#0"},
				"south": {"uv": [3, 5, 4.5, 6], "texture": "#0"},
				"west": {"uv": [3, 5, 3.5, 6], "texture": "#0"},
				"up": {"uv": [4.5, 5, 3, 5.5], "rotation": 180, "texture": "#0"},
				"down": {"uv": [3, 5.5, 4.5, 6], "texture": "#0"}
			}
		},
		{
			"name": "egg_axolotl_34",
			"from": [11.5, 10, 8],
			"to": [13, 11, 8.5],
			"rotation": {"angle": 0, "axis": "x", "origin": [0, 0, 16]},
			"faces": {
				"north": {"uv": [11.5, 6, 13, 5], "rotation": 180, "texture": "#0"},
				"east": {"uv": [12.5, 5, 13, 6], "texture": "#0"},
				"south": {"uv": [11.5, 5, 13, 6], "texture": "#0"},
				"west": {"uv": [11.5, 5, 12, 6], "texture": "#0"},
				"up": {"uv": [13, 5, 11.5, 5.5], "rotation": 180, "texture": "#0"},
				"down": {"uv": [11.5, 5.5, 13, 6], "texture": "#0"}
			}
		},
		{
			"name": "egg_axolotl_35",
			"from": [14.5, 10.5, 8],
			"to": [15, 11, 8.5],
			"rotation": {"angle": 0, "axis": "x", "origin": [0, 0, 16]},
			"faces": {
				"north": {"uv": [14.5, 5.5, 15, 5], "rotation": 180, "texture": "#0"},
				"east": {"uv": [14.5, 5, 15, 5.5], "texture": "#0"},
				"south": {"uv": [14.5, 5, 15, 5.5], "texture": "#0"},
				"west": {"uv": [14.5, 5, 15, 5.5], "texture": "#0"},
				"up": {"uv": [15, 5, 14.5, 5.5], "rotation": 180, "texture": "#0"},
				"down": {"uv": [14.5, 5, 15, 5.5], "texture": "#0"}
			}
		},
		{
			"name": "egg_axolotl_36",
			"from": [3.5, 5, 8],
			"to": [4.5, 10, 8.5],
			"rotation": {"angle": 0, "axis": "x", "origin": [0, 0, 16]},
			"faces": {
				"north": {"uv": [3.5, 11, 4.5, 6], "rotation": 180, "texture": "#0"},
				"east": {"uv": [4, 6, 4.5, 11], "texture": "#0"},
				"south": {"uv": [3.5, 6, 4.5, 11], "texture": "#0"},
				"west": {"uv": [3.5, 6, 4, 11], "texture": "#0"},
				"up": {"uv": [4.5, 6, 3.5, 6.5], "rotation": 180, "texture": "#0"},
				"down": {"uv": [3.5, 10.5, 4.5, 11], "texture": "#0"}
			}
		},
		{
			"name": "egg_axolotl_37",
			"from": [11.5, 5, 8],
			"to": [12.5, 10, 8.5],
			"rotation": {"angle": 0, "axis": "x", "origin": [0, 0, 16]},
			"faces": {
				"north": {"uv": [11.5, 11, 12.5, 6], "rotation": 180, "texture": "#0"},
				"east": {"uv": [12, 6, 12.5, 11], "texture": "#0"},
				"south": {"uv": [11.5, 6, 12.5, 11], "texture": "#0"},
				"west": {"uv": [11.5, 6, 12, 11], "texture": "#0"},
				"up": {"uv": [12.5, 6, 11.5, 6.5], "rotation": 180, "texture": "#0"},
				"down": {"uv": [11.5, 10.5, 12.5, 11], "texture": "#0"}
			}
		},
		{
			"name": "egg_axolotl_38",
			"from": [3, 6, 8],
			"to": [3.5, 9, 8.5],
			"rotation": {"angle": 0, "axis": "x", "origin": [0, 0, 16]},
			"faces": {
				"north": {"uv": [3, 10, 3.5, 7], "rotation": 180, "texture": "#0"},
				"east": {"uv": [3, 7, 3.5, 10], "texture": "#0"},
				"south": {"uv": [3, 7, 3.5, 10], "texture": "#0"},
				"west": {"uv": [3, 7, 3.5, 10], "texture": "#0"},
				"up": {"uv": [3.5, 7, 3, 7.5], "rotation": 180, "texture": "#0"},
				"down": {"uv": [3, 9.5, 3.5, 10], "texture": "#0"}
			}
		},
		{
			"name": "egg_axolotl_39",
			"from": [12.5, 6, 8],
			"to": [13, 9, 8.5],
			"rotation": {"angle": 0, "axis": "x", "origin": [0, 0, 16]},
			"faces": {
				"north": {"uv": [12.5, 10, 13, 7], "rotation": 180, "texture": "#0"},
				"east": {"uv": [12.5, 7, 13, 10], "texture": "#0"},
				"south": {"uv": [12.5, 7, 13, 10], "texture": "#0"},
				"west": {"uv": [12.5, 7, 13, 10], "texture": "#0"},
				"up": {"uv": [13, 7, 12.5, 7.5], "rotation": 180, "texture": "#0"},
				"down": {"uv": [12.5, 9.5, 13, 10], "texture": "#0"}
			}
		},
		{
			"name": "egg_axolotl_40",
			"from": [1.5, 8, 8],
			"to": [2.5, 8.5, 8.5],
			"rotation": {"angle": 0, "axis": "x", "origin": [0, 0, 16]},
			"faces": {
				"north": {"uv": [1.5, 8, 2.5, 7.5], "rotation": 180, "texture": "#0"},
				"east": {"uv": [2, 7.5, 2.5, 8], "texture": "#0"},
				"south": {"uv": [1.5, 7.5, 2.5, 8], "texture": "#0"},
				"west": {"uv": [1.5, 7.5, 2, 8], "texture": "#0"},
				"up": {"uv": [2.5, 7.5, 1.5, 8], "rotation": 180, "texture": "#0"},
				"down": {"uv": [1.5, 7.5, 2.5, 8], "texture": "#0"}
			}
		},
		{
			"name": "egg_axolotl_41",
			"from": [0.5, 7.5, 8],
			"to": [1, 8, 8.5],
			"rotation": {"angle": 0, "axis": "x", "origin": [0, 0, 16]},
			"faces": {
				"north": {"uv": [0.5, 8.5, 1, 8], "rotation": 180, "texture": "#0"},
				"east": {"uv": [0.5, 8, 1, 8.5], "texture": "#0"},
				"south": {"uv": [0.5, 8, 1, 8.5], "texture": "#0"},
				"west": {"uv": [0.5, 8, 1, 8.5], "texture": "#0"},
				"up": {"uv": [1, 8, 0.5, 8.5], "rotation": 180, "texture": "#0"},
				"down": {"uv": [0.5, 8, 1, 8.5], "texture": "#0"}
			}
		},
		{
			"name": "egg_axolotl_42",
			"from": [2, 7, 8],
			"to": [3, 8, 8.5],
			"rotation": {"angle": 0, "axis": "x", "origin": [0, 0, 16]},
			"faces": {
				"north": {"uv": [2, 9, 3, 8], "rotation": 180, "texture": "#0"},
				"east": {"uv": [2.5, 8, 3, 9], "texture": "#0"},
				"south": {"uv": [2, 8, 3, 9], "texture": "#0"},
				"west": {"uv": [2, 8, 2.5, 9], "texture": "#0"},
				"up": {"uv": [3, 8, 2, 8.5], "rotation": 180, "texture": "#0"},
				"down": {"uv": [2, 8.5, 3, 9], "texture": "#0"}
			}
		},
		{
			"name": "egg_axolotl_43",
			"from": [13, 7, 8],
			"to": [14, 8, 8.5],
			"rotation": {"angle": 0, "axis": "x", "origin": [0, 0, 16]},
			"faces": {
				"north": {"uv": [13, 9, 14, 8], "rotation": 180, "texture": "#0"},
				"east": {"uv": [13.5, 8, 14, 9], "texture": "#0"},
				"south": {"uv": [13, 8, 14, 9], "texture": "#0"},
				"west": {"uv": [13, 8, 13.5, 9], "texture": "#0"},
				"up": {"uv": [14, 8, 13, 8.5], "rotation": 180, "texture": "#0"},
				"down": {"uv": [13, 8.5, 14, 9], "texture": "#0"}
			}
		},
		{
			"name": "egg_axolotl_44",
			"from": [14.5, 5.5, 8],
			"to": [15, 8, 8.5],
			"rotation": {"angle": 0, "axis": "x", "origin": [0, 0, 16]},
			"faces": {
				"north": {"uv": [14.5, 10.5, 15, 8], "rotation": 180, "texture": "#0"},
				"east": {"uv": [14.5, 8, 15, 10.5], "texture": "#0"},
				"south": {"uv": [14.5, 8, 15, 10.5], "texture": "#0"},
				"west": {"uv": [14.5, 8, 15, 10.5], "texture": "#0"},
				"up": {"uv": [15, 8, 14.5, 8.5], "rotation": 180, "texture": "#0"},
				"down": {"uv": [14.5, 10, 15, 10.5], "texture": "#0"}
			}
		},
		{
			"name": "egg_axolotl_45",
			"from": [1, 7, 8],
			"to": [2, 7.5, 8.5],
			"rotation": {"angle": 0, "axis": "x", "origin": [0, 0, 16]},
			"faces": {
				"north": {"uv": [1, 9, 2, 8.5], "rotation": 180, "texture": "#0"},
				"east": {"uv": [1.5, 8.5, 2, 9], "texture": "#0"},
				"south": {"uv": [1, 8.5, 2, 9], "texture": "#0"},
				"west": {"uv": [1, 8.5, 1.5, 9], "texture": "#0"},
				"up": {"uv": [2, 8.5, 1, 9], "rotation": 180, "texture": "#0"},
				"down": {"uv": [1, 8.5, 2, 9], "texture": "#0"}
			}
		},
		{
			"name": "egg_axolotl_46",
			"from": [14, 7, 8],
			"to": [14.5, 7.5, 8.5],
			"rotation": {"angle": 0, "axis": "x", "origin": [0, 0, 16]},
			"faces": {
				"north": {"uv": [14, 9, 14.5, 8.5], "rotation": 180, "texture": "#0"},
				"east": {"uv": [14, 8.5, 14.5, 9], "texture": "#0"},
				"south": {"uv": [14, 8.5, 14.5, 9], "texture": "#0"},
				"west": {"uv": [14, 8.5, 14.5, 9], "texture": "#0"},
				"up": {"uv": [14.5, 8.5, 14, 9], "rotation": 180, "texture": "#0"},
				"down": {"uv": [14, 8.5, 14.5, 9], "texture": "#0"}
			}
		},
		{
			"name": "egg_axolotl_47",
			"from": [15.5, 7, 8],
			"to": [16, 7.5, 8.5],
			"rotation": {"angle": 0, "axis": "x", "origin": [0, 0, 16]},
			"faces": {
				"north": {"uv": [15.5, 9, 16, 8.5], "rotation": 180, "texture": "#0"},
				"east": {"uv": [15.5, 8.5, 16, 9], "texture": "#0"},
				"south": {"uv": [15.5, 8.5, 16, 9], "texture": "#0"},
				"west": {"uv": [15.5, 8.5, 16, 9], "texture": "#0"},
				"up": {"uv": [16, 8.5, 15.5, 9], "rotation": 180, "texture": "#0"},
				"down": {"uv": [15.5, 8.5, 16, 9], "texture": "#0"}
			}
		},
		{
			"name": "egg_axolotl_48",
			"from": [0, 6.5, 8],
			"to": [1.5, 7, 8.5],
			"rotation": {"angle": 0, "axis": "x", "origin": [0, 0, 16]},
			"faces": {
				"north": {"uv": [0, 9.5, 1.5, 9], "rotation": 180, "texture": "#0"},
				"east": {"uv": [1, 9, 1.5, 9.5], "texture": "#0"},
				"south": {"uv": [0, 9, 1.5, 9.5], "texture": "#0"},
				"west": {"uv": [0, 9, 0.5, 9.5], "texture": "#0"},
				"up": {"uv": [1.5, 9, 0, 9.5], "rotation": 180, "texture": "#0"},
				"down": {"uv": [0, 9, 1.5, 9.5], "texture": "#0"}
			}
		},
		{
			"name": "egg_axolotl_49",
			"from": [2, 6.5, 8],
			"to": [2.5, 7, 8.5],
			"rotation": {"angle": 0, "axis": "x", "origin": [0, 0, 16]},
			"faces": {
				"north": {"uv": [2, 9.5, 2.5, 9], "rotation": 180, "texture": "#0"},
				"east": {"uv": [2, 9, 2.5, 9.5], "texture": "#0"},
				"south": {"uv": [2, 9, 2.5, 9.5], "texture": "#0"},
				"west": {"uv": [2, 9, 2.5, 9.5], "texture": "#0"},
				"up": {"uv": [2.5, 9, 2, 9.5], "rotation": 180, "texture": "#0"},
				"down": {"uv": [2, 9, 2.5, 9.5], "texture": "#0"}
			}
		},
		{
			"name": "egg_axolotl_50",
			"from": [13.5, 6.5, 8],
			"to": [14, 7, 8.5],
			"rotation": {"angle": 0, "axis": "x", "origin": [0, 0, 16]},
			"faces": {
				"north": {"uv": [13.5, 9.5, 14, 9], "rotation": 180, "texture": "#0"},
				"east": {"uv": [13.5, 9, 14, 9.5], "texture": "#0"},
				"south": {"uv": [13.5, 9, 14, 9.5], "texture": "#0"},
				"west": {"uv": [13.5, 9, 14, 9.5], "texture": "#0"},
				"up": {"uv": [14, 9, 13.5, 9.5], "rotation": 180, "texture": "#0"},
				"down": {"uv": [13.5, 9, 14, 9.5], "texture": "#0"}
			}
		},
		{
			"name": "egg_axolotl_51",
			"from": [15, 6, 8],
			"to": [15.5, 7, 8.5],
			"rotation": {"angle": 0, "axis": "x", "origin": [0, 0, 16]},
			"faces": {
				"north": {"uv": [15, 10, 15.5, 9], "rotation": 180, "texture": "#0"},
				"east": {"uv": [15, 9, 15.5, 10], "texture": "#0"},
				"south": {"uv": [15, 9, 15.5, 10], "texture": "#0"},
				"west": {"uv": [15, 9, 15.5, 10], "texture": "#0"},
				"up": {"uv": [15.5, 9, 15, 9.5], "rotation": 180, "texture": "#0"},
				"down": {"uv": [15, 9.5, 15.5, 10], "texture": "#0"}
			}
		},
		{
			"name": "egg_axolotl_52",
			"from": [1, 6, 8],
			"to": [1.5, 6.5, 8.5],
			"rotation": {"angle": 0, "axis": "x", "origin": [0, 0, 16]},
			"faces": {
				"north": {"uv": [1, 10, 1.5, 9.5], "rotation": 180, "texture": "#0"},
				"east": {"uv": [1, 9.5, 1.5, 10], "texture": "#0"},
				"south": {"uv": [1, 9.5, 1.5, 10], "texture": "#0"},
				"west": {"uv": [1, 9.5, 1.5, 10], "texture": "#0"},
				"up": {"uv": [1.5, 9.5, 1, 10], "rotation": 180, "texture": "#0"},
				"down": {"uv": [1, 9.5, 1.5, 10], "texture": "#0"}
			}
		},
		{
			"name": "egg_axolotl_53",
			"from": [15.5, 6, 8],
			"to": [16, 6.5, 8.5],
			"rotation": {"angle": 0, "axis": "x", "origin": [0, 0, 16]},
			"faces": {
				"north": {"uv": [15.5, 10, 16, 9.5], "rotation": 180, "texture": "#0"},
				"east": {"uv": [15.5, 9.5, 16, 10], "texture": "#0"},
				"south": {"uv": [15.5, 9.5, 16, 10], "texture": "#0"},
				"west": {"uv": [15.5, 9.5, 16, 10], "texture": "#0"},
				"up": {"uv": [16, 9.5, 15.5, 10], "rotation": 180, "texture": "#0"},
				"down": {"uv": [15.5, 9.5, 16, 10], "texture": "#0"}
			}
		},
		{
			"name": "egg_axolotl_54",
			"from": [4, 4, 8],
			"to": [4.5, 5, 8.5],
			"rotation": {"angle": 0, "axis": "x", "origin": [0, 0, 16]},
			"faces": {
				"north": {"uv": [4, 12, 4.5, 11], "rotation": 180, "texture": "#0"},
				"east": {"uv": [4, 11, 4.5, 12], "texture": "#0"},
				"south": {"uv": [4, 11, 4.5, 12], "texture": "#0"},
				"west": {"uv": [4, 11, 4.5, 12], "texture": "#0"},
				"up": {"uv": [4.5, 11, 4, 11.5], "rotation": 180, "texture": "#0"},
				"down": {"uv": [4, 11.5, 4.5, 12], "texture": "#0"}
			}
		},
		{
			"name": "egg_axolotl_55",
			"from": [11.5, 4, 8],
			"to": [12, 5, 8.5],
			"rotation": {"angle": 0, "axis": "x", "origin": [0, 0, 16]},
			"faces": {
				"north": {"uv": [11.5, 12, 12, 11], "rotation": 180, "texture": "#0"},
				"east": {"uv": [11.5, 11, 12, 12], "texture": "#0"},
				"south": {"uv": [11.5, 11, 12, 12], "texture": "#0"},
				"west": {"uv": [11.5, 11, 12, 12], "texture": "#0"},
				"up": {"uv": [12, 11, 11.5, 11.5], "rotation": 180, "texture": "#0"},
				"down": {"uv": [11.5, 11.5, 12, 12], "texture": "#0"}
			}
		},
		{
			"name": "egg_axolotl_56",
			"from": [6.5, 2.5, 8],
			"to": [9.5, 3, 8.5],
			"rotation": {"angle": 0, "axis": "x", "origin": [0, 0, 16]},
			"faces": {
				"north": {"uv": [6.5, 13.5, 9.5, 13], "rotation": 180, "texture": "#0"},
				"east": {"uv": [9, 13, 9.5, 13.5], "texture": "#0"},
				"south": {"uv": [6.5, 13, 9.5, 13.5], "texture": "#0"},
				"west": {"uv": [6.5, 13, 7, 13.5], "texture": "#0"},
				"up": {"uv": [9.5, 13, 6.5, 13.5], "rotation": 180, "texture": "#0"},
				"down": {"uv": [6.5, 13, 9.5, 13.5], "texture": "#0"}
			}
		}
	],
	"groups": [
		{
			"name": "egg_axolotl",
			"origin": [8, 8, 8],
			"children": [0, 1, 2, 3, 4, 5, 6, 7, 8, 9, 10, 11, 12, 13, 14, 15, 16, 17, 18, 19, 20, 21, 22, 23, 24, 25, 26, 27, 28, 29, 30, 31, 32, 33, 34, 35, 36, 37, 38, 39, 40, 41, 42, 43, 44, 45, 46, 47, 48, 49, 50, 51, 52, 53, 54, 55, 56]
		}
	]
}