{
	"credit": "Made with Blockbench",
	"parent": "item/spawn_egg_master",
	"textures": {
		"0": "item/egg_goat",
		"particle": "item/egg_goat"
	},
	"elements": [
		{
			"name": "egg_goat_0",
			"from": [3, 14, 8],
			"to": [4, 15, 8.5],
			"rotation": {"angle": 0, "axis": "x", "origin": [8, 0, 16]},
			"faces": {
				"north": {"uv": [3, 1, 4, 0], "rotation": 180, "texture": "#0"},
				"east": {"uv": [3.5, 0, 4, 1], "texture": "#0"},
				"south": {"uv": [3, 0, 4, 1], "texture": "#0"},
				"west": {"uv": [3, 0, 3.5, 1], "texture": "#0"},
				"up": {"uv": [4, 0, 3, 0.5], "rotation": 180, "texture": "#0"},
				"down": {"uv": [3, 0.5, 4, 1], "texture": "#0"}
			}
		},
		{
			"name": "egg_goat_1",
			"from": [10.5, 14, 8],
			"to": [11.5, 15, 8.5],
			"rotation": {"angle": 0, "axis": "x", "origin": [8, 0, 16]},
			"faces": {
				"north": {"uv": [10.5, 1, 11.5, 0], "rotation": 180, "texture": "#0"},
				"east": {"uv": [11, 0, 11.5, 1], "texture": "#0"},
				"south": {"uv": [10.5, 0, 11.5, 1], "texture": "#0"},
				"west": {"uv": [10.5, 0, 11, 1], "texture": "#0"},
				"up": {"uv": [11.5, 0, 10.5, 0.5], "rotation": 180, "texture": "#0"},
				"down": {"uv": [10.5, 0.5, 11.5, 1], "texture": "#0"}
			}
		},
		{
			"name": "egg_goat_2",
			"from": [4, 1.5, 8],
			"to": [4.5, 14.5, 8.5],
			"rotation": {"angle": 0, "axis": "x", "origin": [8, 0, 16]},
			"faces": {
				"north": {"uv": [4, 13.5, 4.5, 0.5], "rotation": 180, "texture": "#0"},
				"east": {"uv": [4, 0.5, 4.5, 13.5], "texture": "#0"},
				"south": {"uv": [4, 0.5, 4.5, 13.5], "texture": "#0"},
				"west": {"uv": [4, 0.5, 4.5, 13.5], "texture": "#0"},
				"up": {"uv": [4.5, 0.5, 4, 1], "rotation": 180, "texture": "#0"},
				"down": {"uv": [4, 13, 4.5, 13.5], "texture": "#0"}
			}
		},
		{
			"name": "egg_goat_3",
			"from": [10, 1, 8],
			"to": [10.5, 14.5, 8.5],
			"rotation": {"angle": 0, "axis": "x", "origin": [8, 0, 16]},
			"faces": {
				"north": {"uv": [10, 14, 10.5, 0.5], "rotation": 180, "texture": "#0"},
				"east": {"uv": [10, 0.5, 10.5, 14], "texture": "#0"},
				"south": {"uv": [10, 0.5, 10.5, 14], "texture": "#0"},
				"west": {"uv": [10, 0.5, 10.5, 14], "texture": "#0"},
				"up": {"uv": [10.5, 0.5, 10, 1], "rotation": 180, "texture": "#0"},
				"down": {"uv": [10, 13.5, 10.5, 14], "texture": "#0"}
			}
		},
		{
			"name": "egg_goat_4",
			"from": [3.5, 13.5, 8],
			"to": [4, 14, 8.5],
			"rotation": {"angle": 0, "axis": "x", "origin": [8, 0, 16]},
			"faces": {
				"north": {"uv": [3.5, 1.5, 4, 1], "rotation": 180, "texture": "#0"},
				"east": {"uv": [3.5, 1, 4, 1.5], "texture": "#0"},
				"south": {"uv": [3.5, 1, 4, 1.5], "texture": "#0"},
				"west": {"uv": [3.5, 1, 4, 1.5], "texture": "#0"},
				"up": {"uv": [4, 1, 3.5, 1.5], "rotation": 180, "texture": "#0"},
				"down": {"uv": [3.5, 1, 4, 1.5], "texture": "#0"}
			}
		},
		{
			"name": "egg_goat_5",
			"from": [4.5, 1.5, 8],
			"to": [5, 14, 8.5],
			"rotation": {"angle": 0, "axis": "x", "origin": [8, 0, 16]},
			"faces": {
				"north": {"uv": [4.5, 13.5, 5, 1], "rotation": 180, "texture": "#0"},
				"east": {"uv": [4.5, 1, 5, 13.5], "texture": "#0"},
				"south": {"uv": [4.5, 1, 5, 13.5], "texture": "#0"},
				"west": {"uv": [4.5, 1, 5, 13.5], "texture": "#0"},
				"up": {"uv": [5, 1, 4.5, 1.5], "rotation": 180, "texture": "#0"},
				"down": {"uv": [4.5, 13, 5, 13.5], "texture": "#0"}
			}
		},
		{
			"name": "egg_goat_6",
			"from": [9.5, 1, 8],
			"to": [10, 14, 8.5],
			"rotation": {"angle": 0, "axis": "x", "origin": [8, 0, 16]},
			"faces": {
				"north": {"uv": [9.5, 14, 10, 1], "rotation": 180, "texture": "#0"},
				"east": {"uv": [9.5, 1, 10, 14], "texture": "#0"},
				"south": {"uv": [9.5, 1, 10, 14], "texture": "#0"},
				"west": {"uv": [9.5, 1, 10, 14], "texture": "#0"},
				"up": {"uv": [10, 1, 9.5, 1.5], "rotation": 180, "texture": "#0"},
				"down": {"uv": [9.5, 13.5, 10, 14], "texture": "#0"}
			}
		},
		{
			"name": "egg_goat_7",
			"from": [10.5, 13, 8],
			"to": [11, 14, 8.5],
			"rotation": {"angle": 0, "axis": "x", "origin": [8, 0, 16]},
			"faces": {
				"north": {"uv": [10.5, 2, 11, 1], "rotation": 180, "texture": "#0"},
				"east": {"uv": [10.5, 1, 11, 2], "texture": "#0"},
				"south": {"uv": [10.5, 1, 11, 2], "texture": "#0"},
				"west": {"uv": [10.5, 1, 11, 2], "texture": "#0"},
				"up": {"uv": [11, 1, 10.5, 1.5], "rotation": 180, "texture": "#0"},
				"down": {"uv": [10.5, 1.5, 11, 2], "texture": "#0"}
			}
		},
		{
			"name": "egg_goat_8",
			"from": [5, 1, 8],
			"to": [5.5, 13, 8.5],
			"rotation": {"angle": 0, "axis": "x", "origin": [8, 0, 16]},
			"faces": {
				"north": {"uv": [5, 14, 5.5, 2], "rotation": 180, "texture": "#0"},
				"east": {"uv": [5, 2, 5.5, 14], "texture": "#0"},
				"south": {"uv": [5, 2, 5.5, 14], "texture": "#0"},
				"west": {"uv": [5, 2, 5.5, 14], "texture": "#0"},
				"up": {"uv": [5.5, 2, 5, 2.5], "rotation": 180, "texture": "#0"},
				"down": {"uv": [5, 13.5, 5.5, 14], "texture": "#0"}
			}
		},
		{
			"name": "egg_goat_9",
			"from": [6, 0.5, 8],
			"to": [9.5, 13, 8.5],
			"rotation": {"angle": 0, "axis": "x", "origin": [8, 0, 16]},
			"faces": {
				"north": {"uv": [6, 14.5, 9.5, 2], "rotation": 180, "texture": "#0"},
				"east": {"uv": [9, 2, 9.5, 14.5], "texture": "#0"},
				"south": {"uv": [6, 2, 9.5, 14.5], "texture": "#0"},
				"west": {"uv": [6, 2, 6.5, 14.5], "texture": "#0"},
				"up": {"uv": [9.5, 2, 6, 2.5], "rotation": 180, "texture": "#0"},
				"down": {"uv": [6, 14, 9.5, 14.5], "texture": "#0"}
			}
		},
		{
			"name": "egg_goat_10",
			"from": [5.5, 1, 8],
			"to": [6, 12.5, 8.5],
			"rotation": {"angle": 0, "axis": "x", "origin": [8, 0, 16]},
			"faces": {
				"north": {"uv": [5.5, 14, 6, 2.5], "rotation": 180, "texture": "#0"},
				"east": {"uv": [5.5, 2.5, 6, 14], "texture": "#0"},
				"south": {"uv": [5.5, 2.5, 6, 14], "texture": "#0"},
				"west": {"uv": [5.5, 2.5, 6, 14], "texture": "#0"},
				"up": {"uv": [6, 2.5, 5.5, 3], "rotation": 180, "texture": "#0"},
				"down": {"uv": [5.5, 13.5, 6, 14], "texture": "#0"}
			}
		},
		{
			"name": "egg_goat_11",
			"from": [10.5, 1.5, 8],
			"to": [11.5, 12, 8.5],
			"rotation": {"angle": 0, "axis": "x", "origin": [8, 0, 16]},
			"faces": {
				"north": {"uv": [10.5, 13.5, 11.5, 3], "rotation": 180, "texture": "#0"},
				"east": {"uv": [11, 3, 11.5, 13.5], "texture": "#0"},
				"south": {"uv": [10.5, 3, 11.5, 13.5], "texture": "#0"},
				"west": {"uv": [10.5, 3, 11, 13.5], "texture": "#0"},
				"up": {"uv": [11.5, 3, 10.5, 3.5], "rotation": 180, "texture": "#0"},
				"down": {"uv": [10.5, 13, 11.5, 13.5], "texture": "#0"}
			}
		},
		{
			"name": "egg_goat_12",
			"from": [3.5, 2, 8],
			"to": [4, 11.5, 8.5],
			"rotation": {"angle": 0, "axis": "x", "origin": [8, 0, 16]},
			"faces": {
				"north": {"uv": [3.5, 13, 4, 3.5], "rotation": 180, "texture": "#0"},
				"east": {"uv": [3.5, 3.5, 4, 13], "texture": "#0"},
				"south": {"uv": [3.5, 3.5, 4, 13], "texture": "#0"},
				"west": {"uv": [3.5, 3.5, 4, 13], "texture": "#0"},
				"up": {"uv": [4, 3.5, 3.5, 4], "rotation": 180, "texture": "#0"},
				"down": {"uv": [3.5, 12.5, 4, 13], "texture": "#0"}
			}
		},
		{
			"name": "egg_goat_13",
			"from": [11.5, 2, 8],
			"to": [12, 11.5, 8.5],
			"rotation": {"angle": 0, "axis": "x", "origin": [8, 0, 16]},
			"faces": {
				"north": {"uv": [11.5, 13, 12, 3.5], "rotation": 180, "texture": "#0"},
				"east": {"uv": [11.5, 3.5, 12, 13], "texture": "#0"},
				"south": {"uv": [11.5, 3.5, 12, 13], "texture": "#0"},
				"west": {"uv": [11.5, 3.5, 12, 13], "texture": "#0"},
				"up": {"uv": [12, 3.5, 11.5, 4], "rotation": 180, "texture": "#0"},
				"down": {"uv": [11.5, 12.5, 12, 13], "texture": "#0"}
			}
		},
		{
			"name": "egg_goat_14",
			"from": [3, 2.5, 8],
			"to": [3.5, 11, 8.5],
			"rotation": {"angle": 0, "axis": "x", "origin": [8, 0, 16]},
			"faces": {
				"north": {"uv": [3, 12.5, 3.5, 4], "rotation": 180, "texture": "#0"},
				"east": {"uv": [3, 4, 3.5, 12.5], "texture": "#0"},
				"south": {"uv": [3, 4, 3.5, 12.5], "texture": "#0"},
				"west": {"uv": [3, 4, 3.5, 12.5], "texture": "#0"},
				"up": {"uv": [3.5, 4, 3, 4.5], "rotation": 180, "texture": "#0"},
				"down": {"uv": [3, 12, 3.5, 12.5], "texture": "#0"}
			}
		},
		{
			"name": "egg_goat_15",
			"from": [12, 2.5, 8],
			"to": [12.5, 11, 8.5],
			"rotation": {"angle": 0, "axis": "x", "origin": [8, 0, 16]},
			"faces": {
				"north": {"uv": [12, 12.5, 12.5, 4], "rotation": 180, "texture": "#0"},
				"east": {"uv": [12, 4, 12.5, 12.5], "texture": "#0"},
				"south": {"uv": [12, 4, 12.5, 12.5], "texture": "#0"},
				"west": {"uv": [12, 4, 12.5, 12.5], "texture": "#0"},
				"up": {"uv": [12.5, 4, 12, 4.5], "rotation": 180, "texture": "#0"},
				"down": {"uv": [12, 12, 12.5, 12.5], "texture": "#0"}
			}
		},
		{
			"name": "egg_goat_16",
			"from": [2.5, 3, 8],
			"to": [3, 10.5, 8.5],
			"rotation": {"angle": 0, "axis": "x", "origin": [8, 0, 16]},
			"faces": {
				"north": {"uv": [2.5, 12, 3, 4.5], "rotation": 180, "texture": "#0"},
				"east": {"uv": [2.5, 4.5, 3, 12], "texture": "#0"},
				"south": {"uv": [2.5, 4.5, 3, 12], "texture": "#0"},
				"west": {"uv": [2.5, 4.5, 3, 12], "texture": "#0"},
				"up": {"uv": [3, 4.5, 2.5, 5], "rotation": 180, "texture": "#0"},
				"down": {"uv": [2.5, 11.5, 3, 12], "texture": "#0"}
			}
		},
		{
			"name": "egg_goat_17",
			"from": [12.5, 3, 8],
			"to": [13, 10.5, 8.5],
			"rotation": {"angle": 0, "axis": "x", "origin": [8, 0, 16]},
			"faces": {
				"north": {"uv": [12.5, 12, 13, 4.5], "rotation": 180, "texture": "#0"},
				"east": {"uv": [12.5, 4.5, 13, 12], "texture": "#0"},
				"south": {"uv": [12.5, 4.5, 13, 12], "texture": "#0"},
				"west": {"uv": [12.5, 4.5, 13, 12], "texture": "#0"},
				"up": {"uv": [13, 4.5, 12.5, 5], "rotation": 180, "texture": "#0"},
				"down": {"uv": [12.5, 11.5, 13, 12], "texture": "#0"}
			}
		},
		{
			"name": "egg_goat_18",
			"from": [2, 4, 8],
			"to": [2.5, 9.5, 8.5],
			"rotation": {"angle": 0, "axis": "x", "origin": [8, 0, 16]},
			"faces": {
				"north": {"uv": [2, 11, 2.5, 5.5], "rotation": 180, "texture": "#0"},
				"east": {"uv": [2, 5.5, 2.5, 11], "texture": "#0"},
				"south": {"uv": [2, 5.5, 2.5, 11], "texture": "#0"},
				"west": {"uv": [2, 5.5, 2.5, 11], "texture": "#0"},
				"up": {"uv": [2.5, 5.5, 2, 6], "rotation": 180, "texture": "#0"},
				"down": {"uv": [2, 10.5, 2.5, 11], "texture": "#0"}
			}
		},
		{
			"name": "egg_goat_19",
			"from": [13, 4, 8],
			"to": [13.5, 9.5, 8.5],
			"rotation": {"angle": 0, "axis": "x", "origin": [8, 0, 16]},
			"faces": {
				"north": {"uv": [13, 11, 13.5, 5.5], "rotation": 180, "texture": "#0"},
				"east": {"uv": [13, 5.5, 13.5, 11], "texture": "#0"},
				"south": {"uv": [13, 5.5, 13.5, 11], "texture": "#0"},
				"west": {"uv": [13, 5.5, 13.5, 11], "texture": "#0"},
				"up": {"uv": [13.5, 5.5, 13, 6], "rotation": 180, "texture": "#0"},
				"down": {"uv": [13, 10.5, 13.5, 11], "texture": "#0"}
			}
		},
		{
			"name": "egg_goat_20",
			"from": [1.5, 5, 8],
			"to": [2, 8.5, 8.5],
			"rotation": {"angle": 0, "axis": "x", "origin": [8, 0, 16]},
			"faces": {
				"north": {"uv": [1.5, 10, 2, 6.5], "rotation": 180, "texture": "#0"},
				"east": {"uv": [1.5, 6.5, 2, 10], "texture": "#0"},
				"south": {"uv": [1.5, 6.5, 2, 10], "texture": "#0"},
				"west": {"uv": [1.5, 6.5, 2, 10], "texture": "#0"},
				"up": {"uv": [2, 6.5, 1.5, 7], "rotation": 180, "texture": "#0"},
				"down": {"uv": [1.5, 9.5, 2, 10], "texture": "#0"}
			}
		},
		{
			"name": "egg_goat_21",
			"from": [13.5, 5, 8],
			"to": [14, 8.5, 8.5],
			"rotation": {"angle": 0, "axis": "x", "origin": [8, 0, 16]},
			"faces": {
				"north": {"uv": [13.5, 10, 14, 6.5], "rotation": 180, "texture": "#0"},
				"east": {"uv": [13.5, 6.5, 14, 10], "texture": "#0"},
				"south": {"uv": [13.5, 6.5, 14, 10], "texture": "#0"},
				"west": {"uv": [13.5, 6.5, 14, 10], "texture": "#0"},
				"up": {"uv": [14, 6.5, 13.5, 7], "rotation": 180, "texture": "#0"},
				"down": {"uv": [13.5, 9.5, 14, 10], "texture": "#0"}
			}
		}
	],
	"groups": [
		{
			"name": "egg_goat",
			"origin": [8, 8, 8],
			"children": [0, 1, 2, 3, 4, 5, 6, 7, 8, 9, 10, 11, 12, 13, 14, 15, 16, 17, 18, 19, 20, 21]
		}
	]
}