{
	"credit": "Made with Blockbench",
	"parent": "item/spawn_egg_master",
	"textures": {
		"egg": "#egg"
	},
	"elements": [
		{
			"name": "egg_enderman_0",
			"from": [8, 1, 8],
			"to": [11.5, 15.5, 9],
			"faces": {
				"north": {"uv": [8, 15, 11.5, 0.5], "rotation": 180, "texture": "#egg"},
				"east": {"uv": [11, 0.5, 11.5, 15], "texture": "#egg"},
				"south": {"uv": [8, 0.5, 11.5, 15], "texture": "#egg"},
				"west": {"uv": [8, 0.5, 8.5, 15], "texture": "#egg"},
				"up": {"uv": [11.5, 0.5, 8, 1], "rotation": 180, "texture": "#egg"},
				"down": {"uv": [8, 14.5, 11.5, 15], "texture": "#egg"}
			}
		},
		{
			"name": "egg_enderman_1",
			"from": [6.5, 0, 8],
			"to": [8, 15, 9],
			"faces": {
				"north": {"uv": [6.5, 16, 8, 1], "rotation": 180, "texture": "#egg"},
				"east": {"uv": [7.5, 1, 8, 16], "texture": "#egg"},
				"south": {"uv": [6.5, 1, 8, 16], "texture": "#egg"},
				"west": {"uv": [6.5, 1, 7, 16], "texture": "#egg"},
				"up": {"uv": [8, 1, 6.5, 1.5], "rotation": 180, "texture": "#egg"},
				"down": {"uv": [6.5, 15.5, 8, 16], "texture": "#egg"}
			}
		},
		{
			"name": "egg_enderman_2",
			"from": [11.5, 1.5, 8],
			"to": [12.5, 15, 9],
			"faces": {
				"north": {"uv": [11.5, 14.5, 12.5, 1], "rotation": 180, "texture": "#egg"},
				"east": {"uv": [12, 1, 12.5, 14.5], "texture": "#egg"},
				"south": {"uv": [11.5, 1, 12.5, 14.5], "texture": "#egg"},
				"west": {"uv": [11.5, 1, 12, 14.5], "texture": "#egg"},
				"up": {"uv": [12.5, 1, 11.5, 1.5], "rotation": 180, "texture": "#egg"},
				"down": {"uv": [11.5, 14, 12.5, 14.5], "texture": "#egg"}
			}
		},
		{
			"name": "egg_enderman_3",
			"from": [5.5, 0.5, 8],
			"to": [6.5, 14.5, 9],
			"faces": {
				"north": {"uv": [5.5, 15.5, 6.5, 1.5], "rotation": 180, "texture": "#egg"},
				"east": {"uv": [6, 1.5, 6.5, 15.5], "texture": "#egg"},
				"south": {"uv": [5.5, 1.5, 6.5, 15.5], "texture": "#egg"},
				"west": {"uv": [5.5, 1.5, 6, 15.5], "texture": "#egg"},
				"up": {"uv": [6.5, 1.5, 5.5, 2], "rotation": 180, "texture": "#egg"},
				"down": {"uv": [5.5, 15, 6.5, 15.5], "texture": "#egg"}
			}
		},
		{
			"name": "egg_enderman_4",
			"from": [12.5, 2, 8],
			"to": [13, 14.5, 9],
			"faces": {
				"north": {"uv": [12.5, 14, 13, 1.5], "rotation": 180, "texture": "#egg"},
				"east": {"uv": [12.5, 1.5, 13, 14], "texture": "#egg"},
				"south": {"uv": [12.5, 1.5, 13, 14], "texture": "#egg"},
				"west": {"uv": [12.5, 1.5, 13, 14], "texture": "#egg"},
				"up": {"uv": [13, 1.5, 12.5, 2], "rotation": 180, "texture": "#egg"},
				"down": {"uv": [12.5, 13.5, 13, 14], "texture": "#egg"}
			}
		},
		{
			"name": "egg_enderman_5",
			"from": [4.5, 0.5, 8],
			"to": [5.5, 14, 9],
			"faces": {
				"north": {"uv": [4.5, 15.5, 5.5, 2], "rotation": 180, "texture": "#egg"},
				"east": {"uv": [5, 2, 5.5, 15.5], "texture": "#egg"},
				"south": {"uv": [4.5, 2, 5.5, 15.5], "texture": "#egg"},
				"west": {"uv": [4.5, 2, 5, 15.5], "texture": "#egg"},
				"up": {"uv": [5.5, 2, 4.5, 2.5], "rotation": 180, "texture": "#egg"},
				"down": {"uv": [4.5, 15, 5.5, 15.5], "texture": "#egg"}
			}
		},
		{
			"name": "egg_enderman_6",
			"from": [13, 2.5, 8],
			"to": [13.5, 14, 9],
			"faces": {
				"north": {"uv": [13, 13.5, 13.5, 2], "rotation": 180, "texture": "#egg"},
				"east": {"uv": [13, 2, 13.5, 13.5], "texture": "#egg"},
				"south": {"uv": [13, 2, 13.5, 13.5], "texture": "#egg"},
				"west": {"uv": [13, 2, 13.5, 13.5], "texture": "#egg"},
				"up": {"uv": [13.5, 2, 13, 2.5], "rotation": 180, "texture": "#egg"},
				"down": {"uv": [13, 13, 13.5, 13.5], "texture": "#egg"}
			}
		},
		{
			"name": "egg_enderman_7",
			"from": [4, 1, 8],
			"to": [4.5, 13.5, 9],
			"faces": {
				"north": {"uv": [4, 15, 4.5, 2.5], "rotation": 180, "texture": "#egg"},
				"east": {"uv": [4, 2.5, 4.5, 15], "texture": "#egg"},
				"south": {"uv": [4, 2.5, 4.5, 15], "texture": "#egg"},
				"west": {"uv": [4, 2.5, 4.5, 15], "texture": "#egg"},
				"up": {"uv": [4.5, 2.5, 4, 3], "rotation": 180, "texture": "#egg"},
				"down": {"uv": [4, 14.5, 4.5, 15], "texture": "#egg"}
			}
		},
		{
			"name": "egg_enderman_8",
			"from": [3.5, 1, 8],
			"to": [4, 13, 9],
			"faces": {
				"north": {"uv": [3.5, 15, 4, 3], "rotation": 180, "texture": "#egg"},
				"east": {"uv": [3.5, 3, 4, 15], "texture": "#egg"},
				"south": {"uv": [3.5, 3, 4, 15], "texture": "#egg"},
				"west": {"uv": [3.5, 3, 4, 15], "texture": "#egg"},
				"up": {"uv": [4, 3, 3.5, 3.5], "rotation": 180, "texture": "#egg"},
				"down": {"uv": [3.5, 14.5, 4, 15], "texture": "#egg"}
			}
		},
		{
			"name": "egg_enderman_9",
			"from": [13.5, 3.5, 8],
			"to": [14, 13, 9],
			"faces": {
				"north": {"uv": [13.5, 12.5, 14, 3], "rotation": 180, "texture": "#egg"},
				"east": {"uv": [13.5, 3, 14, 12.5], "texture": "#egg"},
				"south": {"uv": [13.5, 3, 14, 12.5], "texture": "#egg"},
				"west": {"uv": [13.5, 3, 14, 12.5], "texture": "#egg"},
				"up": {"uv": [14, 3, 13.5, 3.5], "rotation": 180, "texture": "#egg"},
				"down": {"uv": [13.5, 12, 14, 12.5], "texture": "#egg"}
			}
		},
		{
			"name": "egg_enderman_10",
			"from": [3, 1.5, 8],
			"to": [3.5, 12.5, 9],
			"faces": {
				"north": {"uv": [3, 14.5, 3.5, 3.5], "rotation": 180, "texture": "#egg"},
				"east": {"uv": [3, 3.5, 3.5, 14.5], "texture": "#egg"},
				"south": {"uv": [3, 3.5, 3.5, 14.5], "texture": "#egg"},
				"west": {"uv": [3, 3.5, 3.5, 14.5], "texture": "#egg"},
				"up": {"uv": [3.5, 3.5, 3, 4], "rotation": 180, "texture": "#egg"},
				"down": {"uv": [3, 14, 3.5, 14.5], "texture": "#egg"}
			}
		},
		{
			"name": "egg_enderman_11",
			"from": [2.5, 2, 8],
			"to": [3, 12, 9],
			"faces": {
				"north": {"uv": [2.5, 14, 3, 4], "rotation": 180, "texture": "#egg"},
				"east": {"uv": [2.5, 4, 3, 14], "texture": "#egg"},
				"south": {"uv": [2.5, 4, 3, 14], "texture": "#egg"},
				"west": {"uv": [2.5, 4, 3, 14], "texture": "#egg"},
				"up": {"uv": [3, 4, 2.5, 4.5], "rotation": 180, "texture": "#egg"},
				"down": {"uv": [2.5, 13.5, 3, 14], "texture": "#egg"}
			}
		},
		{
			"name": "egg_enderman_12",
			"from": [14, 4.5, 8],
			"to": [14.5, 12, 9],
			"faces": {
				"north": {"uv": [14, 11.5, 14.5, 4], "rotation": 180, "texture": "#egg"},
				"east": {"uv": [14, 4, 14.5, 11.5], "texture": "#egg"},
				"south": {"uv": [14, 4, 14.5, 11.5], "texture": "#egg"},
				"west": {"uv": [14, 4, 14.5, 11.5], "texture": "#egg"},
				"up": {"uv": [14.5, 4, 14, 4.5], "rotation": 180, "texture": "#egg"},
				"down": {"uv": [14, 11, 14.5, 11.5], "texture": "#egg"}
			}
		},
		{
			"name": "egg_enderman_13",
			"from": [2, 2.5, 8],
			"to": [2.5, 11, 9],
			"faces": {
				"north": {"uv": [2, 13.5, 2.5, 5], "rotation": 180, "texture": "#egg"},
				"east": {"uv": [2, 5, 2.5, 13.5], "texture": "#egg"},
				"south": {"uv": [2, 5, 2.5, 13.5], "texture": "#egg"},
				"west": {"uv": [2, 5, 2.5, 13.5], "texture": "#egg"},
				"up": {"uv": [2.5, 5, 2, 5.5], "rotation": 180, "texture": "#egg"},
				"down": {"uv": [2, 13, 2.5, 13.5], "texture": "#egg"}
			}
		},
		{
			"name": "egg_enderman_14",
			"from": [1.5, 3.5, 8],
			"to": [2, 10, 9],
			"faces": {
				"north": {"uv": [1.5, 12.5, 2, 6], "rotation": 180, "texture": "#egg"},
				"east": {"uv": [1.5, 6, 2, 12.5], "texture": "#egg"},
				"south": {"uv": [1.5, 6, 2, 12.5], "texture": "#egg"},
				"west": {"uv": [1.5, 6, 2, 12.5], "texture": "#egg"},
				"up": {"uv": [2, 6, 1.5, 6.5], "rotation": 180, "texture": "#egg"},
				"down": {"uv": [1.5, 12, 2, 12.5], "texture": "#egg"}
			}
		},
		{
			"name": "egg_enderman_15",
			"from": [14.5, 5.5, 8],
			"to": [15, 10, 9],
			"faces": {
				"north": {"uv": [14.5, 10.5, 15, 6], "rotation": 180, "texture": "#egg"},
				"east": {"uv": [14.5, 6, 15, 10.5], "texture": "#egg"},
				"south": {"uv": [14.5, 6, 15, 10.5], "texture": "#egg"},
				"west": {"uv": [14.5, 6, 15, 10.5], "texture": "#egg"},
				"up": {"uv": [15, 6, 14.5, 6.5], "rotation": 180, "texture": "#egg"},
				"down": {"uv": [14.5, 10, 15, 10.5], "texture": "#egg"}
			}
		},
		{
			"name": "egg_enderman_16",
			"from": [1, 4.5, 8],
			"to": [1.5, 8.5, 9],
			"faces": {
				"north": {"uv": [1, 11.5, 1.5, 7.5], "rotation": 180, "texture": "#egg"},
				"east": {"uv": [1, 7.5, 1.5, 11.5], "texture": "#egg"},
				"south": {"uv": [1, 7.5, 1.5, 11.5], "texture": "#egg"},
				"west": {"uv": [1, 7.5, 1.5, 11.5], "texture": "#egg"},
				"up": {"uv": [1.5, 7.5, 1, 8], "rotation": 180, "texture": "#egg"},
				"down": {"uv": [1, 11, 1.5, 11.5], "texture": "#egg"}
			}
		},
		{
			"name": "egg_enderman_17",
			"from": [11.5, 1, 8],
			"to": [12, 1.5, 9],
			"faces": {
				"north": {"uv": [11.5, 15, 12, 14.5], "rotation": 180, "texture": "#egg"},
				"east": {"uv": [11.5, 14.5, 12, 15], "texture": "#egg"},
				"south": {"uv": [11.5, 14.5, 12, 15], "texture": "#egg"},
				"west": {"uv": [11.5, 14.5, 12, 15], "texture": "#egg"},
				"up": {"uv": [12, 14.5, 11.5, 15], "rotation": 180, "texture": "#egg"},
				"down": {"uv": [11.5, 14.5, 12, 15], "texture": "#egg"}
			}
		},
		{
			"name": "egg_enderman_18",
			"from": [8, 0, 8],
			"to": [9.5, 1, 9],
			"faces": {
				"north": {"uv": [8, 16, 9.5, 15], "rotation": 180, "texture": "#egg"},
				"east": {"uv": [9, 15, 9.5, 16], "texture": "#egg"},
				"south": {"uv": [8, 15, 9.5, 16], "texture": "#egg"},
				"west": {"uv": [8, 15, 8.5, 16], "texture": "#egg"},
				"up": {"uv": [9.5, 15, 8, 15.5], "rotation": 180, "texture": "#egg"},
				"down": {"uv": [8, 15.5, 9.5, 16], "texture": "#egg"}
			}
		},
		{
			"name": "egg_enderman_19",
			"from": [9.5, 0.5, 8],
			"to": [11, 1, 9],
			"faces": {
				"north": {"uv": [9.5, 15.5, 11, 15], "rotation": 180, "texture": "#egg"},
				"east": {"uv": [10.5, 15, 11, 15.5], "texture": "#egg"},
				"south": {"uv": [9.5, 15, 11, 15.5], "texture": "#egg"},
				"west": {"uv": [9.5, 15, 10, 15.5], "texture": "#egg"},
				"up": {"uv": [11, 15, 9.5, 15.5], "rotation": 180, "texture": "#egg"},
				"down": {"uv": [9.5, 15, 11, 15.5], "texture": "#egg"}
			}
		},
		{
			"name": "egg_enderman_20",
			"from": [6, 0, 8],
			"to": [6.5, 0.5, 9],
			"faces": {
				"north": {"uv": [6, 16, 6.5, 15.5], "rotation": 180, "texture": "#egg"},
				"east": {"uv": [6, 15.5, 6.5, 16], "texture": "#egg"},
				"south": {"uv": [6, 15.5, 6.5, 16], "texture": "#egg"},
				"west": {"uv": [6, 15.5, 6.5, 16], "texture": "#egg"},
				"up": {"uv": [6.5, 15.5, 6, 16], "rotation": 180, "texture": "#egg"},
				"down": {"uv": [6, 15.5, 6.5, 16], "texture": "#egg"}
			}
		}
	],
	"groups": [0,
		{
			"name": "egg_enderman",
			"origin": [8, 8, 8],
			"children": [1, 2, 3, 4, 5, 6, 7, 8, 9, 10, 11, 12, 13, 14, 15, 16, 17, 18, 19, 20]
		}
	]
}