{
	"credit": "Made with Blockbench",
	"parent": "item/spawn_egg_master",
	"textures": {
		"egg": "#egg"
	},
	"elements": [
		{
			"name": "spawn_egg_nice_sml_0",
			"from": [6.5, 3, 8],
			"to": [9.5, 13, 9],
			"rotation": {"angle": 0, "axis": "x", "origin": [8, 8, 16]},
			"faces": {
				"north": {"uv": [6.5, 13, 9.5, 3], "rotation": 180, "texture": "#egg"},
				"east": {"uv": [9, 3, 9.5, 13], "texture": "#egg"},
				"south": {"uv": [6.5, 3, 9.5, 13], "texture": "#egg"},
				"west": {"uv": [6.5, 3, 7, 13], "texture": "#egg"},
				"up": {"uv": [9.5, 3, 6.5, 3.5], "rotation": 180, "texture": "#egg"},
				"down": {"uv": [6.5, 12.5, 9.5, 13], "texture": "#egg"}
			}
		},
		{
			"name": "spawn_egg_nice_sml_1",
			"from": [5.5, 3.5, 8],
			"to": [6.5, 12.5, 9],
			"rotation": {"angle": 0, "axis": "x", "origin": [8, 8, 16]},
			"faces": {
				"north": {"uv": [5.5, 12.5, 6.5, 3.5], "rotation": 180, "texture": "#egg"},
				"east": {"uv": [6, 3.5, 6.5, 12.5], "texture": "#egg"},
				"south": {"uv": [5.5, 3.5, 6.5, 12.5], "texture": "#egg"},
				"west": {"uv": [5.5, 3.5, 6, 12.5], "texture": "#egg"},
				"up": {"uv": [6.5, 3.5, 5.5, 4], "rotation": 180, "texture": "#egg"},
				"down": {"uv": [5.5, 12, 6.5, 12.5], "texture": "#egg"}
			}
		},
		{
			"name": "spawn_egg_nice_sml_2",
			"from": [9.5, 3.5, 8],
			"to": [10.5, 12.5, 9],
			"rotation": {"angle": 0, "axis": "x", "origin": [8, 8, 16]},
			"faces": {
				"north": {"uv": [9.5, 12.5, 10.5, 3.5], "rotation": 180, "texture": "#egg"},
				"east": {"uv": [10, 3.5, 10.5, 12.5], "texture": "#egg"},
				"south": {"uv": [9.5, 3.5, 10.5, 12.5], "texture": "#egg"},
				"west": {"uv": [9.5, 3.5, 10, 12.5], "texture": "#egg"},
				"up": {"uv": [10.5, 3.5, 9.5, 4], "rotation": 180, "texture": "#egg"},
				"down": {"uv": [9.5, 12, 10.5, 12.5], "texture": "#egg"}
			}
		},
		{
			"name": "spawn_egg_nice_sml_3",
			"from": [4.5, 4, 8],
			"to": [5.5, 12, 9],
			"rotation": {"angle": 0, "axis": "x", "origin": [8, 8, 16]},
			"faces": {
				"north": {"uv": [4.5, 12, 5.5, 4], "rotation": 180, "texture": "#egg"},
				"east": {"uv": [5, 4, 5.5, 12], "texture": "#egg"},
				"south": {"uv": [4.5, 4, 5.5, 12], "texture": "#egg"},
				"west": {"uv": [4.5, 4, 5, 12], "texture": "#egg"},
				"up": {"uv": [5.5, 4, 4.5, 4.5], "rotation": 180, "texture": "#egg"},
				"down": {"uv": [4.5, 11.5, 5.5, 12], "texture": "#egg"}
			}
		},
		{
			"name": "spawn_egg_nice_sml_4",
			"from": [10.5, 4, 8],
			"to": [11.5, 12, 9],
			"rotation": {"angle": 0, "axis": "x", "origin": [8, 8, 16]},
			"faces": {
				"north": {"uv": [10.5, 12, 11.5, 4], "rotation": 180, "texture": "#egg"},
				"east": {"uv": [11, 4, 11.5, 12], "texture": "#egg"},
				"south": {"uv": [10.5, 4, 11.5, 12], "texture": "#egg"},
				"west": {"uv": [10.5, 4, 11, 12], "texture": "#egg"},
				"up": {"uv": [11.5, 4, 10.5, 4.5], "rotation": 180, "texture": "#egg"},
				"down": {"uv": [10.5, 11.5, 11.5, 12], "texture": "#egg"}
			}
		},
		{
			"name": "spawn_egg_nice_sml_5",
			"from": [4, 4.5, 8],
			"to": [4.5, 11.5, 9],
			"rotation": {"angle": 0, "axis": "x", "origin": [8, 8, 16]},
			"faces": {
				"north": {"uv": [4, 11.5, 4.5, 4.5], "rotation": 180, "texture": "#egg"},
				"east": {"uv": [4, 4.5, 4.5, 11.5], "texture": "#egg"},
				"south": {"uv": [4, 4.5, 4.5, 11.5], "texture": "#egg"},
				"west": {"uv": [4, 4.5, 4.5, 11.5], "texture": "#egg"},
				"up": {"uv": [4.5, 4.5, 4, 5], "rotation": 180, "texture": "#egg"},
				"down": {"uv": [4, 11, 4.5, 11.5], "texture": "#egg"}
			}
		},
		{
			"name": "spawn_egg_nice_sml_6",
			"from": [11.5, 4.5, 8],
			"to": [12, 11.5, 9],
			"rotation": {"angle": 0, "axis": "x", "origin": [8, 8, 16]},
			"faces": {
				"north": {"uv": [11.5, 11.5, 12, 4.5], "rotation": 180, "texture": "#egg"},
				"east": {"uv": [11.5, 4.5, 12, 11.5], "texture": "#egg"},
				"south": {"uv": [11.5, 4.5, 12, 11.5], "texture": "#egg"},
				"west": {"uv": [11.5, 4.5, 12, 11.5], "texture": "#egg"},
				"up": {"uv": [12, 4.5, 11.5, 5], "rotation": 180, "texture": "#egg"},
				"down": {"uv": [11.5, 11, 12, 11.5], "texture": "#egg"}
			}
		},
		{
			"name": "spawn_egg_nice_sml_7",
			"from": [3.5, 5.5, 8],
			"to": [4, 10.5, 9],
			"rotation": {"angle": 0, "axis": "x", "origin": [8, 8, 16]},
			"faces": {
				"north": {"uv": [3.5, 10.5, 4, 5.5], "rotation": 180, "texture": "#egg"},
				"east": {"uv": [3.5, 5.5, 4, 10.5], "texture": "#egg"},
				"south": {"uv": [3.5, 5.5, 4, 10.5], "texture": "#egg"},
				"west": {"uv": [3.5, 5.5, 4, 10.5], "texture": "#egg"},
				"up": {"uv": [4, 5.5, 3.5, 6], "rotation": 180, "texture": "#egg"},
				"down": {"uv": [3.5, 10, 4, 10.5], "texture": "#egg"}
			}
		},
		{
			"name": "spawn_egg_nice_sml_8",
			"from": [12, 5.5, 8],
			"to": [12.5, 10.5, 9],
			"rotation": {"angle": 0, "axis": "x", "origin": [8, 8, 16]},
			"faces": {
				"north": {"uv": [12, 10.5, 12.5, 5.5], "rotation": 180, "texture": "#egg"},
				"east": {"uv": [12, 5.5, 12.5, 10.5], "texture": "#egg"},
				"south": {"uv": [12, 5.5, 12.5, 10.5], "texture": "#egg"},
				"west": {"uv": [12, 5.5, 12.5, 10.5], "texture": "#egg"},
				"up": {"uv": [12.5, 5.5, 12, 6], "rotation": 180, "texture": "#egg"},
				"down": {"uv": [12, 10, 12.5, 10.5], "texture": "#egg"}
			}
		},
		{
			"name": "spawn_egg_nice_sml_9",
			"from": [3, 6.5, 8],
			"to": [3.5, 9.5, 9],
			"rotation": {"angle": 0, "axis": "x", "origin": [8, 8, 16]},
			"faces": {
				"north": {"uv": [3, 9.5, 3.5, 6.5], "rotation": 180, "texture": "#egg"},
				"east": {"uv": [3, 6.5, 3.5, 9.5], "texture": "#egg"},
				"south": {"uv": [3, 6.5, 3.5, 9.5], "texture": "#egg"},
				"west": {"uv": [3, 6.5, 3.5, 9.5], "texture": "#egg"},
				"up": {"uv": [3.5, 6.5, 3, 7], "rotation": 180, "texture": "#egg"},
				"down": {"uv": [3, 9, 3.5, 9.5], "texture": "#egg"}
			}
		},
		{
			"name": "spawn_egg_nice_sml_10",
			"from": [12.5, 6.5, 8],
			"to": [13, 9.5, 9],
			"rotation": {"angle": 0, "axis": "x", "origin": [8, 8, 16]},
			"faces": {
				"north": {"uv": [12.5, 9.5, 13, 6.5], "rotation": 180, "texture": "#egg"},
				"east": {"uv": [12.5, 6.5, 13, 9.5], "texture": "#egg"},
				"south": {"uv": [12.5, 6.5, 13, 9.5], "texture": "#egg"},
				"west": {"uv": [12.5, 6.5, 13, 9.5], "texture": "#egg"},
				"up": {"uv": [13, 6.5, 12.5, 7], "rotation": 180, "texture": "#egg"},
				"down": {"uv": [12.5, 9, 13, 9.5], "texture": "#egg"}
			}
		}
	],
	"groups": [0,
		{
			"name": "spawn_egg_nice_sml",
			"origin": [8, 8, 8],
			"children": [1, 2, 3, 4, 5, 6, 7, 8, 9, 10, 11]
		}
	]
}