{
	"credit": "Made with Blockbench",
	"parent": "item/spawn_egg_master",
	"textures": {
		"egg": "#egg"
	},
	"elements": [
		{
			"name": "egg_creeper_0",
			"from": [7, 1, 8],
			"to": [9, 14.5, 9],
			"rotation": {"angle": 0, "axis": "x", "origin": [8, 8, 16]},
			"faces": {
				"north": {"uv": [7, 15, 9, 1.5], "rotation": 180, "texture": "#egg"},
				"east": {"uv": [8.5, 1.5, 9, 15], "texture": "#egg"},
				"south": {"uv": [7, 1.5, 9, 15], "texture": "#egg"},
				"west": {"uv": [7, 1.5, 7.5, 15], "texture": "#egg"},
				"up": {"uv": [9, 1.5, 7, 2], "rotation": 180, "texture": "#egg"},
				"down": {"uv": [7, 14.5, 9, 15], "texture": "#egg"}
			}
		},
		{
			"name": "egg_creeper_1",
			"from": [6, 1, 8],
			"to": [7, 14, 9],
			"rotation": {"angle": 0, "axis": "x", "origin": [8, 8, 16]},
			"faces": {
				"north": {"uv": [6, 15, 7, 2], "rotation": 180, "texture": "#egg"},
				"east": {"uv": [6.5, 2, 7, 15], "texture": "#egg"},
				"south": {"uv": [6, 2, 7, 15], "texture": "#egg"},
				"west": {"uv": [6, 2, 6.5, 15], "texture": "#egg"},
				"up": {"uv": [7, 2, 6, 2.5], "rotation": 180, "texture": "#egg"},
				"down": {"uv": [6, 14.5, 7, 15], "texture": "#egg"}
			}
		},
		{
			"name": "egg_creeper_2",
			"from": [9, 1, 8],
			"to": [10, 14, 9],
			"rotation": {"angle": 0, "axis": "x", "origin": [8, 8, 16]},
			"faces": {
				"north": {"uv": [9, 15, 10, 2], "rotation": 180, "texture": "#egg"},
				"east": {"uv": [9.5, 2, 10, 15], "texture": "#egg"},
				"south": {"uv": [9, 2, 10, 15], "texture": "#egg"},
				"west": {"uv": [9, 2, 9.5, 15], "texture": "#egg"},
				"up": {"uv": [10, 2, 9, 2.5], "rotation": 180, "texture": "#egg"},
				"down": {"uv": [9, 14.5, 10, 15], "texture": "#egg"}
			}
		},
		{
			"name": "egg_creeper_3",
			"from": [5.5, 1.5, 8],
			"to": [6, 13.5, 9],
			"rotation": {"angle": 0, "axis": "x", "origin": [8, 8, 16]},
			"faces": {
				"north": {"uv": [5.5, 14.5, 6, 2.5], "rotation": 180, "texture": "#egg"},
				"east": {"uv": [5.5, 2.5, 6, 14.5], "texture": "#egg"},
				"south": {"uv": [5.5, 2.5, 6, 14.5], "texture": "#egg"},
				"west": {"uv": [5.5, 2.5, 6, 14.5], "texture": "#egg"},
				"up": {"uv": [6, 2.5, 5.5, 3], "rotation": 180, "texture": "#egg"},
				"down": {"uv": [5.5, 14, 6, 14.5], "texture": "#egg"}
			}
		},
		{
			"name": "egg_creeper_4",
			"from": [10, 1.5, 8],
			"to": [10.5, 13.5, 9],
			"rotation": {"angle": 0, "axis": "x", "origin": [8, 8, 16]},
			"faces": {
				"north": {"uv": [10, 14.5, 10.5, 2.5], "rotation": 180, "texture": "#egg"},
				"east": {"uv": [10, 2.5, 10.5, 14.5], "texture": "#egg"},
				"south": {"uv": [10, 2.5, 10.5, 14.5], "texture": "#egg"},
				"west": {"uv": [10, 2.5, 10.5, 14.5], "texture": "#egg"},
				"up": {"uv": [10.5, 2.5, 10, 3], "rotation": 180, "texture": "#egg"},
				"down": {"uv": [10, 14, 10.5, 14.5], "texture": "#egg"}
			}
		},
		{
			"name": "egg_creeper_5",
			"from": [5, 1.5, 8],
			"to": [5.5, 13, 9],
			"rotation": {"angle": 0, "axis": "x", "origin": [8, 8, 16]},
			"faces": {
				"north": {"uv": [5, 14.5, 5.5, 3], "rotation": 180, "texture": "#egg"},
				"east": {"uv": [5, 3, 5.5, 14.5], "texture": "#egg"},
				"south": {"uv": [5, 3, 5.5, 14.5], "texture": "#egg"},
				"west": {"uv": [5, 3, 5.5, 14.5], "texture": "#egg"},
				"up": {"uv": [5.5, 3, 5, 3.5], "rotation": 180, "texture": "#egg"},
				"down": {"uv": [5, 14, 5.5, 14.5], "texture": "#egg"}
			}
		},
		{
			"name": "egg_creeper_6",
			"from": [10.5, 1.5, 8],
			"to": [11, 13, 9],
			"rotation": {"angle": 0, "axis": "x", "origin": [8, 8, 16]},
			"faces": {
				"north": {"uv": [10.5, 14.5, 11, 3], "rotation": 180, "texture": "#egg"},
				"east": {"uv": [10.5, 3, 11, 14.5], "texture": "#egg"},
				"south": {"uv": [10.5, 3, 11, 14.5], "texture": "#egg"},
				"west": {"uv": [10.5, 3, 11, 14.5], "texture": "#egg"},
				"up": {"uv": [11, 3, 10.5, 3.5], "rotation": 180, "texture": "#egg"},
				"down": {"uv": [10.5, 14, 11, 14.5], "texture": "#egg"}
			}
		},
		{
			"name": "egg_creeper_7",
			"from": [4.5, 2, 8],
			"to": [5, 12.5, 9],
			"rotation": {"angle": 0, "axis": "x", "origin": [8, 8, 16]},
			"faces": {
				"north": {"uv": [4.5, 14, 5, 3.5], "rotation": 180, "texture": "#egg"},
				"east": {"uv": [4.5, 3.5, 5, 14], "texture": "#egg"},
				"south": {"uv": [4.5, 3.5, 5, 14], "texture": "#egg"},
				"west": {"uv": [4.5, 3.5, 5, 14], "texture": "#egg"},
				"up": {"uv": [5, 3.5, 4.5, 4], "rotation": 180, "texture": "#egg"},
				"down": {"uv": [4.5, 13.5, 5, 14], "texture": "#egg"}
			}
		},
		{
			"name": "egg_creeper_8",
			"from": [11, 2, 8],
			"to": [11.5, 12.5, 9],
			"rotation": {"angle": 0, "axis": "x", "origin": [8, 8, 16]},
			"faces": {
				"north": {"uv": [11, 14, 11.5, 3.5], "rotation": 180, "texture": "#egg"},
				"east": {"uv": [11, 3.5, 11.5, 14], "texture": "#egg"},
				"south": {"uv": [11, 3.5, 11.5, 14], "texture": "#egg"},
				"west": {"uv": [11, 3.5, 11.5, 14], "texture": "#egg"},
				"up": {"uv": [11.5, 3.5, 11, 4], "rotation": 180, "texture": "#egg"},
				"down": {"uv": [11, 13.5, 11.5, 14], "texture": "#egg"}
			}
		},
		{
			"name": "egg_creeper_9",
			"from": [4, 2.5, 8],
			"to": [4.5, 12, 9],
			"rotation": {"angle": 0, "axis": "x", "origin": [8, 8, 16]},
			"faces": {
				"north": {"uv": [4, 13.5, 4.5, 4], "rotation": 180, "texture": "#egg"},
				"east": {"uv": [4, 4, 4.5, 13.5], "texture": "#egg"},
				"south": {"uv": [4, 4, 4.5, 13.5], "texture": "#egg"},
				"west": {"uv": [4, 4, 4.5, 13.5], "texture": "#egg"},
				"up": {"uv": [4.5, 4, 4, 4.5], "rotation": 180, "texture": "#egg"},
				"down": {"uv": [4, 13, 4.5, 13.5], "texture": "#egg"}
			}
		},
		{
			"name": "egg_creeper_10",
			"from": [11.5, 2.5, 8],
			"to": [12, 12, 9],
			"rotation": {"angle": 0, "axis": "x", "origin": [8, 8, 16]},
			"faces": {
				"north": {"uv": [11.5, 13.5, 12, 4], "rotation": 180, "texture": "#egg"},
				"east": {"uv": [11.5, 4, 12, 13.5], "texture": "#egg"},
				"south": {"uv": [11.5, 4, 12, 13.5], "texture": "#egg"},
				"west": {"uv": [11.5, 4, 12, 13.5], "texture": "#egg"},
				"up": {"uv": [12, 4, 11.5, 4.5], "rotation": 180, "texture": "#egg"},
				"down": {"uv": [11.5, 13, 12, 13.5], "texture": "#egg"}
			}
		},
		{
			"name": "egg_creeper_11",
			"from": [3.5, 3, 8],
			"to": [4, 11, 9],
			"rotation": {"angle": 0, "axis": "x", "origin": [8, 8, 16]},
			"faces": {
				"north": {"uv": [3.5, 13, 4, 5], "rotation": 180, "texture": "#egg"},
				"east": {"uv": [3.5, 5, 4, 13], "texture": "#egg"},
				"south": {"uv": [3.5, 5, 4, 13], "texture": "#egg"},
				"west": {"uv": [3.5, 5, 4, 13], "texture": "#egg"},
				"up": {"uv": [4, 5, 3.5, 5.5], "rotation": 180, "texture": "#egg"},
				"down": {"uv": [3.5, 12.5, 4, 13], "texture": "#egg"}
			}
		},
		{
			"name": "egg_creeper_12",
			"from": [12, 3, 8],
			"to": [12.5, 11, 9],
			"rotation": {"angle": 0, "axis": "x", "origin": [8, 8, 16]},
			"faces": {
				"north": {"uv": [12, 13, 12.5, 5], "rotation": 180, "texture": "#egg"},
				"east": {"uv": [12, 5, 12.5, 13], "texture": "#egg"},
				"south": {"uv": [12, 5, 12.5, 13], "texture": "#egg"},
				"west": {"uv": [12, 5, 12.5, 13], "texture": "#egg"},
				"up": {"uv": [12.5, 5, 12, 5.5], "rotation": 180, "texture": "#egg"},
				"down": {"uv": [12, 12.5, 12.5, 13], "texture": "#egg"}
			}
		},
		{
			"name": "egg_creeper_13",
			"from": [3, 4, 8],
			"to": [3.5, 10, 9],
			"rotation": {"angle": 0, "axis": "x", "origin": [8, 8, 16]},
			"faces": {
				"north": {"uv": [3, 12, 3.5, 6], "rotation": 180, "texture": "#egg"},
				"east": {"uv": [3, 6, 3.5, 12], "texture": "#egg"},
				"south": {"uv": [3, 6, 3.5, 12], "texture": "#egg"},
				"west": {"uv": [3, 6, 3.5, 12], "texture": "#egg"},
				"up": {"uv": [3.5, 6, 3, 6.5], "rotation": 180, "texture": "#egg"},
				"down": {"uv": [3, 11.5, 3.5, 12], "texture": "#egg"}
			}
		},
		{
			"name": "egg_creeper_14",
			"from": [12.5, 3.5, 8],
			"to": [13, 10, 9],
			"rotation": {"angle": 0, "axis": "x", "origin": [8, 8, 16]},
			"faces": {
				"north": {"uv": [12.5, 12.5, 13, 6], "rotation": 180, "texture": "#egg"},
				"east": {"uv": [12.5, 6, 13, 12.5], "texture": "#egg"},
				"south": {"uv": [12.5, 6, 13, 12.5], "texture": "#egg"},
				"west": {"uv": [12.5, 6, 13, 12.5], "texture": "#egg"},
				"up": {"uv": [13, 6, 12.5, 6.5], "rotation": 180, "texture": "#egg"},
				"down": {"uv": [12.5, 12, 13, 12.5], "texture": "#egg"}
			}
		},
		{
			"name": "egg_creeper_15",
			"from": [2.5, 5, 8],
			"to": [3, 8.5, 9],
			"rotation": {"angle": 0, "axis": "x", "origin": [8, 8, 16]},
			"faces": {
				"north": {"uv": [2.5, 11, 3, 7.5], "rotation": 180, "texture": "#egg"},
				"east": {"uv": [2.5, 7.5, 3, 11], "texture": "#egg"},
				"south": {"uv": [2.5, 7.5, 3, 11], "texture": "#egg"},
				"west": {"uv": [2.5, 7.5, 3, 11], "texture": "#egg"},
				"up": {"uv": [3, 7.5, 2.5, 8], "rotation": 180, "texture": "#egg"},
				"down": {"uv": [2.5, 10.5, 3, 11], "texture": "#egg"}
			}
		},
		{
			"name": "egg_creeper_16",
			"from": [13, 4.5, 8],
			"to": [13.5, 8.5, 9],
			"rotation": {"angle": 0, "axis": "x", "origin": [8, 8, 16]},
			"faces": {
				"north": {"uv": [13, 11.5, 13.5, 7.5], "rotation": 180, "texture": "#egg"},
				"east": {"uv": [13, 7.5, 13.5, 11.5], "texture": "#egg"},
				"south": {"uv": [13, 7.5, 13.5, 11.5], "texture": "#egg"},
				"west": {"uv": [13, 7.5, 13.5, 11.5], "texture": "#egg"},
				"up": {"uv": [13.5, 7.5, 13, 8], "rotation": 180, "texture": "#egg"},
				"down": {"uv": [13, 11, 13.5, 11.5], "texture": "#egg"}
			}
		}
	],
	"groups": [0,
		{
			"name": "egg_creeper",
			"origin": [8, 8, 8],
			"children": [1, 2, 3, 4, 5, 6, 7, 8, 9, 10, 11, 12, 13, 14, 15, 16, 17]
		}
	]
}